datetime,market_limit_up_count,market_limit_down_count
2014-01-02,0,0
2014-01-03,13,0
2014-01-06,6,6
2014-01-07,10,3
2014-01-08,10,0
2014-01-09,8,2
2014-01-10,11,9
2014-01-13,7,10
2014-01-14,23,4
2014-01-15,11,0
2014-01-16,14,1
2014-01-17,7,4
2014-01-20,13,9
2014-01-21,25,0
2014-01-22,32,1
2014-01-23,27,0
2014-01-24,42,0
2014-01-27,16,0
2014-01-28,13,4
2014-01-29,25,3
2014-01-30,15,8
2014-02-07,47,1
2014-02-10,62,0
2014-02-11,46,1
2014-02-12,44,0
2014-02-13,17,5
2014-02-14,40,1
2014-02-17,49,0
2014-02-18,34,0
2014-02-19,32,1
2014-02-20,28,8
2014-02-21,13,3
2014-02-24,31,12
2014-02-25,18,50
2014-02-26,38,1
2014-02-27,26,12
2014-02-28,30,6
2014-03-03,49,0
2014-03-04,19,2
2014-03-05,19,4
2014-03-06,20,2
2014-03-07,19,3
2014-03-10,7,46
2014-03-11,17,4
2014-03-12,19,12
2014-03-13,23,3
2014-03-14,7,5
2014-03-17,29,0
2014-03-18,24,0
2014-03-19,25,1
2014-03-20,16,19
2014-03-21,28,2
2014-03-24,36,1
2014-03-25,24,4
2014-03-26,15,1
2014-03-27,11,12
2014-03-28,8,36
2014-03-31,4,28
2014-04-01,17,2
2014-04-02,18,3
2014-04-03,10,7
2014-04-04,18,3
2014-04-08,17,2
2014-04-09,19,1
2014-04-10,20,5
2014-04-11,12,2
2014-04-14,19,3
2014-04-15,12,2
2014-04-16,9,5
2014-04-17,8,3
2014-04-18,8,2
2014-04-21,8,11
2014-04-22,6,12
2014-04-23,10,5
2014-04-24,9,14
2014-04-25,3,23
2014-04-28,4,78
2014-04-29,21,10
2014-04-30,16,13
2014-05-05,14,3
2014-05-06,14,1
2014-05-07,9,13
2014-05-08,18,6
2014-05-09,9,6
2014-05-12,49,4
2014-05-13,9,16
2014-05-14,12,9
2014-05-15,2,13
2014-05-16,4,15
2014-05-19,2,10
2014-05-20,11,11
2014-05-21,14,11
2014-05-22,12,10
2014-05-23,13,16
2014-05-26,9,4
2014-05-27,10,11
2014-05-28,14,14
2014-05-29,7,7
2014-05-30,11,12
2014-06-03,15,4
2014-06-04,5,9
2014-06-05,15,2
2014-06-06,2,4
2014-06-09,7,9
2014-06-10,9,5
2014-06-11,9,8
2014-06-12,14,14
2014-06-13,19,3
2014-06-16,16,9
2014-06-17,8,11
2014-06-18,13,5
2014-06-19,3,37
2014-06-20,13,5
2014-06-23,22,5
2014-06-24,19,5
2014-06-25,11,5
2014-06-26,21,1
2014-06-27,36,7
2014-06-30,26,3
2014-07-01,24,3
2014-07-02,32,3
2014-07-03,31,3
2014-07-04,20,8
2014-07-07,15,3
2014-07-08,19,2
2014-07-09,15,14
2014-07-10,31,4
2014-07-11,26,2
2014-07-14,35,5
2014-07-15,23,7
2014-07-16,19,9
2014-07-17,6,7
2014-07-18,14,2
2014-07-21,15,1
2014-07-22,31,1
2014-07-23,19,0
2014-07-24,19,5
2014-07-25,19,2
2014-07-28,27,3
2014-07-29,38,2
2014-07-30,37,1
2014-07-31,21,2
2014-08-01,22,1
2014-08-04,35,1
2014-08-05,25,1
2014-08-06,19,0
2014-08-07,13,2
2014-08-08,14,1
2014-08-11,26,2
2014-08-12,19,1
2014-08-13,22,3
2014-08-14,22,3
2014-08-15,24,2
2014-08-18,34,1
2014-08-19,37,1
2014-08-20,33,1
2014-08-21,26,1
2014-08-22,27,0
2014-08-25,23,2
2014-08-26,20,7
2014-08-27,34,2
2014-08-28,13,7
2014-08-29,11,1
2014-09-01,24,1
2014-09-02,33,1
2014-09-03,25,1
2014-09-04,26,0
2014-09-05,27,0
2014-09-09,25,0
2014-09-10,33,3
2014-09-11,26,1
2014-09-12,34,2
2014-09-15,36,3
2014-09-16,16,30
2014-09-17,29,1
2014-09-18,25,0
2014-09-19,34,4
2014-09-22,20,5
2014-09-23,29,1
2014-09-24,28,0
2014-09-25,22,4
2014-09-26,15,5
2014-09-29,26,3
2014-09-30,25,2
2014-10-08,46,1
2014-10-09,29,4
2014-10-10,22,3
2014-10-13,24,1
2014-10-14,25,1
2014-10-15,30,1
2014-10-16,22,4
2014-10-17,26,4
2014-10-20,18,2
2014-10-21,11,4
2014-10-22,12,2
2014-10-23,10,8
2014-10-24,14,8
2014-10-27,10,7
2014-10-28,38,0
2014-10-29,38,2
2014-10-30,20,1
2014-10-31,15,0
2014-11-03,29,0
2014-11-04,30,1
2014-11-05,23,1
2014-11-06,29,1
2014-11-07,18,0
2014-11-10,38,2
2014-11-11,18,34
2014-11-12,45,0
2014-11-13,26,9
2014-11-14,15,11
2014-11-17,21,0
2014-11-18,19,1
2014-11-19,21,0
2014-11-20,19,0
2014-11-21,25,1
2014-11-24,29,0
2014-11-25,39,1
2014-11-26,29,1
2014-11-27,37,1
2014-11-28,41,1
2014-12-01,36,5
2014-12-02,37,0
2014-12-03,37,3
2014-12-04,72,0
2014-12-05,47,24
2014-12-08,74,9
2014-12-09,14,162
2014-12-10,95,1
2014-12-11,72,2
2014-12-12,41,4
2014-12-15,47,1
2014-12-16,45,2
2014-12-17,33,1
2014-12-18,33,2
2014-12-19,40,11
2014-12-22,25,217
2014-12-23,14,41
2014-12-24,39,1
2014-12-25,50,0
2014-12-26,34,2
2014-12-29,20,18
2014-12-30,25,18
2014-12-31,32,4
2015-01-05,81,3
2015-01-06,31,0
2015-01-07,29,1
2015-01-08,31,2
2015-01-09,10,0
2015-01-12,18,7
2015-01-13,23,0
2015-01-14,19,2
2015-01-15,15,1
2015-01-16,28,1
2015-01-19,13,152
2015-01-20,69,0
2015-01-21,43,0
2015-01-22,57,1
2015-01-23,23,3
2015-01-26,54,1
2015-01-27,48,1
2015-01-28,26,1
2015-01-29,36,0
2015-01-30,26,9
2015-02-02,26,9
2015-02-03,45,1
2015-02-04,33,0
2015-02-05,37,1
2015-02-06,14,18
2015-02-09,17,17
2015-02-10,16,2
2015-02-11,27,1
2015-02-12,23,0
2015-02-13,37,0
2015-02-16,52,1
2015-02-17,43,0
2015-02-25,38,5
2015-02-26,32,0
2015-02-27,49,0
2015-03-02,74,1
2015-03-03,51,1
2015-03-04,60,1
2015-03-05,43,1
2015-03-06,32,5
2015-03-09,34,1
2015-03-10,45,2
2015-03-11,36,2
2015-03-12,14,2
2015-03-13,27,0
2015-03-16,84,0
2015-03-17,69,1
2015-03-18,65,1
2015-03-19,49,4
2015-03-20,57,1
2015-03-23,110,2
2015-03-24,99,0
2015-03-25,96,1
2015-03-26,60,28
2015-03-27,70,1
2015-03-30,61,7
2015-03-31,44,1
2015-04-01,93,0
2015-04-02,98,0
2015-04-03,115,0
2015-04-07,105,3
2015-04-08,77,12
2015-04-09,69,11
2015-04-10,104,8
2015-04-13,137,2
2015-04-14,86,7
2015-04-15,40,65
2015-04-16,66,5
2015-04-17,65,7
2015-04-20,54,36
2015-04-21,101,9
2015-04-22,116,3
2015-04-23,96,7
2015-04-24,76,8
2015-04-27,81,8
2015-04-28,58,53
2015-04-29,115,12
2015-04-30,79,19
2015-05-04,90,13
2015-05-05,38,38
2015-05-06,27,11
2015-05-07,34,70
2015-05-08,127,13
2015-05-11,193,4
2015-05-12,158,13
2015-05-13,131,4
2015-05-14,124,11
2015-05-15,89,18
2015-05-18,165,4
2015-05-19,157,6
2015-05-20,138,15
2015-05-21,256,14
2015-05-22,194,16
2015-05-25,212,10
2015-05-26,256,11
2015-05-27,258,8
2015-05-28,55,455
2015-05-29,152,13
2015-06-01,356,14
2015-06-02,303,17
2015-06-03,188,11
2015-06-04,155,36
2015-06-05,163,8
2015-06-08,114,52
2015-06-09,90,25
2015-06-10,118,10
2015-06-11,161,10
2015-06-12,158,15
2015-06-15,83,58
2015-06-16,52,110
2015-06-17,98,9
2015-06-18,35,98
2015-06-19,24,795
2015-06-23,84,32
2015-06-24,119,15
2015-06-25,36,103
2015-06-26,19,1507
2015-06-29,31,1064
2015-06-30,224,16
2015-07-01,29,645
2015-07-02,23,1103
2015-07-03,21,1134
2015-07-06,43,695
2015-07-07,18,1351
2015-07-08,10,777
2015-07-09,1021,3
2015-07-10,1030,2
2015-07-13,1208,6
2015-07-14,647,36
2015-07-15,109,989
2015-07-16,101,36
2015-07-17,390,8
2015-07-20,238,7
2015-07-21,211,12
2015-07-22,157,9
2015-07-23,228,3
2015-07-24,78,9
2015-07-27,15,1383
2015-07-28,52,216
2015-07-29,326,4
2015-07-30,31,54
2015-07-31,62,56
2015-08-03,62,315
2015-08-04,460,12
2015-08-05,62,12
2015-08-06,60,21
2015-08-07,131,2
2015-08-10,261,0
2015-08-11,111,4
2015-08-12,59,15
2015-08-13,137,4
2015-08-14,123,6
2015-08-17,160,9
2015-08-18,19,1215
2015-08-19,147,5
2015-08-20,34,123
2015-08-21,8,256
2015-08-24,5,1649
2015-08-25,4,1512
2015-08-26,46,513
2015-08-27,216,27
2015-08-28,491,4
2015-08-31,33,198
2015-09-01,11,764
2015-09-02,23,289
2015-09-07,49,31
2015-09-08,240,19
2015-09-09,194,8
2015-09-10,36,21
2015-09-11,72,13
2015-09-14,14,1024
2015-09-15,13,548
2015-09-16,761,19
2015-09-17,20,62
2015-09-18,60,28
2015-09-21,158,19
2015-09-22,74,15
2015-09-23,43,22
2015-09-24,72,22
2015-09-25,21,93
2015-09-28,60,17
2015-09-29,31,23
2015-09-30,35,12
2015-10-08,142,6
2015-10-09,74,14
2015-10-12,164,8
2015-10-13,73,14
2015-10-14,43,10
2015-10-15,115,0
2015-10-16,95,2
2015-10-19,80,3
2015-10-20,79,9
2015-10-21,23,649
2015-10-22,172,10
2015-10-23,179,5
2015-10-26,85,16
2015-10-27,94,10
2015-10-28,32,31
2015-10-29,61,7
2015-10-30,46,9
2015-11-02,28,60
2015-11-03,48,9
2015-11-04,176,1
2015-11-05,43,4
2015-11-06,93,1
2015-11-09,109,2
2015-11-10,84,4
2015-11-11,109,2
2015-11-12,90,3
2015-11-13,38,49
2015-11-16,107,4
2015-11-17,41,4
2015-11-18,27,18
2015-11-19,97,3
2015-11-20,107,1
2015-11-23,64,14
2015-11-24,72,3
2015-11-25,96,0
2015-11-26,53,5
2015-11-27,19,262
2015-11-30,104,10
2015-12-01,54,33
2015-12-02,37,23
2015-12-03,74,1
2015-12-04,41,2
2015-12-07,69,3
2015-12-08,38,12
2015-12-09,52,9
2015-12-10,39,6
2015-12-11,31,13
2015-12-14,66,3
2015-12-15,50,4
2015-12-16,54,3
2015-12-17,97,1
2015-12-18,54,2
2015-12-21,68,3
2015-12-22,73,1
2015-12-23,54,11
2015-12-24,41,6
2015-12-25,47,0
2015-12-28,38,27
2015-12-29,48,3
2015-12-30,43,0
2015-12-31,22,9
2016-01-04,17,914
2016-01-05,61,58
2016-01-06,128,1
2016-01-07,13,949
2016-01-08,94,8
2016-01-11,18,885
2016-01-12,28,91
2016-01-13,15,147
2016-01-14,83,7
2016-01-15,11,94
2016-01-18,68,9
2016-01-19,131,9
2016-01-20,34,14
2016-01-21,11,100
2016-01-22,49,9
2016-01-25,59,10
2016-01-26,7,733
2016-01-27,39,40
2016-01-28,11,188
2016-01-29,87,5
2016-02-01,17,35
2016-02-02,83,1
2016-02-03,38,5
2016-02-04,100,2
2016-02-05,30,3
2016-02-15,53,6
2016-02-16,147,0
2016-02-17,79,0
2016-02-18,53,2
2016-02-19,29,0
2016-02-22,70,2
2016-02-23,45,1
2016-02-24,54,4
2016-02-25,11,1013
2016-02-26,51,16
2016-02-29,12,362
2016-03-01,50,6
2016-03-02,208,2
2016-03-03,44,6
2016-03-04,19,63
2016-03-07,59,1
2016-03-08,36,2
2016-03-09,13,19
2016-03-10,6,10
2016-03-11,14,10
2016-03-14,72,4
2016-03-15,16,7
2016-03-16,16,4
2016-03-17,62,4
2016-03-18,111,0
2016-03-21,91,1
2016-03-22,28,0
2016-03-23,44,1
2016-03-24,31,10
2016-03-25,35,4
2016-03-28,23,1
2016-03-29,11,15
2016-03-30,68,1
2016-03-31,40,1
2016-04-01,27,5
2016-04-05,76,1
2016-04-06,32,3
2016-04-07,19,2
2016-04-08,18,7
2016-04-11,51,2
2016-04-12,22,9
2016-04-13,39,1
2016-04-14,34,2
2016-04-15,24,6
2016-04-18,19,9
2016-04-19,26,3
2016-04-20,22,79
2016-04-21,27,11
2016-04-22,29,8
2016-04-25,18,5
2016-04-26,27,4
2016-04-27,20,9
2016-04-28,17,8
2016-04-29,17,10
2016-05-03,45,8
2016-05-04,24,6
2016-05-05,23,5
2016-05-06,10,63
2016-05-09,7,145
2016-05-10,13,26
2016-05-11,15,35
2016-05-12,16,24
2016-05-13,16,14
2016-05-16,45,10
2016-05-17,20,13
2016-05-18,10,50
2016-05-19,19,14
2016-05-20,29,12
2016-05-23,38,11
2016-05-24,15,11
2016-05-25,14,8
2016-05-26,23,11
2016-05-27,23,19
2016-05-30,14,13
2016-05-31,72,18
2016-06-01,28,8
2016-06-02,41,6
2016-06-03,35,13
2016-06-06,27,8
2016-06-07,35,14
2016-06-08,26,14
2016-06-13,11,164
2016-06-14,31,7
2016-06-15,85,10
2016-06-16,37,10
2016-06-17,30,9
2016-06-20,31,24
2016-06-21,25,11
2016-06-22,39,10
2016-06-23,25,11
2016-06-24,30,10
2016-06-27,49,6
2016-06-28,46,5
2016-06-29,27,5
2016-06-30,24,11
2016-07-01,23,4
2016-07-04,51,4
2016-07-05,41,7
2016-07-06,53,5
2016-07-07,41,6
2016-07-08,23,5
2016-07-11,28,11
2016-07-12,34,1
2016-07-13,26,0
2016-07-14,20,2
2016-07-15,24,5
2016-07-18,23,11
2016-07-19,22,5
2016-07-20,24,5
2016-07-21,24,6
2016-07-22,10,7
2016-07-25,19,5
2016-07-26,16,3
2016-07-27,14,75
2016-07-28,18,9
2016-07-29,12,5
2016-08-01,10,23
2016-08-02,21,3
2016-08-03,33,0
2016-08-04,18,1
2016-08-05,17,1
2016-08-08,24,3
2016-08-09,24,0
2016-08-10,16,1
2016-08-11,14,2
2016-08-12,23,2
2016-08-15,33,2
2016-08-16,42,3
2016-08-17,36,2
2016-08-18,30,0
2016-08-19,37,0
2016-08-22,33,10
2016-08-23,27,4
2016-08-24,31,1
2016-08-25,26,5
2016-08-26,30,0
2016-08-29,27,4
2016-08-30,17,3
2016-08-31,18,1
2016-09-01,21,2
2016-09-02,20,3
2016-09-05,26,0
2016-09-06,32,3
2016-09-07,27,1
2016-09-08,23,5
2016-09-09,29,4
2016-09-12,14,23
2016-09-13,31,5
2016-09-14,28,3
2016-09-19,26,2
2016-09-20,21,2
2016-09-21,17,3
2016-09-22,27,1
2016-09-23,21,6
2016-09-26,11,27
2016-09-27,20,11
2016-09-28,10,3
2016-09-29,19,4
2016-09-30,12,1
2016-10-10,33,0
2016-10-11,35,1
2016-10-12,24,4
2016-10-13,33,1
2016-10-14,19,0
2016-10-17,25,1
2016-10-18,28,3
2016-10-19,27,1
2016-10-20,25,2
2016-10-21,20,3
2016-10-24,29,1
2016-10-25,32,0
2016-10-26,25,3
2016-10-27,28,0
2016-10-28,21,9
2016-10-31,29,6
2016-11-01,44,3
2016-11-02,34,4
2016-11-03,45,0
2016-11-04,32,6
2016-11-07,28,3
2016-11-08,33,0
2016-11-09,42,1
2016-11-10,58,0
2016-11-11,45,1
2016-11-14,37,3
2016-11-15,35,0
2016-11-16,32,5
2016-11-17,25,2
2016-11-18,25,0
2016-11-21,42,3
2016-11-22,44,3
2016-11-23,32,4
2016-11-24,31,4
2016-11-25,24,4
2016-11-28,35,5
2016-11-29,23,10
2016-11-30,24,8
2016-12-01,38,1
2016-12-02,25,14
2016-12-05,24,22
2016-12-06,24,3
2016-12-07,36,0
2016-12-08,29,1
2016-12-09,26,4
2016-12-12,20,128
2016-12-13,40,4
2016-12-14,46,9
2016-12-15,50,4
2016-12-16,59,4
2016-12-19,47,8
2016-12-20,33,6
2016-12-21,36,3
2016-12-22,44,3
2016-12-23,18,21
2016-12-26,31,6
2016-12-27,40,0
2016-12-28,23,5
2016-12-29,21,5
2016-12-30,20,5
2017-01-03,31,0
2017-01-04,46,0
2017-01-05,37,3
2017-01-06,27,15
2017-01-09,34,3
2017-01-10,39,4
2017-01-11,28,6
2017-01-12,24,4
2017-01-13,21,15
2017-01-16,22,77
2017-01-17,38,6
2017-01-18,39,9
2017-01-19,20,10
2017-01-20,47,2
2017-01-23,38,1
2017-01-24,37,4
2017-01-25,30,10
2017-01-26,23,4
2017-02-03,26,6
2017-02-06,46,0
2017-02-07,35,2
2017-02-08,43,0
2017-02-09,44,1
2017-02-10,47,7
2017-02-13,40,1
2017-02-14,35,0
2017-02-15,36,1
2017-02-16,47,2
2017-02-17,30,9
2017-02-20,32,5
2017-02-21,37,2
2017-02-22,40,0
2017-02-23,42,3
2017-02-24,26,2
2017-02-27,21,5
2017-02-28,29,4
2017-03-01,28,4
2017-03-02,21,3
2017-03-03,17,4
2017-03-06,25,1
2017-03-07,27,0
2017-03-08,20,3
2017-03-09,18,4
2017-03-10,21,2
2017-03-13,21,2
2017-03-14,28,2
2017-03-15,28,2
2017-03-16,38,1
2017-03-17,24,3
2017-03-20,26,6
2017-03-21,33,1
2017-03-22,34,2
2017-03-23,36,2
2017-03-24,37,4
2017-03-27,33,4
2017-03-28,32,4
2017-03-29,35,11
2017-03-30,27,31
2017-03-31,26,24
2017-04-05,90,3
2017-04-06,58,3
2017-04-07,45,7
2017-04-10,54,34
2017-04-11,63,8
2017-04-12,50,34
2017-04-13,36,9
2017-04-14,18,11
2017-04-17,17,95
2017-04-18,16,38
2017-04-19,24,36
2017-04-20,18,16
2017-04-21,20,26
2017-04-24,14,74
2017-04-25,30,11
2017-04-26,37,11
2017-04-27,37,15
2017-04-28,34,17
2017-05-02,35,14
2017-05-03,39,14
2017-05-04,31,6
2017-05-05,17,17
2017-05-08,14,46
2017-05-09,19,18
2017-05-10,19,39
2017-05-11,25,33
2017-05-12,31,18
2017-05-15,35,9
2017-05-16,49,9
2017-05-17,36,6
2017-05-18,26,30
2017-05-19,27,22
2017-05-22,18,53
2017-05-23,11,97
2017-05-24,24,29
2017-05-25,26,33
2017-05-26,34,26
2017-05-31,23,15
2017-06-01,13,78
2017-06-02,36,14
2017-06-05,27,9
2017-06-06,24,15
2017-06-07,50,10
2017-06-08,32,15
2017-06-09,31,21
2017-06-12,13,20
2017-06-13,32,9
2017-06-14,31,13
2017-06-15,33,6
2017-06-16,20,15
2017-06-19,25,10
2017-06-20,19,12
2017-06-21,18,5
2017-06-22,16,11
2017-06-23,14,10
2017-06-26,28,3
2017-06-27,23,1
2017-06-28,17,5
2017-06-29,22,5
2017-06-30,20,7
2017-07-03,16,3
2017-07-04,13,5
2017-07-05,20,7
2017-07-06,20,6
2017-07-07,26,6
2017-07-10,13,12
2017-07-11,10,12
2017-07-12,18,9
2017-07-13,24,5
2017-07-14,12,14
2017-07-17,9,311
2017-07-18,32,11
2017-07-19,47,4
2017-07-20,26,4
2017-07-21,20,7
2017-07-24,23,1
2017-07-25,19,2
2017-07-26,25,0
2017-07-27,18,3
2017-07-28,20,2
2017-07-31,37,3
2017-08-01,25,2
2017-08-02,26,4
2017-08-03,31,1
2017-08-04,25,2
2017-08-07,27,3
2017-08-08,22,4
2017-08-09,26,2
2017-08-10,18,5
2017-08-11,11,27
2017-08-14,27,2
2017-08-15,21,4
2017-08-16,16,4
2017-08-17,26,1
2017-08-18,20,3
2017-08-21,28,0
2017-08-22,26,0
2017-08-23,19,0
2017-08-24,27,4
2017-08-25,38,2
2017-08-28,49,0
2017-08-29,30,2
2017-08-30,35,0
2017-08-31,39,0
2017-09-01,33,1
2017-09-04,26,5
2017-09-05,25,5
2017-09-06,24,3
2017-09-07,22,0
2017-09-08,25,2
2017-09-11,39,0
2017-09-12,23,4
2017-09-13,33,0
2017-09-14,28,1
2017-09-15,26,9
2017-09-18,24,5
2017-09-19,22,1
2017-09-20,38,4
2017-09-21,24,7
2017-09-22,29,1
2017-09-25,22,11
2017-09-26,22,12
2017-09-27,29,6
2017-09-28,21,3
2017-09-29,26,4
2017-10-09,39,4
2017-10-10,40,1
2017-10-11,28,4
2017-10-12,26,2
2017-10-13,40,0
2017-10-16,23,16
2017-10-17,25,1
2017-10-18,16,3
2017-10-19,23,6
2017-10-20,36,2
2017-10-23,33,2
2017-10-24,24,4
2017-10-25,23,1
2017-10-26,27,2
2017-10-27,21,3
2017-10-30,20,33
2017-10-31,28,2
2017-11-01,21,2
2017-11-02,17,10
2017-11-03,19,5
2017-11-06,27,7
2017-11-07,32,0
2017-11-08,38,2
2017-11-09,29,1
2017-11-10,33,0
2017-11-13,32,3
2017-11-14,24,4
2017-11-15,19,17
2017-11-16,17,12
2017-11-17,12,86
2017-11-20,27,15
2017-11-21,29,5
2017-11-22,21,4
2017-11-23,17,22
2017-11-24,22,9
2017-11-27,11,27
2017-11-28,27,3
2017-11-29,28,2
2017-11-30,14,2
2017-12-01,14,1
2017-12-04,7,47
2017-12-05,9,30
2017-12-06,22,5
2017-12-07,16,2
2017-12-08,25,3
2017-12-11,21,2
2017-12-12,9,4
2017-12-13,13,0
2017-12-14,23,0
2017-12-15,22,4
2017-12-18,13,19
2017-12-19,11,6
2017-12-20,8,1
2017-12-21,14,1
2017-12-22,17,4
2017-12-25,19,7
2017-12-26,48,3
2017-12-27,31,5
2017-12-28,30,2
2017-12-29,21,8
2018-01-02,32,4
2018-01-03,39,4
2018-01-04,32,3
2018-01-05,19,3
2018-01-08,30,2
2018-01-09,26,1
2018-01-10,30,2
2018-01-11,35,2
2018-01-12,21,5
2018-01-15,18,29
2018-01-16,42,5
2018-01-17,23,17
2018-01-18,28,3
2018-01-19,23,8
2018-01-22,21,22
2018-01-23,28,6
2018-01-24,19,4
2018-01-25,22,4
2018-01-26,16,3
2018-01-29,16,11
2018-01-30,23,11
2018-01-31,18,91
2018-02-01,10,197
2018-02-02,19,52
2018-02-05,24,52
2018-02-06,10,333
2018-02-07,25,28
2018-02-08,34,18
2018-02-09,14,91
2018-02-12,64,5
2018-02-13,26,13
2018-02-14,25,13
2018-02-22,33,7
2018-02-23,23,6
2018-02-26,44,5
2018-02-27,31,5
2018-02-28,25,11
2018-03-01,50,1
2018-03-02,23,3
2018-03-05,34,2
2018-03-06,40,1
2018-03-07,28,2
2018-03-08,45,2
2018-03-09,36,1
2018-03-12,37,0
2018-03-13,28,3
2018-03-14,8,3
2018-03-15,19,5
2018-03-16,33,2
2018-03-19,27,4
2018-03-20,43,2
2018-03-21,36,5
2018-03-22,48,3
2018-03-23,25,307
2018-03-26,35,4
2018-03-27,51,1
2018-03-28,27,13
2018-03-29,42,5
2018-03-30,39,1
2018-04-02,40,2
2018-04-03,30,6
2018-04-04,38,7
2018-04-09,47,5
2018-04-10,30,19
2018-04-11,43,2
2018-04-12,25,9
2018-04-13,19,12
2018-04-16,35,14
2018-04-17,14,32
2018-04-18,29,14
2018-04-19,20,4
2018-04-20,15,35
2018-04-23,20,26
2018-04-24,47,3
2018-04-25,32,7
2018-04-26,18,35
2018-04-27,15,29
2018-05-02,23,45
2018-05-03,34,7
2018-05-04,20,15
2018-05-07,37,7
2018-05-08,53,8
2018-05-09,27,11
2018-05-10,37,9
2018-05-11,22,17
2018-05-14,12,24
2018-05-15,35,12
2018-05-16,17,14
2018-05-17,20,21
2018-05-18,33,17
2018-05-21,38,10
2018-05-22,28,14
2018-05-23,17,22
2018-05-24,28,19
2018-05-25,28,26
2018-05-28,27,47
2018-05-29,29,43
2018-05-30,14,126
2018-05-31,53,23
2018-06-01,15,31
2018-06-04,17,35
2018-06-05,28,24
2018-06-06,29,15
2018-06-07,18,21
2018-06-08,13,22
2018-06-11,22,20
2018-06-12,24,22
2018-06-13,23,29
2018-06-14,26,37
2018-06-15,11,72
2018-06-19,9,752
2018-06-20,37,46
2018-06-21,14,86
2018-06-22,30,36
2018-06-25,36,24
2018-06-26,35,17
2018-06-27,31,21
2018-06-28,21,32
2018-06-29,60,18
2018-07-02,33,23
2018-07-03,41,20
2018-07-04,27,41
2018-07-05,18,51
2018-07-06,28,20
2018-07-09,46,18
2018-07-10,38,14
2018-07-11,20,28
2018-07-12,52,8
2018-07-13,32,14
2018-07-16,36,13
2018-07-17,41,11
2018-07-18,36,8
2018-07-19,23,14
2018-07-20,33,6
2018-07-23,39,14
2018-07-24,59,0
2018-07-25,41,1
2018-07-26,52,5
2018-07-27,40,13
2018-07-30,22,22
2018-07-31,26,13
2018-08-01,25,9
2018-08-02,27,29
2018-08-03,26,16
2018-08-06,18,51
2018-08-07,46,9
2018-08-08,26,20
2018-08-09,39,5
2018-08-10,27,3
2018-08-13,27,9
2018-08-14,22,5
2018-08-15,20,15
2018-08-16,16,11
2018-08-17,11,23
2018-08-20,23,13
2018-08-21,27,5
2018-08-22,18,13
2018-08-23,21,7
2018-08-24,18,7
2018-08-27,28,5
2018-08-28,21,9
2018-08-29,17,7
2018-08-30,11,10
2018-08-31,13,21
2018-09-03,22,7
2018-09-04,32,6
2018-09-05,23,4
2018-09-06,20,3
2018-09-07,33,2
2018-09-10,20,22
2018-09-11,17,15
2018-09-12,13,7
2018-09-13,23,8
2018-09-14,15,17
2018-09-17,14,20
2018-09-18,33,8
2018-09-19,26,4
2018-09-20,25,8
2018-09-21,21,4
2018-09-25,14,9
2018-09-26,25,9
2018-09-27,13,25
2018-09-28,20,7
2018-10-08,13,38
2018-10-09,21,9
2018-10-10,25,11
2018-10-11,10,740
2018-10-12,23,34
2018-10-15,20,20
2018-10-16,14,48
2018-10-17,24,25
2018-10-18,13,109
2018-10-19,33,14
2018-10-22,189,1
2018-10-23,44,10
2018-10-24,33,4
2018-10-25,34,9
2018-10-26,47,8
2018-10-29,21,35
2018-10-30,54,8
2018-10-31,55,5
2018-11-01,33,4
2018-11-02,58,6
2018-11-05,70,2
2018-11-06,52,12
2018-11-07,36,3
2018-11-08,53,3
2018-11-09,43,7
2018-11-12,95,1
2018-11-13,81,1
2018-11-14,45,8
2018-11-15,63,3
2018-11-16,78,4
2018-11-19,87,7
2018-11-20,25,39
2018-11-21,48,5
2018-11-22,40,6
2018-11-23,12,101
2018-11-26,21,22
2018-11-27,26,1
2018-11-28,30,3
2018-11-29,15,23
2018-11-30,20,6
2018-12-03,67,2
2018-12-04,31,1
2018-12-05,21,22
2018-12-06,18,21
2018-12-07,15,8
2018-12-10,14,12
2018-12-11,35,2
2018-12-12,19,3
2018-12-13,18,1
2018-12-14,8,20
2018-12-17,21,6
2018-12-18,11,4
2018-12-19,16,4
2018-12-20,19,10
2018-12-21,12,9
2018-12-24,23,6
2018-12-25,26,8
2018-12-26,24,5
2018-12-27,15,19
2018-12-28,16,4
2019-01-02,24,13
2019-01-03,27,17
2019-01-04,58,1
2019-01-07,64,0
2019-01-08,37,2
2019-01-09,49,0
2019-01-10,32,4
2019-01-11,43,2
2019-01-14,33,8
2019-01-15,34,5
2019-01-16,27,2
2019-01-17,26,3
2019-01-18,27,8
2019-01-21,29,3
2019-01-22,25,0
2019-01-23,34,5
2019-01-24,35,4
2019-01-25,31,17
2019-01-28,18,20
2019-01-29,18,36
2019-01-30,14,56
2019-01-31,9,99
2019-02-01,44,8
2019-02-11,60,3
2019-02-12,57,0
2019-02-13,54,1
2019-02-14,34,1
2019-02-15,38,1
2019-02-18,84,1
2019-02-19,57,0
2019-02-20,42,0
2019-02-21,53,1
2019-02-22,111,1
2019-02-25,243,0
2019-02-26,74,10
2019-02-27,65,15
2019-02-28,34,24
2019-03-01,41,0
2019-03-04,96,0
2019-03-05,148,0
2019-03-06,150,0
2019-03-07,172,0
2019-03-08,48,218
2019-03-11,208,4
2019-03-12,128,0
2019-03-13,56,44
2019-03-14,27,80
2019-03-15,80,4
2019-03-18,88,3
2019-03-19,62,2
2019-03-20,69,3
2019-03-21,80,1
2019-03-22,82,3
2019-03-25,71,9
2019-03-26,29,42
2019-03-27,76,7
2019-03-28,35,46
2019-03-29,66,2
2019-04-01,126,1
2019-04-02,72,2
2019-04-03,82,5
2019-04-04,79,1
2019-04-08,101,6
2019-04-09,61,5
2019-04-10,60,5
2019-04-11,53,13
2019-04-12,51,26
2019-04-15,27,15
2019-04-16,67,9
2019-04-17,79,4
2019-04-18,44,5
2019-04-19,52,4
2019-04-22,40,22
2019-04-23,30,47
2019-04-24,52,11
2019-04-25,16,98
2019-04-26,30,58
2019-04-29,17,233
2019-04-30,52,42
2019-05-06,18,772
2019-05-07,81,18
2019-05-08,44,34
2019-05-09,29,38
2019-05-10,97,5
2019-05-13,39,14
2019-05-14,35,14
2019-05-15,81,5
2019-05-16,57,9
2019-05-17,26,63
2019-05-20,29,56
2019-05-21,57,11
2019-05-22,24,10
2019-05-23,20,42
2019-05-24,23,25
2019-05-27,60,10
2019-05-28,48,17
2019-05-29,46,16
2019-05-30,42,30
2019-05-31,43,17
2019-06-03,26,44
2019-06-04,22,35
2019-06-05,39,25
2019-06-06,14,60
2019-06-10,46,24
2019-06-11,88,10
2019-06-12,42,19
2019-06-13,50,13
2019-06-14,12,28
2019-06-17,37,17
2019-06-18,31,18
2019-06-19,54,8
2019-06-20,49,9
2019-06-21,39,8
2019-06-24,40,7
2019-06-25,26,15
2019-06-26,19,19
2019-06-27,36,5
2019-06-28,17,21
2019-07-01,67,4
2019-07-02,22,8
2019-07-03,20,12
2019-07-04,24,15
2019-07-05,29,9
2019-07-08,13,38
2019-07-09,27,9
2019-07-10,19,12
2019-07-11,22,11
2019-07-12,23,10
2019-07-15,23,10
2019-07-16,21,2
2019-07-17,24,2
2019-07-18,13,9
2019-07-19,12,5
2019-07-22,9,53
2019-07-23,29,6
2019-07-24,29,2
2019-07-25,20,1
2019-07-26,26,3
2019-07-29,21,3
2019-07-30,25,1
2019-07-31,18,5
2019-08-01,24,3
2019-08-02,17,5
2019-08-05,25,3
2019-08-06,14,32
2019-08-07,27,13
2019-08-08,22,9
2019-08-09,15,4
2019-08-12,35,1
2019-08-13,21,3
2019-08-14,25,2
2019-08-15,26,3
2019-08-16,31,4
2019-08-19,75,3
2019-08-20,42,4
2019-08-21,31,5
2019-08-22,34,2
2019-08-23,31,3
2019-08-26,32,9
2019-08-27,44,1
2019-08-28,46,6
2019-08-29,31,0
2019-08-30,23,14
2019-09-02,51,0
2019-09-03,40,1
2019-09-04,40,0
2019-09-05,36,0
2019-09-06,30,2
2019-09-09,49,1
2019-09-10,36,0
2019-09-11,23,3
2019-09-12,29,3
2019-09-16,26,1
2019-09-17,21,3
2019-09-18,25,2
2019-09-19,38,0
2019-09-20,29,2
2019-09-23,24,6
2019-09-24,27,3
2019-09-25,26,14
2019-09-26,17,58
2019-09-27,27,10
2019-09-30,9,21
2019-10-08,19,12
2019-10-09,26,5
2019-10-10,35,2
2019-10-11,29,6
2019-10-14,51,1
2019-10-15,27,23
2019-10-16,16,10
2019-10-17,17,5
2019-10-18,18,6
2019-10-21,12,15
2019-10-22,24,4
2019-10-23,20,2
2019-10-24,19,9
2019-10-25,22,4
2019-10-28,85,7
2019-10-29,28,17
2019-10-30,15,27
2019-10-31,13,28
2019-11-01,19,6
2019-11-04,19,3
2019-11-05,10,5
2019-11-06,13,11
2019-11-07,20,1
2019-11-08,21,4
2019-11-11,13,16
2019-11-12,24,2
2019-11-13,24,10
2019-11-14,27,4
2019-11-15,13,23
2019-11-18,21,6
2019-11-19,37,1
2019-11-20,23,1
2019-11-21,15,1
2019-11-22,14,9
2019-11-25,27,21
2019-11-26,15,7
2019-11-27,14,5
2019-11-28,18,5
2019-11-29,17,4
2019-12-02,19,4
2019-12-03,16,3
2019-12-04,24,2
2019-12-05,25,2
2019-12-06,27,2
2019-12-09,18,6
2019-12-10,31,1
2019-12-11,25,2
2019-12-12,26,7
2019-12-13,25,2
2019-12-16,36,0
2019-12-17,31,0
2019-12-18,36,0
2019-12-19,34,3
2019-12-20,35,2
2019-12-23,17,22
2019-12-24,37,3
2019-12-25,24,4
2019-12-26,38,0
2019-12-27,31,7
2019-12-30,39,8
2019-12-31,40,2
2020-01-02,65,0
2020-01-03,45,2
2020-01-06,59,2
2020-01-07,59,1
2020-01-08,35,8
2020-01-09,42,2
2020-01-10,27,7
2020-01-13,52,5
2020-01-14,34,6
2020-01-15,26,6
2020-01-16,27,3
2020-01-17,28,8
2020-01-20,56,7
2020-01-21,44,17
2020-01-22,31,16
2020-01-23,21,57
2020-02-03,62,2317
2020-02-04,112,61
2020-02-05,125,1
2020-02-06,171,0
2020-02-07,115,4
2020-02-10,123,26
2020-02-11,47,32
2020-02-12,72,0
2020-02-13,40,6
2020-02-14,42,4
2020-02-17,109,0
2020-02-18,82,1
2020-02-19,73,12
2020-02-20,79,1
2020-02-21,71,0
2020-02-24,120,0
2020-02-25,110,0
2020-02-26,69,59
2020-02-27,69,22
2020-02-28,36,211
2020-03-02,170,0
2020-03-03,82,1
2020-03-04,73,5
2020-03-05,121,1
2020-03-06,83,3
2020-03-09,61,66
2020-03-10,92,20
2020-03-11,58,9
2020-03-12,40,21
2020-03-13,54,25
2020-03-16,31,124
2020-03-17,50,21
2020-03-18,33,21
2020-03-19,59,18
2020-03-20,73,10
2020-03-23,31,118
2020-03-24,59,13
2020-03-25,82,2
2020-03-26,37,9
2020-03-27,37,13
2020-03-30,31,32
2020-03-31,53,9
2020-04-01,23,21
2020-04-02,59,6
2020-04-03,53,4
2020-04-07,101,0
2020-04-08,57,2
2020-04-09,58,7
2020-04-10,27,23
2020-04-13,38,22
2020-04-14,60,1
2020-04-15,34,3
2020-04-16,49,6
2020-04-17,31,6
2020-04-20,59,1
2020-04-21,44,3
2020-04-22,80,8
2020-04-23,54,9
2020-04-24,28,48
2020-04-27,37,48
2020-04-28,25,51
2020-04-29,40,26
2020-04-30,68,21
2020-05-06,74,18
2020-05-07,45,14
2020-05-08,50,8
2020-05-11,42,5
2020-05-12,42,8
2020-05-13,52,10
2020-05-14,35,8
2020-05-15,43,11
2020-05-18,49,25
2020-05-19,61,11
2020-05-20,50,22
2020-05-21,37,26
2020-05-22,33,30
2020-05-25,36,26
2020-05-26,78,18
2020-05-27,54,11
2020-05-28,34,28
2020-05-29,55,16
2020-06-01,103,16
2020-06-02,67,19
2020-06-03,62,12
2020-06-04,61,19
2020-06-05,45,28
2020-06-08,39,28
2020-06-09,47,15
2020-06-10,31,10
2020-06-11,41,11
2020-06-12,46,17
2020-06-15,53,16
2020-06-16,45,10
2020-06-17,50,14
2020-06-18,36,21
2020-06-19,48,11
2020-06-22,39,14
2020-06-23,34,18
2020-06-24,25,18
2020-06-29,37,16
2020-06-30,63,9
2020-07-01,50,12
2020-07-02,69,3
2020-07-03,73,12
2020-07-06,165,5
2020-07-07,92,3
2020-07-08,125,5
2020-07-09,146,6
2020-07-10,95,13
2020-07-13,184,6
2020-07-14,89,14
2020-07-15,64,70
2020-07-16,20,176
2020-07-17,45,36
2020-07-20,139,4
2020-07-21,67,10
2020-07-22,55,1
2020-07-23,50,2
2020-07-24,25,88
2020-07-27,50,17
2020-07-28,52,7
2020-07-29,77,0
2020-07-30,78,2
2020-07-31,88,0
2020-08-03,181,0
2020-08-04,74,14
2020-08-05,100,1
2020-08-06,83,8
2020-08-07,59,10
2020-08-10,93,17
2020-08-11,37,23
2020-08-12,46,21
2020-08-13,63,12
2020-08-14,40,21
2020-08-17,78,5
2020-08-18,73,1
2020-08-19,51,17
2020-08-20,26,22
2020-08-21,36,6
2020-08-24,55,12
2020-08-25,48,16
2020-08-26,29,28
2020-08-27,42,14
2020-08-28,48,8
2020-08-31,54,4
2020-09-01,39,8
2020-09-02,41,7
2020-09-03,31,7
2020-09-04,35,11
2020-09-07,36,19
2020-09-08,53,11
2020-09-09,33,32
2020-09-10,19,101
2020-09-11,40,10
2020-09-14,59,7
2020-09-15,40,4
2020-09-16,26,6
2020-09-17,35,4
2020-09-18,51,2
2020-09-21,29,12
2020-09-22,25,8
2020-09-23,47,3
2020-09-24,22,14
2020-09-25,25,27
2020-09-28,17,42
2020-09-29,33,13
2020-09-30,23,5
2020-10-09,93,2
2020-10-12,83,3
2020-10-13,42,1
2020-10-14,39,7
2020-10-15,28,14
2020-10-16,25,8
2020-10-19,26,9
2020-10-20,38,0
2020-10-21,20,8
2020-10-22,20,9
2020-10-23,20,8
2020-10-26,25,6
2020-10-27,23,6
2020-10-28,30,7
2020-10-29,25,12
2020-10-30,10,32
2020-11-02,42,29
2020-11-03,50,2
2020-11-04,29,4
2020-11-05,56,2
2020-11-06,26,3
2020-11-09,61,3
2020-11-10,24,16
2020-11-11,32,12
2020-11-12,50,5
2020-11-13,26,16
2020-11-16,56,5
2020-11-17,30,10
2020-11-18,34,6
2020-11-19,41,7
2020-11-20,52,6
2020-11-23,48,3
2020-11-24,38,5
2020-11-25,34,19
2020-11-26,28,13
2020-11-27,29,8
2020-11-30,30,11
2020-12-01,44,5
2020-12-02,49,6
2020-12-03,42,13
2020-12-04,37,12
2020-12-07,36,10
2020-12-08,35,13
2020-12-09,33,18
2020-12-10,33,22
2020-12-11,21,24
2020-12-14,48,23
2020-12-15,35,16
2020-12-16,34,33
2020-12-17,55,9
2020-12-18,43,9
2020-12-21,63,9
2020-12-22,45,18
2020-12-23,57,9
2020-12-24,42,41
2020-12-25,80,17
2020-12-28,67,26
2020-12-29,68,56
2020-12-30,74,6
2020-12-31,67,7
2021-01-04,118,12
2021-01-05,89,19
2021-01-06,54,17
2021-01-07,44,60
2021-01-08,57,19
2021-01-11,45,68
2021-01-12,73,14
2021-01-13,46,27
2021-01-14,69,41
2021-01-15,80,11
2021-01-18,112,6
2021-01-19,79,7
2021-01-20,85,4
2021-01-21,82,6
2021-01-22,63,21
2021-01-25,60,31
2021-01-26,62,40
2021-01-27,73,21
2021-01-28,48,40
2021-01-29,39,48
2021-02-01,92,59
2021-02-02,78,29
2021-02-03,44,33
2021-02-04,47,36
2021-02-05,50,56
2021-02-08,62,25
2021-02-09,73,8
2021-02-10,41,16
2021-02-18,123,5
2021-02-19,118,4
2021-02-22,90,8
2021-02-23,59,6
2021-02-24,42,20
2021-02-25,47,8
2021-02-26,47,8
2021-03-01,95,4
2021-03-02,39,15
2021-03-03,85,1
2021-03-04,46,16
2021-03-05,67,10
2021-03-08,53,27
2021-03-09,37,44
2021-03-10,38,19
2021-03-11,75,0
2021-03-12,46,4
2021-03-15,43,14
2021-03-16,68,8
2021-03-17,57,3
2021-03-18,55,2
2021-03-19,57,6
2021-03-22,88,2
2021-03-23,55,35
2021-03-24,63,31
2021-03-25,47,30
2021-03-26,77,1
2021-03-29,71,5
2021-03-30,64,23
2021-03-31,85,8
2021-04-01,78,12
2021-04-02,76,6
2021-04-06,78,7
2021-04-07,98,4
2021-04-08,46,23
2021-04-09,67,9
2021-04-12,71,27
2021-04-13,59,41
2021-04-14,77,13
2021-04-15,46,33
2021-04-16,77,12
2021-04-19,90,4
2021-04-20,48,13
2021-04-21,39,17
2021-04-22,52,6
2021-04-23,46,21
2021-04-26,56,22
2021-04-27,44,38
2021-04-28,66,30
2021-04-29,49,34
2021-04-30,47,44
2021-05-06,71,19
2021-05-07,57,22
2021-05-10,101,16
2021-05-11,64,15
2021-05-12,87,9
2021-05-13,52,7
2021-05-14,85,6
2021-05-17,39,59
2021-05-18,78,23
2021-05-19,63,17
2021-05-20,52,26
2021-05-21,69,16
2021-05-24,69,15
2021-05-25,56,10
2021-05-26,62,12
2021-05-27,69,19
2021-05-28,55,16
2021-05-31,91,14
2021-06-01,75,15
2021-06-02,62,32
2021-06-03,74,28
2021-06-04,56,23
2021-06-07,74,21
2021-06-08,61,42
2021-06-09,57,22
2021-06-10,76,20
2021-06-11,65,29
2021-06-15,47,34
2021-06-16,44,46
2021-06-17,58,13
2021-06-18,62,12
2021-06-21,86,7
2021-06-22,69,8
2021-06-23,62,10
2021-06-24,68,24
2021-06-25,66,9
2021-06-28,68,15
2021-06-29,53,12
2021-06-30,60,9
2021-07-01,56,24
2021-07-02,44,11
2021-07-05,92,16
2021-07-06,50,13
2021-07-07,73,7
2021-07-08,55,17
2021-07-09,70,10
2021-07-12,90,10
2021-07-13,73,14
2021-07-14,63,24
2021-07-15,55,33
2021-07-16,45,18
2021-07-19,57,22
2021-07-20,51,9
2021-07-21,93,4
2021-07-22,67,12
2021-07-23,51,17
2021-07-26,43,47
2021-07-27,30,74
2021-07-28,40,57
2021-07-29,125,1
2021-07-30,94,19
2021-08-02,105,8
2021-08-03,66,43
2021-08-04,96,4
2021-08-05,51,9
2021-08-06,63,1
2021-08-09,91,3
2021-08-10,83,3
2021-08-11,97,6
2021-08-12,73,6
2021-08-13,73,4
2021-08-16,79,20
2021-08-17,36,36
2021-08-18,78,11
2021-08-19,50,14
2021-08-20,52,19
2021-08-23,140,6
2021-08-24,76,5
2021-08-25,88,4
2021-08-26,61,10
2021-08-27,79,16
2021-08-30,83,19
2021-08-31,85,26
2021-09-01,72,56
2021-09-02,112,1
2021-09-03,56,27
2021-09-06,88,15
2021-09-07,103,0
2021-09-08,98,0
2021-09-09,79,2
2021-09-10,57,3
2021-09-13,93,11
2021-09-14,66,8
2021-09-15,92,5
2021-09-16,53,33
2021-09-17,55,18
2021-09-22,105,5
2021-09-23,75,26
2021-09-24,40,60
2021-09-27,44,173
2021-09-28,78,20
2021-09-29,17,84
2021-09-30,85,1
2021-10-08,75,20
2021-10-11,56,31
2021-10-12,39,16
2021-10-13,61,54
2021-10-14,79,9
2021-10-15,34,36
2021-10-18,77,17
2021-10-19,68,5
2021-10-20,51,17
2021-10-21,41,4
2021-10-22,44,8
2021-10-25,70,4
2021-10-26,38,11
2021-10-27,46,19
2021-10-28,47,49
2021-10-29,77,7
2021-11-01,100,9
2021-11-02,47,22
2021-11-03,50,5
2021-11-04,101,1
2021-11-05,51,25
2021-11-08,65,7
2021-11-09,63,3
2021-11-10,49,2
2021-11-11,70,5
2021-11-12,89,1
2021-11-15,82,16
2021-11-16,63,5
2021-11-17,97,2
2021-11-18,55,10
2021-11-19,72,2
2021-11-22,87,3
2021-11-23,62,3
2021-11-24,83,5
2021-11-25,63,13
2021-11-26,56,4
2021-11-29,80,5
2021-11-30,80,3
2021-12-01,94,6
2021-12-02,60,7
2021-12-03,61,8
2021-12-06,48,11
2021-12-07,60,15
2021-12-08,85,5
2021-12-09,70,5
2021-12-10,74,1
2021-12-13,79,3
2021-12-14,93,1
2021-12-15,83,3
2021-12-16,89,1
2021-12-17,89,2
2021-12-20,102,22
2021-12-21,136,12
2021-12-22,80,14
2021-12-23,73,30
2021-12-24,50,38
2021-12-27,65,18
2021-12-28,60,11
2021-12-29,66,8
2021-12-30,93,4
2021-12-31,58,13
2022-01-04,102,20
2022-01-05,53,37
2022-01-06,92,7
2022-01-07,44,28
2022-01-10,78,10
2022-01-11,58,10
2022-01-12,95,1
2022-01-13,57,9
2022-01-14,78,13
2022-01-17,118,6
2022-01-18,44,54
2022-01-19,62,15
2022-01-20,45,22
2022-01-21,48,53
2022-01-24,53,33
2022-01-25,30,95
2022-01-26,53,31
2022-01-27,13,89
2022-01-28,66,26
2022-02-07,95,30
2022-02-08,80,6
2022-02-09,99,1
2022-02-10,55,3
2022-02-11,51,14
2022-02-14,85,13
2022-02-15,56,21
2022-02-16,74,1
2022-02-17,45,19
2022-02-18,53,4
2022-02-21,100,0
2022-02-22,50,7
2022-02-23,92,6
2022-02-24,39,50
2022-02-25,67,9
2022-02-28,46,14
2022-03-01,57,5
2022-03-02,58,1
2022-03-03,73,1
2022-03-04,44,21
2022-03-07,49,16
2022-03-08,24,70
2022-03-09,43,13
2022-03-10,91,6
2022-03-11,66,8
2022-03-14,41,34
2022-03-15,28,161
2022-03-16,142,4
2022-03-17,100,2
2022-03-18,110,3
2022-03-21,122,1
2022-03-22,77,14
2022-03-23,71,11
2022-03-24,63,12
2022-03-25,76,12
2022-03-28,63,21
2022-03-29,52,20
2022-03-30,79,2
2022-03-31,53,10
2022-04-01,69,19
2022-04-06,85,18
2022-04-07,31,34
2022-04-08,69,19
2022-04-11,56,62
2022-04-12,108,19
2022-04-13,57,62
2022-04-14,79,16
2022-04-15,40,52
2022-04-18,80,41
2022-04-19,58,22
2022-04-20,54,20
2022-04-21,31,116
2022-04-22,80,88
2022-04-25,27,717
2022-04-26,44,257
2022-04-27,156,42
2022-04-28,73,54
2022-04-29,242,8
2022-05-05,157,15
2022-05-06,87,33
2022-05-09,146,8
2022-05-10,119,13
2022-05-11,99,13
2022-05-12,81,20
2022-05-13,104,26
2022-05-16,97,19
2022-05-17,70,34
2022-05-18,107,13
2022-05-19,82,11
2022-05-20,83,19
2022-05-23,105,18
2022-05-24,46,93
2022-05-25,106,23
2022-05-26,70,27
2022-05-27,86,24
2022-05-30,96,26
2022-05-31,93,34
2022-06-01,80,23
2022-06-02,90,37
2022-06-06,84,22
2022-06-07,60,22
2022-06-08,67,32
2022-06-09,41,36
2022-06-10,97,20
2022-06-13,72,13
2022-06-14,67,11
2022-06-15,55,21
2022-06-16,65,23
2022-06-17,67,15
2022-06-20,99,17
2022-06-21,56,26
2022-06-22,73,14
2022-06-23,106,13
2022-06-24,107,6
2022-06-27,110,4
2022-06-28,127,4
2022-06-29,61,58
2022-06-30,85,28
2022-07-01,63,36
2022-07-04,89,15
2022-07-05,40,16
2022-07-06,52,19
2022-07-07,78,6
2022-07-08,67,17
2022-07-11,58,25
2022-07-12,50,19
2022-07-13,92,9
2022-07-14,67,27
2022-07-15,59,62
2022-07-18,132,2
2022-07-19,93,8
2022-07-20,90,7
2022-07-21,67,5
2022-07-22,55,8
2022-07-25,41,23
2022-07-26,71,7
2022-07-27,89,5
2022-07-28,88,5
2022-07-29,60,15
2022-08-01,87,9
2022-08-02,46,86
2022-08-03,43,28
2022-08-04,80,10
2022-08-05,67,10
2022-08-08,102,7
2022-08-09,71,1
2022-08-10,76,3
2022-08-11,71,7
2022-08-12,56,10
2022-08-15,70,7
2022-08-16,80,2
2022-08-17,68,7
2022-08-18,79,4
2022-08-19,56,20
2022-08-22,73,12
2022-08-23,73,6
2022-08-24,34,48
2022-08-25,60,30
2022-08-26,40,29
2022-08-29,65,7
2022-08-30,38,18
2022-08-31,33,66
2022-09-01,46,16
2022-09-02,69,9
2022-09-05,56,10
2022-09-06,65,2
2022-09-07,64,10
2022-09-08,45,13
2022-09-09,41,13
2022-09-13,50,12
2022-09-14,35,10
2022-09-15,30,52
2022-09-16,27,33
2022-09-19,32,28
2022-09-20,62,3
2022-09-21,43,9
2022-09-22,41,8
2022-09-23,21,27
2022-09-26,40,25
2022-09-27,80,5
2022-09-28,34,43
2022-09-29,26,29
2022-09-30,34,29
2022-10-10,33,54
2022-10-11,50,9
2022-10-12,89,0
2022-10-13,72,9
2022-10-14,101,4
2022-10-17,92,0
2022-10-18,71,2
2022-10-19,54,6
2022-10-20,55,18
2022-10-21,53,24
2022-10-24,35,34
2022-10-25,56,30
2022-10-26,83,8
2022-10-27,50,17
2022-10-28,24,105
2022-10-31,81,31
2022-11-01,90,2
2022-11-02,89,2
2022-11-03,45,6
2022-11-04,76,1
2022-11-07,70,1
2022-11-08,42,3
2022-11-09,45,3
2022-11-10,60,2
2022-11-11,64,5
2022-11-14,64,11
2022-11-15,86,4
2022-11-16,47,7
2022-11-17,63,1
2022-11-18,51,7
2022-11-21,61,11
2022-11-22,45,22
2022-11-23,48,28
2022-11-24,51,7
2022-11-25,35,13
2022-11-28,42,9
2022-11-29,99,2
2022-11-30,51,6
2022-12-01,60,4
2022-12-02,64,9
2022-12-05,56,4
2022-12-06,39,14
2022-12-07,57,5
2022-12-08,49,12
2022-12-09,43,7
2022-12-12,47,10
2022-12-13,57,6
2022-12-14,56,13
2022-12-15,33,5
2022-12-16,40,11
2022-12-19,27,31
2022-12-20,30,35
2022-12-21,30,10
2022-12-22,36,15
2022-12-23,45,18
2022-12-26,66,4
2022-12-27,48,9
2022-12-28,35,10
2022-12-29,38,10
2022-12-30,44,2
2023-01-03,105,3
2023-01-04,56,10
2023-01-05,41,9
2023-01-06,35,17
2023-01-09,45,2
2023-01-10,39,5
2023-01-11,33,3
2023-01-12,34,10
2023-01-13,32,12
2023-01-16,41,7
2023-01-17,32,8
2023-01-18,36,4
2023-01-19,31,14
2023-01-20,28,7
2023-01-30,87,1
2023-01-31,47,12
2023-02-01,74,3
2023-02-02,52,5
2023-02-03,42,5
2023-02-06,41,6
2023-02-07,40,6
2023-02-08,32,2
2023-02-09,33,4
2023-02-10,23,8
2023-02-13,46,0
2023-02-14,25,1
2023-02-15,36,1
2023-02-16,20,12
2023-02-17,28,3
2023-02-20,41,9
2023-02-21,18,2
2023-02-22,24,1
2023-02-23,24,4
2023-02-24,15,3
2023-02-27,20,0
2023-02-28,27,1
2023-03-01,30,0
2023-03-02,26,4
2023-03-03,16,6
2023-03-06,19,3
2023-03-07,20,7
2023-03-08,25,0
2023-03-09,28,2
2023-03-10,19,6
2023-03-13,32,2
2023-03-14,20,5
2023-03-15,32,0
2023-03-16,19,6
2023-03-17,32,2
2023-03-20,22,11
2023-03-21,40,5
2023-03-22,31,4
2023-03-23,23,3
2023-03-24,22,5
2023-03-27,38,6
2023-03-28,30,7
2023-03-29,18,9
2023-03-30,19,7
2023-03-31,35,1
2023-04-03,44,1
2023-04-04,24,6
2023-04-06,33,10
2023-04-07,46,2
2023-04-10,19,23
2023-04-11,31,10
2023-04-12,58,3
2023-04-13,32,2
2023-04-14,34,6
2023-04-17,39,11
2023-04-18,22,7
2023-04-19,32,8
2023-04-20,34,10
2023-04-21,11,47
2023-04-24,40,28
2023-04-25,29,61
2023-04-26,56,32
2023-04-27,37,38
2023-04-28,107,18
2023-05-04,95,19
2023-05-05,42,24
2023-05-08,58,15
2023-05-09,23,28
2023-05-10,37,19
2023-05-11,50,19
2023-05-12,26,29
2023-05-15,38,19
2023-05-16,23,45
2023-05-17,42,16
2023-05-18,46,10
2023-05-19,29,18
2023-05-22,41,9
2023-05-23,28,11
2023-05-24,44,18
2023-05-25,50,22
2023-05-26,50,34
2023-05-29,41,25
2023-05-30,45,22
2023-05-31,43,27
2023-06-01,46,21
2023-06-02,62,25
2023-06-05,53,11
2023-06-06,46,25
2023-06-07,61,22
2023-06-08,33,32
2023-06-09,69,22
2023-06-12,63,14
2023-06-13,47,14
2023-06-14,50,8
2023-06-15,41,20
2023-06-16,57,25
2023-06-19,49,13
2023-06-20,40,18
2023-06-21,40,40
2023-06-26,40,43
2023-06-27,67,7
2023-06-28,34,16
2023-06-29,59,12
2023-06-30,57,10
2023-07-03,44,15
2023-07-04,53,9
2023-07-05,26,15
2023-07-06,35,4
2023-07-07,23,19
2023-07-10,36,11
2023-07-11,38,8
2023-07-12,33,14
2023-07-13,38,11
2023-07-14,44,14
2023-07-17,30,13
2023-07-18,19,4
2023-07-19,21,4
2023-07-20,27,7
2023-07-21,31,19
2023-07-24,25,10
2023-07-25,59,1
2023-07-26,37,1
2023-07-27,29,8
2023-07-28,48,3
2023-07-31,45,2
2023-08-01,34,3
2023-08-02,27,1
2023-08-03,27,6
2023-08-04,20,3
2023-08-07,30,12
2023-08-08,33,11
2023-08-09,22,5
2023-08-10,26,8
2023-08-11,24,6
2023-08-14,30,5
2023-08-15,30,2
2023-08-16,28,0
2023-08-17,42,1
2023-08-18,32,17
2023-08-21,35,5
2023-08-22,44,7
2023-08-23,35,14
2023-08-24,36,15
2023-08-25,22,46
2023-08-28,44,7
2023-08-29,99,1
2023-08-30,39,5
2023-08-31,31,14
2023-09-01,29,1
2023-09-04,53,2
2023-09-05,21,4
2023-09-06,40,3
2023-09-07,19,10
2023-09-08,35,10
2023-09-11,32,6
2023-09-12,29,2
2023-09-13,23,0
2023-09-14,26,0
2023-09-15,36,2
2023-09-18,46,11
2023-09-19,24,10
2023-09-20,25,13
2023-09-21,23,0
2023-09-22,33,8
2023-09-25,29,14
2023-09-26,34,8
2023-09-27,40,9
2023-09-28,42,7
2023-10-09,61,17
2023-10-10,49,11
2023-10-11,38,7
2023-10-12,34,8
2023-10-13,39,3
2023-10-16,62,10
2023-10-17,29,10
2023-10-18,39,15
2023-10-19,29,25
2023-10-20,39,19
2023-10-23,36,26
2023-10-24,78,4
2023-10-25,70,4
2023-10-26,45,5
2023-10-27,79,4
2023-10-30,70,9
2023-10-31,42,14
2023-11-01,39,8
2023-11-02,31,7
2023-11-03,44,5
2023-11-06,61,3
2023-11-07,55,0
2023-11-08,52,6
2023-11-09,34,23
2023-11-10,37,16
2023-11-13,42,3
2023-11-14,41,2
2023-11-15,58,0
2023-11-16,34,5
2023-11-17,46,6
2023-11-20,62,1
2023-11-21,55,3
2023-11-22,52,10
2023-11-23,42,18
2023-11-24,34,17
2023-11-27,39,23
2023-11-28,40,13
2023-11-29,31,9
2023-11-30,31,4
2023-12-01,52,8
2023-12-04,55,4
2023-12-05,39,5
2023-12-06,40,9
2023-12-07,39,19
2023-12-08,34,18
2023-12-11,40,3
2023-12-12,48,1
2023-12-13,38,3
2023-12-14,41,13
2023-12-15,45,5
2023-12-18,37,22
2023-12-19,29,19
2023-12-20,33,15
2023-12-21,38,6
2023-12-22,20,60
2023-12-25,34,33
2023-12-26,39,14
2023-12-27,31,22
2023-12-28,66,10
2023-12-29,72,4
2024-01-02,56,4
2024-01-03,38,8
2024-01-04,40,10
2024-01-05,24,14
2024-01-08,35,21
2024-01-09,45,9
2024-01-10,36,16
2024-01-11,56,3
2024-01-12,26,6
2024-01-15,38,4
2024-01-16,32,5
2024-01-17,34,19
2024-01-18,38,12
2024-01-19,41,28
2024-01-22,17,172
2024-01-23,45,30
2024-01-24,81,3
2024-01-25,132,4
2024-01-26,59,10
2024-01-29,30,92
2024-01-30,23,105
2024-01-31,28,206
2024-02-01,31,70
2024-02-02,27,120
2024-02-05,16,1377
2024-02-06,162,149
2024-02-07,106,295
2024-02-08,585,4
2024-02-19,281,0
2024-02-20,129,0
2024-02-21,137,0
2024-02-22,100,0
2024-02-23,144,0
2024-02-26,112,1
2024-02-27,107,2
2024-02-28,31,379
2024-02-29,116,3
2024-03-01,74,5
2024-03-04,79,11
2024-03-05,51,12
2024-03-06,92,2
2024-03-07,64,13
2024-03-08,70,4
2024-03-11,91,0
2024-03-12,77,0
2024-03-13,60,1
2024-03-14,48,6
2024-03-15,76,0
2024-03-18,90,3
2024-03-19,63,5
2024-03-20,86,2
2024-03-21,70,6
2024-03-22,60,20
2024-03-25,42,47
2024-03-26,65,16
2024-03-27,43,70
2024-03-28,84,5
2024-03-29,72,10
2024-04-01,84,8
2024-04-02,62,8
2024-04-03,52,20
2024-04-08,57,58
2024-04-09,66,13
2024-04-10,30,34
2024-04-11,48,18
2024-04-12,62,14
2024-04-15,25,301
2024-04-16,20,737
2024-04-17,291,14
2024-04-18,69,13
2024-04-19,62,28
2024-04-22,58,50
2024-04-23,65,24
2024-04-24,62,10
2024-04-25,57,8
2024-04-26,73,7
2024-04-29,149,11
2024-04-30,64,34
2024-05-06,99,23
2024-05-07,60,18
2024-05-08,53,21
2024-05-09,58,18
2024-05-10,41,35
2024-05-13,32,44
2024-05-14,64,23
2024-05-15,42,11
2024-05-16,54,10
2024-05-17,90,6
2024-05-20,48,27
2024-05-21,25,30
2024-05-22,47,14
2024-05-23,26,29
2024-05-24,42,27
2024-05-27,45,32
2024-05-28,29,32
2024-05-29,31,38
2024-05-30,31,39
2024-05-31,38,18
2024-06-03,19,75
2024-06-04,33,52
2024-06-05,20,37
2024-06-06,21,156
2024-06-07,87,32
2024-06-11,39,25
2024-06-12,70,9
2024-06-13,52,15
2024-06-14,33,19
2024-06-17,32,10
2024-06-18,54,10
2024-06-19,48,8
2024-06-20,36,34
2024-06-21,40,30
2024-06-24,23,69
2024-06-25,60,29
2024-06-26,70,5
2024-06-27,35,25
2024-06-28,38,21
2024-07-01,51,16
2024-07-02,54,8
2024-07-03,46,12
2024-07-04,20,36
2024-07-05,49,9
2024-07-08,22,36
2024-07-09,57,18
2024-07-10,44,38
2024-07-11,110,4
2024-07-12,43,9
2024-07-15,36,14
2024-07-16,41,2
2024-07-17,35,11
2024-07-18,44,5
2024-07-19,51,10
2024-07-22,56,10
2024-07-23,49,10
2024-07-24,39,28
2024-07-25,50,7
2024-07-26,68,9
2024-07-29,74,2
2024-07-30,74,1
2024-07-31,95,2
2024-08-01,64,4
2024-08-02,53,11
2024-08-05,53,40
2024-08-06,70,21
2024-08-07,58,19
2024-08-08,56,21
2024-08-09,35,18
2024-08-12,35,35
2024-08-13,42,10
2024-08-14,37,5
2024-08-15,52,3
2024-08-16,42,14
2024-08-19,47,15
2024-08-20,32,14
2024-08-21,47,6
2024-08-22,33,18
2024-08-23,42,18
2024-08-26,54,10
2024-08-27,42,19
2024-08-28,45,9
2024-08-29,59,3
2024-08-30,70,0
2024-09-02,39,11
2024-09-03,61,5
2024-09-04,42,16
2024-09-05,59,3
2024-09-06,37,8
2024-09-09,56,10
2024-09-10,46,25
2024-09-11,33,24
2024-09-12,46,6
2024-09-13,46,19
2024-09-18,31,22
2024-09-19,76,5
2024-09-20,60,4
2024-09-23,63,10
2024-09-24,101,6
2024-09-25,65,6
2024-09-26,157,4
2024-09-27,160,1
2024-09-30,902,1
2024-10-08,810,3
2024-10-09,52,943
2024-10-10,85,51
2024-10-11,42,56
2024-10-14,126,5
2024-10-15,63,3
2024-10-16,94,6
2024-10-17,58,16
2024-10-18,119,0
2024-10-21,151,3
2024-10-22,121,2
2024-10-23,119,4
2024-10-24,117,6
2024-10-25,183,1
2024-10-28,274,1
2024-10-29,133,25
2024-10-30,167,11
2024-10-31,204,10
2024-11-01,106,188
2024-11-04,160,46
2024-11-05,197,1
2024-11-06,151,7
2024-11-07,207,11
2024-11-08,141,10
2024-11-11,187,20
2024-11-12,101,19
2024-11-13,81,20
2024-11-14,43,35
2024-11-15,73,55
2024-11-18,86,94
2024-11-19,101,26
2024-11-20,164,4
2024-11-21,116,8
2024-11-22,78,37
2024-11-25,166,22
2024-11-26,100,66
2024-11-27,105,26
2024-11-28,105,9
2024-11-29,136,10
2024-12-02,183,7
2024-12-03,125,8
2024-12-04,89,24
2024-12-05,140,9
2024-12-06,127,10
2024-12-09,116,28
2024-12-10,118,8
2024-12-11,158,14
2024-12-12,151,10
2024-12-13,101,20
2024-12-16,113,34
2024-12-17,32,198
2024-12-18,103,19
2024-12-19,80,25
2024-12-20,90,18
2024-12-23,31,219
2024-12-24,77,41
2024-12-25,38,72
2024-12-26,103,13
2024-12-27,77,14
2024-12-30,48,37
2024-12-31,57,34
2025-01-02,64,25
2025-01-03,50,152
2025-01-06,64,88
2025-01-07,121,11
2025-01-08,69,6
2025-01-09,92,10
2025-01-10,43,74
2025-01-13,50,40
2025-01-14,184,0
2025-01-15,77,9
2025-01-16,83,6
2025-01-17,62,19
2025-01-20,81,29
2025-01-21,50,27
2025-01-22,45,35
2025-01-23,44,31
2025-01-24,73,32
2025-01-27,46,54
2025-02-05,88,41
2025-02-06,99,0
2025-02-07,87,1
2025-02-10,153,1
2025-02-11,73,3
2025-02-12,90,0
2025-02-13,70,5
2025-02-14,81,14
2025-02-17,114,7
2025-02-18,52,36
2025-02-19,117,4
2025-02-20,103,6
2025-02-21,118,2
2025-02-24,90,17
2025-02-25,64,6
2025-02-26,103,2
2025-02-27,82,10
2025-02-28,49,63
2025-03-03,65,32
2025-03-04,82,13
2025-03-05,68,7
2025-03-06,113,4
2025-03-07,59,6
2025-03-10,87,6
2025-03-11,63,4
2025-03-12,84,3
2025-03-13,51,17
2025-03-14,86,7
2025-03-17,76,8
2025-03-18,75,9
2025-03-19,53,9
2025-03-20,70,4
2025-03-21,55,32
2025-03-24,53,76
2025-03-25,58,51
2025-03-26,91,10
2025-03-27,55,32
2025-03-28,34,39
2025-03-31,42,53
2025-04-01,68,15
2025-04-02,48,17
2025-04-03,54,32
2025-04-07,23,2973
2025-04-08,128,175
2025-04-09,126,9
2025-04-10,176,0
2025-04-11,101,11
2025-04-14,120,2
2025-04-15,71,15
2025-04-16,51,22
2025-04-17,90,12
2025-04-18,64,25
2025-04-21,111,20
2025-04-22,90,18
2025-04-23,70,32
2025-04-24,61,29
2025-04-25,72,31
2025-04-28,51,80
2025-04-29,74,57
2025-04-30,95,41
2025-05-06,141,26
2025-05-07,98,14
2025-05-08,98,8
2025-05-09,57,11
2025-05-12,87,4
2025-05-13,67,13
2025-05-14,85,7
2025-05-15,73,13
2025-05-16,68,17
2025-05-19,119,4
2025-05-20,97,14
2025-05-21,80,7
2025-05-22,51,24
2025-05-23,52,28
2025-05-26,85,8
2025-05-27,93,15
2025-05-28,74,21
2025-05-29,114,30
2025-05-30,50,32
2025-06-03,80,17
2025-06-04,84,16
2025-06-05,75,20
2025-06-06,61,26
2025-06-09,87,15
2025-06-10,59,11
2025-06-11,67,13
2025-06-12,70,12
2025-06-13,60,33
2025-06-16,73,8
2025-06-17,57,15
2025-06-18,50,17
2025-06-19,37,28
2025-06-20,51,24
2025-06-23,79,9
2025-06-24,81,22
2025-06-25,74,6
2025-06-26,72,8
2025-06-27,59,9
2025-06-30,92,6
2025-07-01,70,8
2025-07-02,62,9
2025-07-03,64,8
2025-07-04,39,14
2025-07-07,74,7
2025-07-08,74,5
2025-07-09,59,7
2025-07-10,67,16
2025-07-11,66,15
2025-07-14,70,17
2025-07-15,48,29
2025-07-16,66,9
2025-07-17,66,5
2025-07-18,50,2
2025-07-21,127,4
2025-07-22,106,9
2025-07-23,57,11
2025-07-24,78,0
2025-07-25,47,15
2025-07-28,61,13
2025-07-29,47,6
2025-07-30,55,8
2025-07-31,47,9
2025-08-01,50,8
2025-08-04,69,5
2025-08-05,68,1
2025-08-06,75,6
2025-08-07,72,8
2025-08-08,74,3
2025-08-11,84,9
2025-08-12,60,6
2025-08-13,101,4
2025-08-14,52,14
2025-08-15,103,3
2025-08-18,117,1
2025-08-19,105,8
2025-08-20,104,15
2025-08-21,56,14
2025-08-22,80,3
2025-08-25,90,7
2025-08-26,90,7
2025-08-27,51,16
2025-08-28,65,10
2025-08-29,78,13
2025-09-01,119,6
2025-09-02,52,27
2025-09-03,39,20
2025-09-04,40,46
2025-09-05,102,6
2025-09-08,85,5
2025-09-09,66,8
2025-09-10,64,3
2025-09-11,96,6
2025-09-12,74,7
2025-09-15,81,12
2025-09-16,89,5
2025-09-17,77,3
2025-09-18,63,7
2025-09-19,61,26
2025-09-22,71,14
2025-09-23,54,23
2025-09-24,86,14
2025-09-25,48,9
2025-09-26,56,23
2025-09-29,68,6
2025-09-30,63,10
2025-10-09,98,27
2025-10-10,72,15
2025-10-13,72,9
2025-10-14,45,8
2025-10-15,84,6
2025-10-16,55,8
2025-10-17,44,30
2025-10-20,95,6
2025-10-21,90,4
2025-10-22,73,7
2025-10-23,71,10
2025-10-24,71,11
2025-10-27,63,16
2025-10-28,71,8
2025-10-29,64,9
2025-10-30,61,12
2025-10-31,78,17
2025-11-03,89,10
2025-11-04,68,10
2025-11-05,82,7
2025-11-06,72,20
2025-11-07,64,10
2025-11-10,92,14
2025-11-11,81,6
2025-11-12,78,10
2025-11-13,106,1
2025-11-14,90,9
2025-11-17,100,13
2025-11-18,63,38
2025-11-19,65,34
2025-11-20,48,25
2025-11-21,32,106
2025-11-24,78,35
2025-11-25,95,7
2025-11-26,76,8
2025-11-27,63,14
2025-11-28,81,6
2025-12-01,75,8
2025-12-02,55,9
2025-12-03,54,16
2025-12-04,40,28
2025-12-05,80,11
2025-12-08,78,8
2025-12-09,54,13
2025-12-10,61,11
2025-12-11,36,31
2025-12-12,81,28
2025-12-15,64,29
2025-12-16,44,39
2025-12-17,57,27
2025-12-18,71,8
2025-12-19,84,8
