code,select_td,buy_td,t0,f1_ma20_slope,f2_close_ma20_dev,f3_mdd_5d,f4_ret_acc,f5_amt_ma20,f6_vol_20d,score,rank,sell_td,buy_open,sell_close,gross_ret,net_ret,behave,last_avail
515220.SH,2024-01-18,2024-01-19,2024-01-18,-0.7978965730193552,-0.4731587956036059,0.5335724802230086,-0.3878340162336444,-0.47115458699723617,-0.6336221459205552,-0.22183803670501245,1,2024-01-26,2.35,2.4530000000000003,0.04382978723404274,0.04382978723404274,TRADE_OK,2025-12-23
513000.SH,2024-01-25,2024-01-26,2024-01-25,0.2593573034131887,0.3226228191634211,-2.0258525813184747,0.0631946376833591,-0.43038194795253104,0.05948892039239314,0.24651422229082898,1,2024-02-02,1.344,1.3800000000000001,0.026785714285714413,0.026785714285714413,TRADE_OK,2025-12-23
513290.SH,2024-01-25,2024-01-26,2024-01-25,-0.5247205221068043,-0.5053666246002222,0.5438168764349044,-0.38257985319487997,-0.5126623266344915,-0.9317191187796938,-0.12436909401375887,2,2024-02-02,1.147,1.157,0.008718395815169977,0.008718395815169977,TRADE_OK,2025-12-23
159928.SZ,2024-03-07,2024-03-08,2024-03-07,-0.38917515333340336,0.42309467525779393,0.863384458501287,0.7419783204358309,-0.5324299528505455,-0.7439351494026708,-0.09068545716055784,1,2024-03-15,0.8380000000000001,0.867,0.034606205250596656,0.034606205250596656,TRADE_OK,2025-12-23
515170.SH,2024-03-07,2024-03-08,2024-03-07,-0.583109296347648,0.42935034399233934,0.8667640539361735,0.5717295652992435,-0.6037532201563413,-0.6191738001022361,-0.19438001890707357,2,2024-03-15,0.604,0.634,0.04966887417218557,0.04966887417218557,TRADE_OK,2025-12-23
512070.SH,2024-03-07,2024-03-08,2024-03-07,-0.7812140660933906,0.07088087582022988,0.36638705993565707,-0.16136066787230238,-0.44709927086837703,-0.7229726790073399,-0.21272412593567724,3,2024-03-15,0.604,0.599,-0.008278145695364225,-0.008278145695364225,TRADE_OK,2025-12-23
512070.SH,2024-03-14,2024-03-15,2024-03-14,-0.7144840383895646,-0.4532022274364887,0.1565991313990471,0.08666942968966973,-0.431819814660135,-0.9735491255991844,0.00018693930649466006,1,2024-03-22,0.599,0.591,-0.013355592654424098,-0.013355592654424098,TRADE_OK,2025-12-23
513520.SH,2024-03-14,2024-03-15,2024-03-14,0.46163269989041095,0.2635789097449635,0.6882717467983351,-1.022551004337196,0.8913539395282808,-0.5293079084205337,-0.041861982178529614,2,2024-03-22,1.54,1.561,0.013636363636363669,0.013636363636363669,TRADE_OK,2025-12-23
159866.SZ,2024-03-14,2024-03-15,2024-03-14,-0.38500452660191453,-0.13890371413752145,0.10292304365319441,-0.5215111353725626,-0.12666368687384275,-0.9158143133897945,-0.057533437844853624,3,2024-03-22,1.121,1.1649999999999998,0.03925066904549501,0.03925066904549501,TRADE_OK,2025-12-23
159996.SZ,2024-03-21,2024-03-22,2024-03-21,-0.2849094850461548,-0.35919297828338465,0.5636158322352188,-0.41984623707385593,-0.5856438197627896,-0.969476093375055,-0.11403973147493746,1,2024-03-29,1.105,1.1340000000000001,0.026244343891402844,0.026244343891402844,TRADE_OK,2025-12-23
510880.SH,2024-03-21,2024-03-22,2024-03-21,-1.0120582556813225,-0.4248168145050536,1.423281819784813,-0.029678620078939063,-0.1011167375094933,-1.183854619608989,-0.19570644362909187,2,2024-03-29,3.06,3.072,0.0039215686274509665,0.0039215686274509665,TRADE_OK,2025-12-23
515450.SH,2024-03-21,2024-03-22,2024-03-21,-1.0120582556813225,-0.24513372728414223,1.423281819784813,-0.13936160464463038,-0.583968917605901,-1.2822019020527742,-0.30227123827326013,3,2024-03-29,1.297,1.3099999999999998,0.010023130300693905,0.010023130300693905,TRADE_OK,2025-12-23
510500.SH,2024-03-28,2024-03-29,2024-03-28,-0.7666168725331843,-0.8568256659883655,-0.7458496404846096,1.3016138169203213,2.5588432788064663,-0.9586102097619726,0.8750187081336396,1,2024-04-03,5.295,5.459,0.030972615675165294,0.030972615675165294,TRADE_OK,2025-12-23
159915.SZ,2024-03-28,2024-03-29,2024-03-28,-0.4308814206482732,-0.8003801348213262,-0.7063474116602376,1.3449276832640333,2.538986181585352,-0.5238908449557955,0.8682499384765587,2,2024-04-03,1.756,1.79,0.019362186788154823,0.019362186788154823,TRADE_OK,2025-12-23
159667.SZ,2024-03-28,2024-03-29,2024-03-28,-0.6248155636625455,-0.6391922707735327,-2.0258525813184747,1.6947693134021324,-0.5827156791421532,-0.5141354205348725,0.6034604389706264,3,2024-04-03,0.889,0.909,0.022497187851518552,0.022497187851518552,TRADE_OK,2025-12-23
513800.SH,2024-04-02,2024-04-03,2024-04-02,-0.6435833839542406,-0.11785025782148936,0.587848030692109,0.05391174567640134,-0.5761329333054609,-1.0087091909440649,-0.12354755494037023,1,2024-04-12,1.404,1.421,0.012108262108262213,0.012108262108262213,TRADE_OK,2025-12-23
513880.SH,2024-04-02,2024-04-03,2024-04-02,-0.6852896512691382,-0.06732209166222114,0.9337645334328429,-0.09938785380002149,-0.34441726858130584,-0.8203250935664678,-0.21551569353165095,2,2024-04-12,1.4000000000000001,1.3860000000000001,-0.010000000000000009,-0.010000000000000009,TRADE_OK,2025-12-23
513000.SH,2024-04-02,2024-04-03,2024-04-02,-0.7228252918525377,-0.18172674263297156,0.5875647313992719,-0.41927525200375626,-0.551489925189698,-0.9129567825183363,-0.23507577848690808,3,2024-04-12,1.49,1.482,-0.005369127516778538,-0.005369127516778538,TRADE_OK,2025-12-23
513500.SH,2024-04-11,2024-04-12,2024-04-11,-0.8229203334082882,-0.42708794886897417,1.0276629948972495,0.0723164127862917,-0.15182341577785122,-1.144117740794322,-0.09136289227617,1,2024-04-19,1.801,1.709,-0.05108273181565792,-0.05108273181565792,TRADE_OK,2025-12-23
159655.SZ,2024-04-11,2024-04-12,2024-04-11,-0.524720522106795,-0.0622812680634038,1.2250083759948052,0.14063063058366812,-0.6117519959404454,-1.2736951871092488,-0.15193556581901513,2,2024-04-19,1.399,1.321,-0.05575411007862763,-0.05575411007862763,TRADE_OK,2025-12-23
513080.SH,2024-04-11,2024-04-12,2024-04-11,-0.8708825408204144,-0.6631208768839965,0.7144859852211491,-0.3015265422763543,-0.6117519959404454,-1.173777896349981,-0.15788269780849631,3,2024-04-19,1.62,1.594,-0.016049382716049387,-0.016049382716049387,TRADE_OK,2025-12-23
513310.SH,2024-04-18,2024-04-19,2024-04-18,-0.7269959185840266,-0.16847561897563723,-0.46256016664286165,-0.12016248488006526,-0.53657738414181,-0.6218227999264938,-0.061989500482340976,1,2024-04-26,1.232,1.244,0.009740259740259827,0.009740259740259827,TRADE_OK,2025-12-23
159755.SZ,2024-04-18,2024-04-19,2024-04-18,-1.0120582556813225,-0.3420830903112555,-0.45472649863958864,-0.20599233195509503,-0.5104953293212803,0.16659079089131298,-0.22565159721654587,2,2024-04-26,0.5780000000000001,0.5730000000000001,-0.00865051903114189,-0.00865051903114189,TRADE_OK,2025-12-23
518880.SH,2024-04-25,2024-04-26,2024-04-25,2.480320303599537,-0.08108669621956538,-0.8582559541501192,-0.7380603449442573,1.540228383651046,-0.7951661549833411,0.8396625700816667,1,2024-04-30,5.29,5.286,-0.0007561436672968158,-0.0007561436672968158,TRADE_OK,2025-12-23
159934.SZ,2024-04-25,2024-04-26,2024-04-25,2.480320303599537,-0.09144476531636217,-0.8426865419521291,-0.903930681852913,0.17290298239842875,-0.7970101002198187,0.6008845828323355,2,2024-04-30,5.231,5.227,-0.0007646721468169693,-0.0007646721468169693,TRADE_OK,2025-12-23
518800.SH,2024-04-25,2024-04-26,2024-04-25,2.480320303599537,-0.0779026248219206,-0.8335501141315765,-0.8943773196149706,-0.33524041572697777,-0.7973321558051926,0.5232202686516702,3,2024-04-30,5.223,5.22,-0.0005743825387708457,-0.0005743825387708457,TRADE_OK,2025-12-23
518880.SH,2024-04-29,2024-04-30,2024-04-29,2.2258078073104093,-0.21623745411140305,1.423281819784813,-0.45928677274436425,1.642858402794169,-0.7813218065774795,0.5358745834679448,1,2024-05-10,5.296,5.369,0.013783987915407803,0.013783987915407803,TRADE_OK,2025-12-23
159934.SZ,2024-04-29,2024-04-30,2024-04-29,2.1861868533612423,-0.2087567555490072,1.423281819784813,-0.44518576263878584,0.19554601658182166,-0.782573805611731,0.31273943183815334,2,2024-05-10,5.238,5.308,0.013363879343260665,0.013363879343260665,TRADE_OK,2025-12-23
159937.SZ,2024-04-29,2024-04-30,2024-04-29,2.3550972359865354,-0.17915941683696013,1.423281819784813,-0.4610767556199271,-0.23301681265416366,-0.7925881108711929,0.2761214303636981,3,2024-05-10,5.296,5.363,0.012651057401812826,0.012651057401812826,TRADE_OK,2025-12-23
518880.SH,2024-05-09,2024-05-10,2024-05-09,-0.3787485865046952,-0.5437459061029662,1.423281819784813,-0.34941330623254907,1.5492402690920997,-0.9496953873146685,0.09727758286128935,1,2024-05-17,5.33,5.416,0.016135084427767454,0.016135084427767454,TRADE_OK,2025-12-23
159934.SZ,2024-05-09,2024-05-10,2024-05-09,-0.40377234689360963,-0.5308805529921751,1.423281819784813,-0.4126781688912138,0.10359529032566683,-0.9726608848063658,-0.1357118669060555,2,2024-05-17,5.271,5.359,0.01669512426484543,0.01669512426484543,TRADE_OK,2025-12-23
159937.SZ,2024-05-09,2024-05-10,2024-05-09,-0.35998076621296304,-0.5431621553537448,1.4200872773756696,-0.42220123488754374,-0.23776157229531447,-0.9972354866330349,-0.174054081372732,3,2024-05-17,5.338,5.42,0.015361558636193262,0.015361558636193262,TRADE_OK,2025-12-23
159633.SZ,2024-05-23,2024-05-24,2024-05-23,0.32817264448275907,-0.37881747013983813,-0.06157512685857427,-1.3816875911814464,-0.49879291937397235,-0.8248435109675659,-0.09573651105093657,1,2024-05-31,2.179,2.1670000000000003,-0.0055071133547497375,-0.0055071133547497375,TRADE_OK,2025-12-23
159996.SZ,2024-05-23,2024-05-24,2024-05-23,-0.22443539743957136,-0.22795025038166614,0.33681489939318426,-0.38966142330822123,-0.5374978660067482,-0.793756008295611,-0.10071034015795685,2,2024-05-31,1.218,1.207,-0.009031198686371034,-0.009031198686371034,TRADE_OK,2025-12-23
159915.SZ,2024-05-23,2024-05-24,2024-05-23,0.08627629405639754,0.07412566466715084,0.9370519204931039,-1.3522196376517928,1.210966292274679,-0.6486012730966237,-0.12593017168742188,3,2024-05-31,1.804,1.772,-0.0177383592017738,-0.0177383592017738,TRADE_OK,2025-12-23
159985.SZ,2024-05-30,2024-05-31,2024-05-30,0.1509210083944513,-0.6498592203820756,-0.1672087602402209,0.32510980996691935,-0.3066830594213727,-0.9120906127837597,0.3085774937699767,1,2024-06-07,2.242,2.264,0.009812667261373642,0.009812667261373642,TRADE_OK,2025-12-23
513600.SH,2024-05-30,2024-05-31,2024-05-30,0.7056143636825493,-0.8303431969954217,-0.14588691229333814,-0.12527590679826972,-0.5021830757043201,-0.6584250850699636,0.28593850917501645,2,2024-06-07,2.1109999999999998,2.121,0.004737091425864648,0.004737091425864648,TRADE_OK,2025-12-23
513660.SH,2024-05-30,2024-05-31,2024-05-30,0.6409696493444492,-0.7788608880038889,0.07269449104045483,-0.011166377664294168,-0.4141401809537274,-0.6506408247787198,0.267360710454295,3,2024-06-07,2.201,2.208,0.003180372557928246,0.003180372557928246,TRADE_OK,2025-12-23
159865.SZ,2024-06-06,2024-06-07,2024-06-06,-0.9125888081353027,-1.41653254612426,-0.22778495025727152,-0.07114180111937397,-0.44561781755654384,-0.802057590827664,0.10336746859696236,1,2024-06-14,0.634,0.618,-0.025236593059936974,-0.025236593059936974,TRADE_OK,2025-12-23
159825.SZ,2024-06-06,2024-06-07,2024-06-06,-0.9542950754501957,-1.1126120844070626,0.0976030309518306,-0.12312676806973463,-0.6043111747458632,-0.9318784627256765,-0.014097917488729267,2,2024-06-14,0.716,0.6960000000000001,-0.027932960893854664,-0.027932960893854664,TRADE_OK,2025-12-23
515100.SH,2024-06-06,2024-06-07,2024-06-06,-1.0120582556813225,-0.7490223230810761,0.35891801797642076,0.018908110972067908,-0.5196404783968029,-1.2822019020527742,-0.025730169627756927,3,2024-06-14,1.362,1.347,-0.011013215859030923,-0.011013215859030923,TRADE_OK,2025-12-23
159707.SZ,2024-06-13,2024-06-14,2024-06-13,-0.9271860016955136,-1.41653254612426,-0.5763231967613294,-0.5780865285936587,-0.5783611073971547,0.4169687749652147,-0.15142562697935147,1,2024-06-21,0.584,0.56,-0.041095890410958735,-0.041095890410958735,TRADE_OK,2025-12-23
159980.SZ,2024-06-13,2024-06-14,2024-06-13,-1.0120582556813225,-0.9495900171279087,0.6619930994243828,-1.378315171073173,-0.396660615215465,-0.6792361598049372,-0.3925488160069494,2,2024-06-21,1.7449999999999999,1.738,-0.0040114613180515235,-0.0040114613180515235,TRADE_OK,2025-12-23
159611.SZ,2024-06-20,2024-06-21,2024-06-20,-0.6269008770282946,-0.24126766970788072,0.986806373016613,0.5595565908061316,-0.4204089523741492,-1.0007250986105432,-0.03825224080528333,1,2024-06-28,1.024,1.044,0.01953125,0.01953125,TRADE_OK,2025-12-23
159611.SZ,2024-06-27,2024-06-28,2024-06-27,-0.9459538219872041,-0.41743522015781254,1.34525296168551,-0.5994577885031103,-0.475104640888316,-1.1698517428662023,-0.34404291803053466,1,2024-07-05,1.0190000000000001,1.053,0.03336604514229613,0.03336604514229613,TRADE_OK,2025-12-23
513310.SH,2024-07-04,2024-07-05,2024-07-04,-0.20566757714785772,-0.10808691953824064,0.6843958848919774,-0.6853790013477221,-0.4270882270127296,-0.7804712657747087,-0.21164820468787962,1,2024-07-12,1.347,1.371,0.017817371937639104,0.017817371937639104,TRADE_OK,2025-12-23
515050.SH,2024-07-04,2024-07-05,2024-07-04,-0.2703122914859485,-0.029724095854740257,0.35137575011563926,-1.125291485710618,-0.520530393331862,-0.276115993128578,-0.36403066360894076,2,2024-07-12,0.995,1.048,0.05326633165829153,0.05326633165829153,TRADE_OK,2025-12-23
515880.SH,2024-07-04,2024-07-05,2024-07-04,-0.44130798747700917,-0.28668844839060037,0.001875367791932241,-1.4567898666840018,-0.3673594159031632,-0.1183555554200668,-0.3742481878148664,3,2024-07-12,1.157,1.204,0.04062229904926529,0.04062229904926529,TRADE_OK,2025-12-23
159941.SZ,2024-07-18,2024-07-19,2024-07-18,-0.5622561626902037,-0.09603728529686203,0.09359227614231312,1.1989723399358936,1.238409344683947,-0.6761486193668856,0.41489368142994526,1,2024-07-26,1.108,1.062,-0.041516245487364656,-0.041516245487364656,TRADE_OK,2025-12-23
513300.SH,2024-07-25,2024-07-26,2024-07-25,-0.8604559739916877,-1.41653254612426,-1.1318002794647868,0.0026430996907437668,0.5117407604679222,-0.1535965404033218,0.3104879441088547,1,2024-08-02,1.795,1.785,-0.005571030640668551,-0.005571030640668551,TRADE_OK,2025-12-23
513520.SH,2024-07-25,2024-07-26,2024-07-25,-0.3287010657268107,-1.41653254612426,-0.6292265990272301,-0.8559164084324755,0.23471867403250402,-0.16066386487195627,0.12924775777653527,2,2024-08-02,1.42,1.409,-0.007746478873239315,-0.007746478873239315,TRADE_OK,2025-12-23
513000.SH,2024-07-25,2024-07-26,2024-07-25,-0.5476589691299975,-1.2639203630952085,-0.4258971456114779,-0.7878550078691312,-0.5552931385935787,-0.686202440075835,0.006006226128515646,3,2024-08-02,1.3860000000000001,1.3439999999999999,-0.030303030303030498,-0.030303030303030498,TRADE_OK,2025-12-23
512200.SH,2024-08-29,2024-08-30,2024-08-29,2.480320303599537,2.3735233609356525,-0.6127035476192478,0.3766096682827826,-0.48602429928917656,1.966506011781328,-0.06061652428157244,1,2024-09-06,1.113,1.147,0.03054806828391743,0.03054806828391743,TRADE_OK,2025-12-23
512200.SH,2024-09-12,2024-09-13,2024-09-12,0.004949072792342175,-0.3486266869198973,0.7975663217754393,0.8855525226556255,-0.5044819156673459,-0.43373529566239133,0.10014738086051904,1,2024-09-20,1.133,1.2169999999999999,0.07413945278022926,0.07413945278022926,TRADE_OK,2025-12-23
159687.SZ,2024-10-10,2024-10-11,2024-10-10,-0.7770434393619018,0.7487560820541973,0.8682056995412621,0.400821477069502,-0.6117519959404454,-0.9201913696386435,-0.2715227536430691,1,2024-10-18,1.278,1.28,0.0015649452269170805,0.0015649452269170805,TRADE_OK,2025-12-23
510050.SH,2024-10-17,2024-10-18,2024-10-17,2.480320303599537,1.4193701754252683,-0.6686446106469726,1.0692412540113232,3.114313068765043,0.7084434650858099,0.9581839173573127,1,2024-10-25,2.715,2.793,0.02872928176795586,0.02872928176795586,TRADE_OK,2025-12-23
513050.SH,2024-10-17,2024-10-18,2024-10-17,1.381255894183805,1.5605821183348967,-1.6070998044023908,1.4746030391942493,3.114313068765043,0.8510205858888853,0.9176433120171585,2,2024-10-25,1.2,1.218,0.015000000000000124,0.015000000000000124,TRADE_OK,2025-12-23
159605.SZ,2024-10-17,2024-10-18,2024-10-17,1.2352839585816773,1.7115593468362464,-1.9103181948191432,1.3999962007976405,2.527784276492768,0.9566456416417926,0.7925406543009443,3,2024-10-25,0.928,0.9470000000000001,0.020474137931034475,0.020474137931034475,TRADE_OK,2025-12-23
513050.SH,2024-10-24,2024-10-25,2024-10-24,1.3458055669661453,0.26962694251519803,0.37623370689155206,-1.9345490383649468,3.114313068765043,0.9231267197603535,0.11405016065993057,1,2024-11-01,1.2189999999999999,1.218,-0.0008203445447086954,-0.0008203445447086954,TRADE_OK,2025-12-23
159605.SZ,2024-10-24,2024-10-25,2024-10-24,0.9996435482525398,0.3802539305438768,0.2683173044586124,-1.9345490383649468,3.087031609290067,1.0752622790601234,0.01749861626163668,2,2024-11-01,0.9460000000000001,0.9500000000000001,0.0042283298097252064,0.0042283298097252064,TRADE_OK,2025-12-23
515180.SH,2024-10-24,2024-10-25,2024-10-24,0.24684542321872222,-0.6605046496172391,1.423281819784813,0.3598948113556744,-0.3965927460995976,0.657254368084859,-0.15114559573792524,3,2024-11-01,1.337,1.326,-0.008227374719521285,-0.008227374719521285,TRADE_OK,2025-12-23
510050.SH,2024-10-31,2024-11-01,2024-10-31,2.448936337445085,-0.5786569857106495,0.6787533510469328,-0.13708922005970714,3.114313068765043,0.45747032252730296,0.8458813806122941,1,2024-11-08,2.735,2.8819999999999997,0.053747714808043856,0.053747714808043856,TRADE_OK,2025-12-23
510310.SH,2024-10-31,2024-11-01,2024-10-31,2.480320303599537,-0.6641749114187256,0.7440689861917258,-0.4664723977144514,3.114313068765043,1.080764044174307,0.6958178236496775,2,2024-11-08,3.811,4.024,0.0558908422986093,0.0558908422986093,TRADE_OK,2025-12-23
588200.SH,2024-10-31,2024-11-01,2024-10-31,2.480320303599537,1.3257437487928132,-0.0031108393414051414,1.0540810154480031,3.114313068765043,1.966506011781328,0.6806563859393542,3,2024-11-08,1.365,1.4809999999999999,0.0849816849816849,0.0849816849816849,TRADE_OK,2025-12-23
518880.SH,2024-11-14,2024-11-15,2024-11-14,-1.0120582556813225,-1.41653254612426,-0.5061500898567118,-1.6590286737083912,2.731102746039467,-1.070417646505112,0.3244130684008898,1,2024-11-22,5.710999999999999,6.010000000000001,0.05235510418490663,0.05235510418490663,TRADE_OK,2025-12-23
159934.SZ,2024-11-14,2024-11-15,2024-11-14,-1.0120582556813225,-1.41653254612426,-0.4992663386032569,-1.7343007334127458,0.3302104929755074,-1.0525630034363451,-0.054485940647908265,2,2024-11-22,5.648,5.952,0.053824362606232246,0.053824362606232246,TRADE_OK,2025-12-23
518800.SH,2024-11-14,2024-11-15,2024-11-14,-1.0120582556813225,-1.4151763794534167,-0.490104444377039,-1.6655788281503976,-0.41006743160946063,-1.0722207246628281,-0.15041229923377056,3,2024-11-22,5.638,5.942,0.053919829726853497,0.053919829726853497,TRADE_OK,2025-12-23
159941.SZ,2024-11-21,2024-11-22,2024-11-21,-0.5893652364448858,0.28251647953433257,1.3990755557926047,-0.1728948603140233,1.0326092427960243,-0.877159712155104,-0.11822548140815317,1,2024-11-29,1.145,1.154,0.007860262008733576,0.007860262008733576,TRADE_OK,2025-12-23
513360.SH,2024-11-21,2024-11-22,2024-11-21,-1.0120582556813225,-0.6861192832372416,-0.9429934496858061,-1.3606693353085166,-0.20186731280519588,-0.0993783151801325,-0.2455519579032702,2,2024-11-29,0.522,0.52,-0.003831417624521105,-0.003831417624521105,TRADE_OK,2025-12-23
159632.SZ,2024-11-21,2024-11-22,2024-11-21,-0.3808338998704257,0.23647084075182118,1.3846664470436396,-0.15424346689198987,-0.43868368418684267,-0.899701790977896,-0.28103335050314426,3,2024-11-29,1.722,1.727,0.0029036004645761615,0.0029036004645761615,TRADE_OK,2025-12-23
159755.SZ,2024-11-28,2024-11-29,2024-11-28,-0.758275619070202,-1.0269527007666825,-0.5014104179524839,-0.2593547325848863,-0.34102817022429616,0.2982478581825894,-0.07016300678417556,1,2024-12-06,0.679,0.6960000000000001,0.025036818851251752,0.025036818851251752,TRADE_OK,2025-12-23
159840.SZ,2024-11-28,2024-11-29,2024-11-28,-0.808323139848068,-1.050120680046091,-0.5458354379437751,-0.43694563201187403,-0.5458235761357013,0.44589132094159706,-0.15841757123510328,2,2024-12-06,0.545,0.557,0.022018348623853212,0.022018348623853212,TRADE_OK,2025-12-23
588010.SH,2024-11-28,2024-11-29,2024-11-28,-0.8124937665795569,-1.0414482867001194,0.042142767823318716,0.09403003341035611,-0.6117519959404454,0.7884881028333854,-0.20383293361839466,3,2024-12-06,0.603,0.621,0.029850746268656803,0.029850746268656803,TRADE_OK,2025-12-23
162411.SZ,2024-12-05,2024-12-06,2024-12-05,-0.35163951274999,-0.7329592782040996,-0.6725290134744911,-1.31424800643232,-0.6117519959404454,-0.7865569390533286,-0.09613351861774094,1,2024-12-13,0.774,0.769,-0.006459948320413411,-0.006459948320413411,TRADE_OK,2025-12-23
159840.SZ,2024-12-05,2024-12-06,2024-12-05,-0.9584657021816891,-1.0380804494817433,0.10475832729281313,-0.8589033873890723,-0.5550527155487044,0.33691118366031386,-0.3572700844671655,2,2024-12-13,0.547,0.543,-0.007312614259597838,-0.007312614259597838,TRADE_OK,2025-12-23
159755.SZ,2024-12-05,2024-12-06,2024-12-05,-0.9501244487187068,-1.0254942476579085,0.19258043488444498,-1.1810153179065168,-0.3506791797381388,0.1415318451159351,-0.3751225351371363,3,2024-12-13,0.685,0.677,-0.011678832116788329,-0.011678832116788329,TRADE_OK,2025-12-23
159851.SZ,2024-12-19,2024-12-20,2024-12-19,-0.45590518103723393,-0.35902462910843885,-0.4123360091820653,1.6947693134021324,0.36679563613777577,0.27501664453816943,0.3772437709564963,1,2024-12-27,1.544,1.5050000000000001,-0.025259067357512932,-0.025259067357512932,TRADE_OK,2025-12-23
516100.SH,2024-12-19,2024-12-20,2024-12-19,-0.5893652364448951,-0.44329887424116365,-0.5456633813210328,1.5099446485861987,-0.5976618372565183,0.20967203332622258,0.21136014017517907,2,2024-12-27,1.244,1.221,-0.018488745980707377,-0.018488745980707377,TRADE_OK,2025-12-23
516860.SH,2024-12-19,2024-12-20,2024-12-19,-0.585194609713397,-0.3995144183131066,-0.20213299037801735,1.6531211714445866,-0.430683704991537,0.29235626992338015,0.19537642741266897,3,2024-12-27,1.313,1.2870000000000001,-0.019801980198019598,-0.019801980198019598,TRADE_OK,2025-12-23
510500.SH,2024-12-26,2024-12-27,2024-12-26,0.28229575043637267,-0.2005992044538834,0.910712292724265,0.37549362074749654,3.114313068765043,-1.0326553846894853,0.6470861790143958,1,2025-01-03,5.9670000000000005,5.523000000000001,-0.07440925087983907,-0.07440925087983907,TRADE_OK,2025-12-23
512100.SH,2024-12-26,2024-12-27,2024-12-26,-0.5268058354725348,-0.4703281713894427,0.11565990680689849,0.23503698112401633,3.114313068765043,-0.725778763925929,0.5708602437213237,2,2025-01-03,2.5029999999999997,2.29,-0.08509788254095074,-0.08509788254095074,TRADE_OK,2025-12-23
159851.SZ,2024-12-26,2024-12-27,2024-12-26,-0.6540099507829673,-1.41653254612426,-1.4545290286747306,0.4766195012158305,0.371314224275254,0.09304485432262131,0.4369215517993161,3,2025-01-03,1.483,1.294,-0.12744436952124072,-0.12744436952124072,TRADE_OK,2025-12-23
562500.SH,2024-12-30,2025-01-03,2025-01-02,-1.0120582556813225,-1.41653254612426,-2.0258525813184747,-0.6230896949865743,0.02368561392357961,-0.25817666917936855,0.23160752144827304,1,2025-01-10,0.763,0.761,-0.002621231979030192,-0.002621231979030192,TRADE_OK,2025-12-23
159819.SZ,2024-12-30,2025-01-03,2025-01-02,-0.7415931121442421,-1.41653254612426,-2.0258525813184747,-1.3315742552270493,0.08486001167939848,-0.29943442850772023,0.15936846167021973,2,2025-01-10,0.875,0.852,-0.026285714285714357,-0.026285714285714357,TRADE_OK,2025-12-23
159770.SZ,2024-12-30,2025-01-03,2025-01-02,-1.010598536325295,-1.41653254612426,-2.0258525813184747,-0.7216974315998078,-0.49223597511165584,-0.23662224209416216,0.13155651557876555,3,2025-01-10,0.789,0.788,-0.0012674271229404788,-0.0012674271229404788,TRADE_OK,2025-12-23
