code,select_td,buy_td,sell_td,buy_open,sell_close,gross_ret,net_ret,behave,last_avail
515220.SH,2024-01-18,2024-01-19,2024-01-26,2.35,2.4530000000000003,0.04382978723404274,0.04382978723404274,TRADE_OK,2025-12-23
513000.SH,2024-01-25,2024-01-26,2024-02-02,1.344,1.3800000000000001,0.026785714285714413,0.026785714285714413,TRADE_OK,2025-12-23
513290.SH,2024-01-25,2024-01-26,2024-02-02,1.147,1.157,0.008718395815169977,0.008718395815169977,TRADE_OK,2025-12-23
159928.SZ,2024-03-07,2024-03-08,2024-03-15,0.8380000000000001,0.867,0.034606205250596656,0.034606205250596656,TRADE_OK,2025-12-23
159941.SZ,2024-03-07,2024-03-08,2024-03-15,1.0070000000000001,0.99,-0.01688182720953335,-0.01688182720953335,TRADE_OK,2025-12-23
510900.SH,2024-03-07,2024-03-08,2024-03-15,0.706,0.73,0.03399433427762033,0.03399433427762033,TRADE_OK,2025-12-23
512070.SH,2024-03-07,2024-03-08,2024-03-15,0.604,0.599,-0.008278145695364225,-0.008278145695364225,TRADE_OK,2025-12-23
515170.SH,2024-03-07,2024-03-08,2024-03-15,0.604,0.634,0.04966887417218557,0.04966887417218557,TRADE_OK,2025-12-23
159866.SZ,2024-03-14,2024-03-15,2024-03-22,1.121,1.1649999999999998,0.03925066904549501,0.03925066904549501,TRADE_OK,2025-12-23
512070.SH,2024-03-14,2024-03-15,2024-03-22,0.599,0.591,-0.013355592654424098,-0.013355592654424098,TRADE_OK,2025-12-23
513520.SH,2024-03-14,2024-03-15,2024-03-22,1.54,1.561,0.013636363636363669,0.013636363636363669,TRADE_OK,2025-12-23
515070.SH,2024-03-14,2024-03-15,2024-03-22,0.972,0.996,0.024691358024691468,0.024691358024691468,TRADE_OK,2025-12-23
159611.SZ,2024-03-21,2024-03-22,2024-03-29,0.9530000000000001,0.9710000000000001,0.018887722980063026,0.018887722980063026,TRADE_OK,2025-12-23
159996.SZ,2024-03-21,2024-03-22,2024-03-29,1.105,1.1340000000000001,0.026244343891402844,0.026244343891402844,TRADE_OK,2025-12-23
510880.SH,2024-03-21,2024-03-22,2024-03-29,3.06,3.072,0.0039215686274509665,0.0039215686274509665,TRADE_OK,2025-12-23
515100.SH,2024-03-21,2024-03-22,2024-03-29,1.326,1.321,-0.0037707390648568095,-0.0037707390648568095,TRADE_OK,2025-12-23
515450.SH,2024-03-21,2024-03-22,2024-03-29,1.297,1.3099999999999998,0.010023130300693905,0.010023130300693905,TRADE_OK,2025-12-23
159667.SZ,2024-03-28,2024-03-29,2024-04-03,0.889,0.909,0.022497187851518552,0.022497187851518552,TRADE_OK,2025-12-23
159682.SZ,2024-03-28,2024-03-29,2024-04-03,0.744,0.756,0.016129032258064502,0.016129032258064502,TRADE_OK,2025-12-23
159781.SZ,2024-03-28,2024-03-29,2024-04-03,0.466,0.46900000000000003,0.006437768240343367,0.006437768240343367,TRADE_OK,2025-12-23
159783.SZ,2024-03-28,2024-03-29,2024-04-03,0.47400000000000003,0.47400000000000003,0.0,0.0,TRADE_OK,2025-12-23
159901.SZ,2024-03-28,2024-03-29,2024-04-03,2.444,2.493,0.02004909983633385,0.02004909983633385,TRADE_OK,2025-12-23
159915.SZ,2024-03-28,2024-03-29,2024-04-03,1.756,1.79,0.019362186788154823,0.019362186788154823,TRADE_OK,2025-12-23
159919.SZ,2024-03-28,2024-03-29,2024-04-03,3.645,3.699,0.014814814814814836,0.014814814814814836,TRADE_OK,2025-12-23
159922.SZ,2024-03-28,2024-03-29,2024-04-03,5.404000000000001,5.575,0.03164322723908208,0.03164322723908208,TRADE_OK,2025-12-23
159928.SZ,2024-03-28,2024-03-29,2024-04-03,0.86,0.88,0.023255813953488413,0.023255813953488413,TRADE_OK,2025-12-23
159949.SZ,2024-03-28,2024-03-29,2024-04-03,0.768,0.782,0.01822916666666674,0.01822916666666674,TRADE_OK,2025-12-23
159967.SZ,2024-03-28,2024-03-29,2024-04-03,0.41000000000000003,0.41500000000000004,0.012195121951219523,0.012195121951219523,TRADE_OK,2025-12-23
159977.SZ,2024-03-28,2024-03-29,2024-04-03,1.837,1.877,0.021774632553075657,0.021774632553075657,TRADE_OK,2025-12-23
510180.SH,2024-03-28,2024-03-29,2024-04-03,3.291,3.332,0.012458219386204838,0.012458219386204838,TRADE_OK,2025-12-23
510210.SH,2024-03-28,2024-03-29,2024-04-03,0.735,0.752,0.023129251700680253,0.023129251700680253,TRADE_OK,2025-12-23
510300.SH,2024-03-28,2024-03-29,2024-04-03,3.5069999999999997,3.558,0.01454234388366138,0.01454234388366138,TRADE_OK,2025-12-23
510310.SH,2024-03-28,2024-03-29,2024-04-03,1.715,1.7389999999999999,0.013994169096209763,0.013994169096209763,TRADE_OK,2025-12-23
510330.SH,2024-03-28,2024-03-29,2024-04-03,3.589,3.6399999999999997,0.014210086375034736,0.014210086375034736,TRADE_OK,2025-12-23
510360.SH,2024-03-28,2024-03-29,2024-04-03,1.2770000000000001,1.293,0.012529365700861161,0.012529365700861161,TRADE_OK,2025-12-23
510500.SH,2024-03-28,2024-03-29,2024-04-03,5.295,5.459,0.030972615675165294,0.030972615675165294,TRADE_OK,2025-12-23
510510.SH,2024-03-28,2024-03-29,2024-04-03,1.603,1.6500000000000001,0.029320024953212842,0.029320024953212842,TRADE_OK,2025-12-23
512500.SH,2024-03-28,2024-03-29,2024-04-03,2.807,2.896,0.031706448165301104,0.031706448165301104,TRADE_OK,2025-12-23
512690.SH,2024-03-28,2024-03-29,2024-04-03,0.6900000000000001,0.7060000000000001,0.023188405797101463,0.023188405797101463,TRADE_OK,2025-12-23
515170.SH,2024-03-28,2024-03-29,2024-04-03,0.62,0.633,0.020967741935483897,0.020967741935483897,TRADE_OK,2025-12-23
515380.SH,2024-03-28,2024-03-29,2024-04-03,3.826,3.89,0.016727652901202372,0.016727652901202372,TRADE_OK,2025-12-23
515800.SH,2024-03-28,2024-03-29,2024-04-03,0.895,0.905,0.011173184357541999,0.011173184357541999,TRADE_OK,2025-12-23
560050.SH,2024-03-28,2024-03-29,2024-04-03,0.724,0.731,0.009668508287292932,0.009668508287292932,TRADE_OK,2025-12-23
561300.SH,2024-03-28,2024-03-29,2024-04-03,0.707,0.719,0.016973125884016893,0.016973125884016893,TRADE_OK,2025-12-23
562000.SH,2024-03-28,2024-03-29,2024-04-03,0.836,0.853,0.020334928229664984,0.020334928229664984,TRADE_OK,2025-12-23
562500.SH,2024-03-28,2024-03-29,2024-04-03,0.715,0.7040000000000001,-0.015384615384615219,-0.015384615384615219,TRADE_OK,2025-12-23
159925.SZ,2024-03-28,2024-03-29,2024-04-03,3.524,3.567,0.012202043132803597,0.012202043132803597,TRADE_OK,2025-12-23
159952.SZ,2024-03-28,2024-03-29,2024-04-03,1.0719999999999998,1.089,0.01585820895522394,0.01585820895522394,TRADE_OK,2025-12-23
164824.SZ,2024-04-02,2024-04-03,2024-04-12,1.598,1.601,0.001877346683354153,0.001877346683354153,TRADE_OK,2025-12-23
512660.SH,2024-04-02,2024-04-03,2024-04-12,0.894,0.847,-0.05257270693512306,-0.05257270693512306,TRADE_OK,2025-12-23
512710.SH,2024-04-02,2024-04-03,2024-04-12,0.529,0.5,-0.05482041587901709,-0.05482041587901709,TRADE_OK,2025-12-23
512810.SH,2024-04-02,2024-04-03,2024-04-12,1.028,0.973,-0.05350194552529186,-0.05350194552529186,TRADE_OK,2025-12-23
513000.SH,2024-04-02,2024-04-03,2024-04-12,1.49,1.482,-0.005369127516778538,-0.005369127516778538,TRADE_OK,2025-12-23
513800.SH,2024-04-02,2024-04-03,2024-04-12,1.404,1.421,0.012108262108262213,0.012108262108262213,TRADE_OK,2025-12-23
513880.SH,2024-04-02,2024-04-03,2024-04-12,1.4000000000000001,1.3860000000000001,-0.010000000000000009,-0.010000000000000009,TRADE_OK,2025-12-23
159655.SZ,2024-04-11,2024-04-12,2024-04-19,1.399,1.321,-0.05575411007862763,-0.05575411007862763,TRADE_OK,2025-12-23
159985.SZ,2024-04-11,2024-04-12,2024-04-19,2.121,2.163,0.01980198019801982,0.01980198019801982,TRADE_OK,2025-12-23
513500.SH,2024-04-11,2024-04-12,2024-04-19,1.801,1.709,-0.05108273181565792,-0.05108273181565792,TRADE_OK,2025-12-23
513080.SH,2024-04-11,2024-04-12,2024-04-19,1.62,1.594,-0.016049382716049387,-0.016049382716049387,TRADE_OK,2025-12-23
159755.SZ,2024-04-18,2024-04-19,2024-04-26,0.5780000000000001,0.5730000000000001,-0.00865051903114189,-0.00865051903114189,TRADE_OK,2025-12-23
513310.SH,2024-04-18,2024-04-19,2024-04-26,1.232,1.244,0.009740259740259827,0.009740259740259827,TRADE_OK,2025-12-23
159611.SZ,2024-04-25,2024-04-26,2024-04-30,0.98,0.987,0.0071428571428571175,0.0071428571428571175,TRADE_OK,2025-12-23
159934.SZ,2024-04-25,2024-04-26,2024-04-30,5.231,5.227,-0.0007646721468169693,-0.0007646721468169693,TRADE_OK,2025-12-23
159937.SZ,2024-04-25,2024-04-26,2024-04-30,5.287,5.285,-0.000378286362776592,-0.000378286362776592,TRADE_OK,2025-12-23
512400.SH,2024-04-25,2024-04-26,2024-04-30,1.059,1.069,0.009442870632672351,0.009442870632672351,TRADE_OK,2025-12-23
518800.SH,2024-04-25,2024-04-26,2024-04-30,5.223,5.22,-0.0005743825387708457,-0.0005743825387708457,TRADE_OK,2025-12-23
518880.SH,2024-04-25,2024-04-26,2024-04-30,5.29,5.286,-0.0007561436672968158,-0.0007561436672968158,TRADE_OK,2025-12-23
159934.SZ,2024-04-29,2024-04-30,2024-05-10,5.238,5.308,0.013363879343260665,0.013363879343260665,TRADE_OK,2025-12-23
159937.SZ,2024-04-29,2024-04-30,2024-05-10,5.296,5.363,0.012651057401812826,0.012651057401812826,TRADE_OK,2025-12-23
512400.SH,2024-04-29,2024-04-30,2024-05-10,1.079,1.111,0.029657089898053712,0.029657089898053712,TRADE_OK,2025-12-23
512890.SH,2024-04-29,2024-04-30,2024-05-10,1.03,1.0659999999999998,0.03495145631067942,0.03495145631067942,TRADE_OK,2025-12-23
515450.SH,2024-04-29,2024-04-30,2024-05-10,1.333,1.3739999999999999,0.030757689422355572,0.030757689422355572,TRADE_OK,2025-12-23
515900.SH,2024-04-29,2024-04-30,2024-05-10,1.4020000000000001,1.4060000000000001,0.0028530670470756636,0.0028530670470756636,TRADE_OK,2025-12-23
517180.SH,2024-04-29,2024-04-30,2024-05-10,1.515,1.542,0.017821782178217838,0.017821782178217838,TRADE_OK,2025-12-23
518800.SH,2024-04-29,2024-04-30,2024-05-10,5.234,5.305,0.013565150936186487,0.013565150936186487,TRADE_OK,2025-12-23
518880.SH,2024-04-29,2024-04-30,2024-05-10,5.296,5.369,0.013783987915407803,0.013783987915407803,TRADE_OK,2025-12-23
159934.SZ,2024-05-09,2024-05-10,2024-05-17,5.271,5.359,0.01669512426484543,0.01669512426484543,TRADE_OK,2025-12-23
159937.SZ,2024-05-09,2024-05-10,2024-05-17,5.338,5.42,0.015361558636193262,0.015361558636193262,TRADE_OK,2025-12-23
518800.SH,2024-05-09,2024-05-10,2024-05-17,5.279,5.356,0.014586095851486958,0.014586095851486958,TRADE_OK,2025-12-23
518880.SH,2024-05-09,2024-05-10,2024-05-17,5.33,5.416,0.016135084427767454,0.016135084427767454,TRADE_OK,2025-12-23
159633.SZ,2024-05-23,2024-05-24,2024-05-31,2.179,2.1670000000000003,-0.0055071133547497375,-0.0055071133547497375,TRADE_OK,2025-12-23
159682.SZ,2024-05-23,2024-05-24,2024-05-31,0.76,0.746,-0.018421052631579005,-0.018421052631579005,TRADE_OK,2025-12-23
159755.SZ,2024-05-23,2024-05-24,2024-05-31,0.5760000000000001,0.58,0.006944444444444198,0.006944444444444198,TRADE_OK,2025-12-23
159840.SZ,2024-05-23,2024-05-24,2024-05-31,0.46,0.464,0.008695652173912993,0.008695652173912993,TRADE_OK,2025-12-23
159870.SZ,2024-05-23,2024-05-24,2024-05-31,0.61,0.604,-0.00983606557377048,-0.00983606557377048,TRADE_OK,2025-12-23
159915.SZ,2024-05-23,2024-05-24,2024-05-31,1.804,1.772,-0.0177383592017738,-0.0177383592017738,TRADE_OK,2025-12-23
159949.SZ,2024-05-23,2024-05-24,2024-05-31,0.787,0.771,-0.020330368487928907,-0.020330368487928907,TRADE_OK,2025-12-23
159977.SZ,2024-05-23,2024-05-24,2024-05-31,1.893,1.858,-0.018489170628631757,-0.018489170628631757,TRADE_OK,2025-12-23
159996.SZ,2024-05-23,2024-05-24,2024-05-31,1.218,1.207,-0.009031198686371034,-0.009031198686371034,TRADE_OK,2025-12-23
512660.SH,2024-05-23,2024-05-24,2024-05-31,0.898,0.905,0.007795100222717233,0.007795100222717233,TRADE_OK,2025-12-23
512670.SH,2024-05-23,2024-05-24,2024-05-31,0.616,0.621,0.008116883116883189,0.008116883116883189,TRADE_OK,2025-12-23
512710.SH,2024-05-23,2024-05-24,2024-05-31,0.548,0.553,0.009124087591240837,0.009124087591240837,TRADE_OK,2025-12-23
515170.SH,2024-05-23,2024-05-24,2024-05-31,0.631,0.613,-0.028526148969889142,-0.028526148969889142,TRADE_OK,2025-12-23
159952.SZ,2024-05-23,2024-05-24,2024-05-31,1.096,1.0779999999999998,-0.01642335766423375,-0.01642335766423375,TRADE_OK,2025-12-23
159825.SZ,2024-05-30,2024-05-31,2024-06-07,0.733,0.719,-0.019099590723056004,-0.019099590723056004,TRADE_OK,2025-12-23
159920.SZ,2024-05-30,2024-05-31,2024-06-07,1.106,1.1079999999999999,0.0018083182640142859,0.0018083182640142859,TRADE_OK,2025-12-23
159985.SZ,2024-05-30,2024-05-31,2024-06-07,2.242,2.264,0.009812667261373642,0.009812667261373642,TRADE_OK,2025-12-23
159996.SZ,2024-05-30,2024-05-31,2024-06-07,1.209,1.2,-0.007444168734491385,-0.007444168734491385,TRADE_OK,2025-12-23
510900.SH,2024-05-30,2024-05-31,2024-06-07,0.8270000000000001,0.8270000000000001,0.0,0.0,TRADE_OK,2025-12-23
512700.SH,2024-05-30,2024-05-31,2024-06-07,1.3239999999999998,1.315,-0.006797583081570968,-0.006797583081570968,TRADE_OK,2025-12-23
512800.SH,2024-05-30,2024-05-31,2024-06-07,1.251,1.24,-0.008792965627497873,-0.008792965627497873,TRADE_OK,2025-12-23
513550.SH,2024-05-30,2024-05-31,2024-06-07,0.794,0.8,0.007556675062972307,0.007556675062972307,TRADE_OK,2025-12-23
513600.SH,2024-05-30,2024-05-31,2024-06-07,2.1109999999999998,2.121,0.004737091425864648,0.004737091425864648,TRADE_OK,2025-12-23
513660.SH,2024-05-30,2024-05-31,2024-06-07,2.201,2.208,0.003180372557928246,0.003180372557928246,TRADE_OK,2025-12-23
513690.SH,2024-05-30,2024-05-31,2024-06-07,0.859,0.866,0.008149010477299212,0.008149010477299212,TRADE_OK,2025-12-23
515100.SH,2024-05-30,2024-05-31,2024-06-07,1.3960000000000001,1.373,-0.016475644699140535,-0.016475644699140535,TRADE_OK,2025-12-23
515290.SH,2024-05-30,2024-05-31,2024-06-07,1.11,1.1039999999999999,-0.005405405405405572,-0.005405405405405572,TRADE_OK,2025-12-23
159707.SZ,2024-06-06,2024-06-07,2024-06-14,0.599,0.599,0.0,0.0,TRADE_OK,2025-12-23
159825.SZ,2024-06-06,2024-06-07,2024-06-14,0.716,0.6960000000000001,-0.027932960893854664,-0.027932960893854664,TRADE_OK,2025-12-23
159865.SZ,2024-06-06,2024-06-07,2024-06-14,0.634,0.618,-0.025236593059936974,-0.025236593059936974,TRADE_OK,2025-12-23
159887.SZ,2024-06-06,2024-06-07,2024-06-14,1.006,0.997,-0.008946322067594492,-0.008946322067594492,TRADE_OK,2025-12-23
512700.SH,2024-06-06,2024-06-07,2024-06-14,1.303,1.292,-0.008442056792018371,-0.008442056792018371,TRADE_OK,2025-12-23
512800.SH,2024-06-06,2024-06-07,2024-06-14,1.231,1.219,-0.009748172217709183,-0.009748172217709183,TRADE_OK,2025-12-23
513090.SH,2024-06-06,2024-06-07,2024-06-14,0.975,0.9690000000000001,-0.006153846153846065,-0.006153846153846065,TRADE_OK,2025-12-23
515100.SH,2024-06-06,2024-06-07,2024-06-14,1.362,1.347,-0.011013215859030923,-0.011013215859030923,TRADE_OK,2025-12-23
515290.SH,2024-06-06,2024-06-07,2024-06-14,1.0979999999999999,1.085,-0.011839708561019902,-0.011839708561019902,TRADE_OK,2025-12-23
516970.SH,2024-06-06,2024-06-07,2024-06-14,1.0459999999999998,1.0270000000000001,-0.018164435946462443,-0.018164435946462443,TRADE_OK,2025-12-23
159707.SZ,2024-06-13,2024-06-14,2024-06-21,0.584,0.56,-0.041095890410958735,-0.041095890410958735,TRADE_OK,2025-12-23
159980.SZ,2024-06-13,2024-06-14,2024-06-21,1.7449999999999999,1.738,-0.0040114613180515235,-0.0040114613180515235,TRADE_OK,2025-12-23
159611.SZ,2024-06-20,2024-06-21,2024-06-28,1.024,1.044,0.01953125,0.01953125,TRADE_OK,2025-12-23
159611.SZ,2024-06-27,2024-06-28,2024-07-05,1.0190000000000001,1.053,0.03336604514229613,0.03336604514229613,TRADE_OK,2025-12-23
513310.SH,2024-07-04,2024-07-05,2024-07-12,1.347,1.371,0.017817371937639104,0.017817371937639104,TRADE_OK,2025-12-23
515050.SH,2024-07-04,2024-07-05,2024-07-12,0.995,1.048,0.05326633165829153,0.05326633165829153,TRADE_OK,2025-12-23
515880.SH,2024-07-04,2024-07-05,2024-07-12,1.157,1.204,0.04062229904926529,0.04062229904926529,TRADE_OK,2025-12-23
159941.SZ,2024-07-18,2024-07-19,2024-07-26,1.108,1.062,-0.041516245487364656,-0.041516245487364656,TRADE_OK,2025-12-23
159866.SZ,2024-07-25,2024-07-26,2024-08-02,1.048,1.0279999999999998,-0.019083969465649053,-0.019083969465649053,TRADE_OK,2025-12-23
513000.SH,2024-07-25,2024-07-26,2024-08-02,1.3860000000000001,1.3439999999999999,-0.030303030303030498,-0.030303030303030498,TRADE_OK,2025-12-23
513300.SH,2024-07-25,2024-07-26,2024-08-02,1.795,1.785,-0.005571030640668551,-0.005571030640668551,TRADE_OK,2025-12-23
513520.SH,2024-07-25,2024-07-26,2024-08-02,1.42,1.409,-0.007746478873239315,-0.007746478873239315,TRADE_OK,2025-12-23
513880.SH,2024-07-25,2024-07-26,2024-08-02,1.298,1.2670000000000001,-0.023882896764252592,-0.023882896764252592,TRADE_OK,2025-12-23
512200.SH,2024-08-29,2024-08-30,2024-09-06,1.113,1.147,0.03054806828391743,0.03054806828391743,TRADE_OK,2025-12-23
512200.SH,2024-09-12,2024-09-13,2024-09-20,1.133,1.2169999999999999,0.07413945278022926,0.07413945278022926,TRADE_OK,2025-12-23
159687.SZ,2024-10-10,2024-10-11,2024-10-18,1.278,1.28,0.0015649452269170805,0.0015649452269170805,TRADE_OK,2025-12-23
159601.SZ,2024-10-17,2024-10-18,2024-10-25,0.8170000000000001,0.844,0.033047735618114915,0.033047735618114915,TRADE_OK,2025-12-23
159605.SZ,2024-10-17,2024-10-18,2024-10-25,0.928,0.9470000000000001,0.020474137931034475,0.020474137931034475,TRADE_OK,2025-12-23
159607.SZ,2024-10-17,2024-10-18,2024-10-25,0.92,0.9380000000000001,0.019565217391304346,0.019565217391304346,TRADE_OK,2025-12-23
159636.SZ,2024-10-17,2024-10-18,2024-10-25,0.9630000000000001,1.0190000000000001,0.05815160955347887,0.05815160955347887,TRADE_OK,2025-12-23
159732.SZ,2024-10-17,2024-10-18,2024-10-25,0.73,0.79,0.08219178082191791,0.08219178082191791,TRADE_OK,2025-12-23
159747.SZ,2024-10-17,2024-10-18,2024-10-25,1.088,1.129,0.037683823529411686,0.037683823529411686,TRADE_OK,2025-12-23
159755.SZ,2024-10-17,2024-10-18,2024-10-25,0.602,0.684,0.13621262458471772,0.13621262458471772,TRADE_OK,2025-12-23
159780.SZ,2024-10-17,2024-10-18,2024-10-25,0.528,0.591,0.11931818181818166,0.11931818181818166,TRADE_OK,2025-12-23
159781.SZ,2024-10-17,2024-10-18,2024-10-25,0.524,0.5870000000000001,0.1202290076335879,0.1202290076335879,TRADE_OK,2025-12-23
159783.SZ,2024-10-17,2024-10-18,2024-10-25,0.528,0.593,0.12310606060606055,0.12310606060606055,TRADE_OK,2025-12-23
159828.SZ,2024-10-17,2024-10-18,2024-10-25,0.399,0.436,0.09273182957393478,0.09273182957393478,TRADE_OK,2025-12-23
159841.SZ,2024-10-17,2024-10-18,2024-10-25,0.982,1.0399999999999998,0.05906313645621153,0.05906313645621153,TRADE_OK,2025-12-23
159842.SZ,2024-10-17,2024-10-18,2024-10-25,1.022,1.08,0.05675146771037176,0.05675146771037176,TRADE_OK,2025-12-23
159859.SZ,2024-10-17,2024-10-18,2024-10-25,0.364,0.399,0.09615384615384626,0.09615384615384626,TRADE_OK,2025-12-23
159901.SZ,2024-10-17,2024-10-18,2024-10-25,2.65,2.8369999999999997,0.07056603773584902,0.07056603773584902,TRADE_OK,2025-12-23
159920.SZ,2024-10-17,2024-10-18,2024-10-25,1.229,1.2510000000000001,0.017900732302685185,0.017900732302685185,TRADE_OK,2025-12-23
159967.SZ,2024-10-17,2024-10-18,2024-10-25,0.457,0.498,0.0897155361050328,0.0897155361050328,TRADE_OK,2025-12-23
159993.SZ,2024-10-17,2024-10-18,2024-10-25,1.143,1.206,0.055118110236220375,0.055118110236220375,TRADE_OK,2025-12-23
159996.SZ,2024-10-17,2024-10-18,2024-10-25,1.243,1.341,0.07884151246983095,0.07884151246983095,TRADE_OK,2025-12-23
510050.SH,2024-10-17,2024-10-18,2024-10-25,2.715,2.793,0.02872928176795586,0.02872928176795586,TRADE_OK,2025-12-23
510180.SH,2024-10-17,2024-10-18,2024-10-25,3.6580000000000004,3.7889999999999997,0.03581191908146519,0.03581191908146519,TRADE_OK,2025-12-23
510310.SH,2024-10-17,2024-10-18,2024-10-25,3.783,3.8779999999999997,0.025112344699973477,0.025112344699973477,TRADE_OK,2025-12-23
510900.SH,2024-10-17,2024-10-18,2024-10-25,0.925,0.9460000000000001,0.022702702702702693,0.022702702702702693,TRADE_OK,2025-12-23
512000.SH,2024-10-17,2024-10-18,2024-10-25,1.037,1.097,0.057859209257473454,0.057859209257473454,TRADE_OK,2025-12-23
512070.SH,2024-10-17,2024-10-18,2024-10-25,0.787,0.8240000000000001,0.04701397712833555,0.04701397712833555,TRADE_OK,2025-12-23
512170.SH,2024-10-17,2024-10-18,2024-10-25,0.322,0.35300000000000004,0.09627329192546585,0.09627329192546585,TRADE_OK,2025-12-23
512290.SH,2024-10-17,2024-10-18,2024-10-25,0.912,0.9710000000000001,0.06469298245614041,0.06469298245614041,TRADE_OK,2025-12-23
513010.SH,2024-10-17,2024-10-18,2024-10-25,0.601,0.625,0.03993344425956735,0.03993344425956735,TRADE_OK,2025-12-23
513020.SH,2024-10-17,2024-10-18,2024-10-25,0.8200000000000001,0.868,0.05853658536585349,0.05853658536585349,TRADE_OK,2025-12-23
513050.SH,2024-10-17,2024-10-18,2024-10-25,1.2,1.218,0.015000000000000124,0.015000000000000124,TRADE_OK,2025-12-23
513180.SH,2024-10-17,2024-10-18,2024-10-25,0.591,0.613,0.0372250423011844,0.0372250423011844,TRADE_OK,2025-12-23
513260.SH,2024-10-17,2024-10-18,2024-10-25,1.1260000000000001,1.168,0.03730017761989335,0.03730017761989335,TRADE_OK,2025-12-23
513550.SH,2024-10-17,2024-10-18,2024-10-25,0.872,0.895,0.026376146788990917,0.026376146788990917,TRADE_OK,2025-12-23
513600.SH,2024-10-17,2024-10-18,2024-10-25,2.305,2.325,0.008676789587852562,0.008676789587852562,TRADE_OK,2025-12-23
513660.SH,2024-10-17,2024-10-18,2024-10-25,2.419,2.49,0.029350971475816445,0.029350971475816445,TRADE_OK,2025-12-23
513860.SH,2024-10-17,2024-10-18,2024-10-25,0.524,0.559,0.06679389312977113,0.06679389312977113,TRADE_OK,2025-12-23
513890.SH,2024-10-17,2024-10-18,2024-10-25,0.888,0.924,0.04054054054054057,0.04054054054054057,TRADE_OK,2025-12-23
513980.SH,2024-10-17,2024-10-18,2024-10-25,0.525,0.558,0.06285714285714294,0.06285714285714294,TRADE_OK,2025-12-23
515030.SH,2024-10-17,2024-10-18,2024-10-25,1.099,1.233,0.12192902638762515,0.12192902638762515,TRADE_OK,2025-12-23
515120.SH,2024-10-17,2024-10-18,2024-10-25,0.52,0.555,0.06730769230769229,0.06730769230769229,TRADE_OK,2025-12-23
515700.SH,2024-10-17,2024-10-18,2024-10-25,1.459,1.6320000000000001,0.11857436600411253,0.11857436600411253,TRADE_OK,2025-12-23
515800.SH,2024-10-17,2024-10-18,2024-10-25,0.968,1.0190000000000001,0.052685950413223326,0.052685950413223326,TRADE_OK,2025-12-23
515880.SH,2024-10-17,2024-10-18,2024-10-25,1.274,1.4100000000000001,0.10675039246467821,0.10675039246467821,TRADE_OK,2025-12-23
516160.SH,2024-10-17,2024-10-18,2024-10-25,1.8800000000000001,2.198,0.16914893617021276,0.16914893617021276,TRADE_OK,2025-12-23
560050.SH,2024-10-17,2024-10-18,2024-10-25,0.8140000000000001,0.842,0.03439803439803435,0.03439803439803435,TRADE_OK,2025-12-23
561300.SH,2024-10-17,2024-10-18,2024-10-25,0.794,0.8230000000000001,0.03652392947103267,0.03652392947103267,TRADE_OK,2025-12-23
562500.SH,2024-10-17,2024-10-18,2024-10-25,0.672,0.723,0.07589285714285698,0.07589285714285698,TRADE_OK,2025-12-23
563000.SH,2024-10-17,2024-10-18,2024-10-25,0.8160000000000001,0.844,0.034313725490195957,0.034313725490195957,TRADE_OK,2025-12-23
588050.SH,2024-10-17,2024-10-18,2024-10-25,0.904,1.0210000000000001,0.12942477876106206,0.12942477876106206,TRADE_OK,2025-12-23
588330.SH,2024-10-17,2024-10-18,2024-10-25,0.536,0.599,0.11753731343283569,0.11753731343283569,TRADE_OK,2025-12-23
588380.SH,2024-10-17,2024-10-18,2024-10-25,0.538,0.606,0.12639405204460963,0.12639405204460963,TRADE_OK,2025-12-23
510100.SH,2024-10-17,2024-10-18,2024-10-25,1.324,1.366,0.031722054380664666,0.031722054380664666,TRADE_OK,2025-12-23
159605.SZ,2024-10-24,2024-10-25,2024-11-01,0.9460000000000001,0.9500000000000001,0.0042283298097252064,0.0042283298097252064,TRADE_OK,2025-12-23
159607.SZ,2024-10-24,2024-10-25,2024-11-01,0.937,0.9410000000000001,0.004268943436499528,0.004268943436499528,TRADE_OK,2025-12-23
159747.SZ,2024-10-24,2024-10-25,2024-11-01,1.118,1.114,-0.003577817531305927,-0.003577817531305927,TRADE_OK,2025-12-23
512290.SH,2024-10-24,2024-10-25,2024-11-01,0.9510000000000001,0.934,-0.017875920084121977,-0.017875920084121977,TRADE_OK,2025-12-23
513050.SH,2024-10-24,2024-10-25,2024-11-01,1.2189999999999999,1.218,-0.0008203445447086954,-0.0008203445447086954,TRADE_OK,2025-12-23
513220.SH,2024-10-24,2024-10-25,2024-11-01,1.107,1.116,0.008130081300813163,0.008130081300813163,TRADE_OK,2025-12-23
513330.SH,2024-10-24,2024-10-25,2024-11-01,0.432,0.434,0.004629629629629539,0.004629629629629539,TRADE_OK,2025-12-23
515180.SH,2024-10-24,2024-10-25,2024-11-01,1.337,1.326,-0.008227374719521285,-0.008227374719521285,TRADE_OK,2025-12-23
517180.SH,2024-10-24,2024-10-25,2024-11-01,1.524,1.516,-0.005249343832021025,-0.005249343832021025,TRADE_OK,2025-12-23
510100.SH,2024-10-24,2024-10-25,2024-11-01,1.364,1.351,-0.009530791788856408,-0.009530791788856408,TRADE_OK,2025-12-23
159601.SZ,2024-10-31,2024-11-01,2024-11-08,0.8260000000000001,0.863,0.044794188861985385,0.044794188861985385,TRADE_OK,2025-12-23
159740.SZ,2024-10-31,2024-11-01,2024-11-08,0.601,0.628,0.04492512479201327,0.04492512479201327,TRADE_OK,2025-12-23
159742.SZ,2024-10-31,2024-11-01,2024-11-08,0.618,0.644,0.04207119741100329,0.04207119741100329,TRADE_OK,2025-12-23
159747.SZ,2024-10-31,2024-11-01,2024-11-08,1.119,1.153,0.030384271671134888,0.030384271671134888,TRADE_OK,2025-12-23
159850.SZ,2024-10-31,2024-11-01,2024-11-08,0.738,0.758,0.027100271002709952,0.027100271002709952,TRADE_OK,2025-12-23
159920.SZ,2024-10-31,2024-11-01,2024-11-08,1.242,1.2710000000000001,0.023349436392914757,0.023349436392914757,TRADE_OK,2025-12-23
510050.SH,2024-10-31,2024-11-01,2024-11-08,2.735,2.8819999999999997,0.053747714808043856,0.053747714808043856,TRADE_OK,2025-12-23
510230.SH,2024-10-31,2024-11-01,2024-11-08,1.263,1.343,0.06334125098970711,0.06334125098970711,TRADE_OK,2025-12-23
510310.SH,2024-10-31,2024-11-01,2024-11-08,3.811,4.024,0.0558908422986093,0.0558908422986093,TRADE_OK,2025-12-23
510880.SH,2024-10-31,2024-11-01,2024-11-08,3.14,3.226,0.027388535031847017,0.027388535031847017,TRADE_OK,2025-12-23
510900.SH,2024-10-31,2024-11-01,2024-11-08,0.9380000000000001,0.965,0.028784648187633266,0.028784648187633266,TRADE_OK,2025-12-23
512070.SH,2024-10-31,2024-11-01,2024-11-08,0.8170000000000001,0.916,0.1211750305997552,0.1211750305997552,TRADE_OK,2025-12-23
512700.SH,2024-10-31,2024-11-01,2024-11-08,1.3820000000000001,1.418,0.026049204052098318,0.026049204052098318,TRADE_OK,2025-12-23
512800.SH,2024-10-31,2024-11-01,2024-11-08,1.37,1.409,0.02846715328467142,0.02846715328467142,TRADE_OK,2025-12-23
512890.SH,2024-10-31,2024-11-01,2024-11-08,1.061,1.099,0.03581526861451456,0.03581526861451456,TRADE_OK,2025-12-23
512930.SH,2024-10-31,2024-11-01,2024-11-08,1.2570000000000001,1.333,0.06046141607000788,0.06046141607000788,TRADE_OK,2025-12-23
513010.SH,2024-10-31,2024-11-01,2024-11-08,0.623,0.651,0.04494382022471921,0.04494382022471921,TRADE_OK,2025-12-23
513050.SH,2024-10-31,2024-11-01,2024-11-08,1.216,1.247,0.025493421052631637,0.025493421052631637,TRADE_OK,2025-12-23
513060.SH,2024-10-31,2024-11-01,2024-11-08,0.398,0.41300000000000003,0.03768844221105527,0.03768844221105527,TRADE_OK,2025-12-23
513130.SH,2024-10-31,2024-11-01,2024-11-08,0.604,0.63,0.04304635761589415,0.04304635761589415,TRADE_OK,2025-12-23
513260.SH,2024-10-31,2024-11-01,2024-11-08,1.165,1.215,0.0429184549356223,0.0429184549356223,TRADE_OK,2025-12-23
513310.SH,2024-10-31,2024-11-01,2024-11-08,1.4340000000000002,1.518,0.058577405857740406,0.058577405857740406,TRADE_OK,2025-12-23
513380.SH,2024-10-31,2024-11-01,2024-11-08,1.112,1.163,0.04586330935251781,0.04586330935251781,TRADE_OK,2025-12-23
513550.SH,2024-10-31,2024-11-01,2024-11-08,0.888,0.918,0.03378378378378377,0.03378378378378377,TRADE_OK,2025-12-23
513580.SH,2024-10-31,2024-11-01,2024-11-08,0.608,0.637,0.047697368421052655,0.047697368421052655,TRADE_OK,2025-12-23
513600.SH,2024-10-31,2024-11-01,2024-11-08,2.303,2.3649999999999998,0.026921406860616504,0.026921406860616504,TRADE_OK,2025-12-23
513890.SH,2024-10-31,2024-11-01,2024-11-08,0.922,0.9550000000000001,0.03579175704989157,0.03579175704989157,TRADE_OK,2025-12-23
515000.SH,2024-10-31,2024-11-01,2024-11-08,1.263,1.371,0.08551068883610458,0.08551068883610458,TRADE_OK,2025-12-23
515080.SH,2024-10-31,2024-11-01,2024-11-08,1.504,1.5619999999999998,0.03856382978723394,0.03856382978723394,TRADE_OK,2025-12-23
515180.SH,2024-10-31,2024-11-01,2024-11-08,1.312,1.36,0.03658536585365857,0.03658536585365857,TRADE_OK,2025-12-23
515980.SH,2024-10-31,2024-11-01,2024-11-08,0.933,0.996,0.067524115755627,0.067524115755627,TRADE_OK,2025-12-23
517180.SH,2024-10-31,2024-11-01,2024-11-08,1.4849999999999999,1.533,0.03232323232323231,0.03232323232323231,TRADE_OK,2025-12-23
560050.SH,2024-10-31,2024-11-01,2024-11-08,0.8210000000000001,0.859,0.04628501827040177,0.04628501827040177,TRADE_OK,2025-12-23
561990.SH,2024-10-31,2024-11-01,2024-11-08,0.846,0.888,0.049645390070921946,0.049645390070921946,TRADE_OK,2025-12-23
563000.SH,2024-10-31,2024-11-01,2024-11-08,0.8260000000000001,0.864,0.04600484261501192,0.04600484261501192,TRADE_OK,2025-12-23
588200.SH,2024-10-31,2024-11-01,2024-11-08,1.365,1.4809999999999999,0.0849816849816849,0.0849816849816849,TRADE_OK,2025-12-23
588290.SH,2024-10-31,2024-11-01,2024-11-08,1.3359999999999999,1.448,0.08383233532934131,0.08383233532934131,TRADE_OK,2025-12-23
159934.SZ,2024-11-14,2024-11-15,2024-11-22,5.648,5.952,0.053824362606232246,0.053824362606232246,TRADE_OK,2025-12-23
159937.SZ,2024-11-14,2024-11-15,2024-11-22,5.704,6.002000000000001,0.052244039270687326,0.052244039270687326,TRADE_OK,2025-12-23
518800.SH,2024-11-14,2024-11-15,2024-11-22,5.638,5.942,0.053919829726853497,0.053919829726853497,TRADE_OK,2025-12-23
518880.SH,2024-11-14,2024-11-15,2024-11-22,5.710999999999999,6.010000000000001,0.05235510418490663,0.05235510418490663,TRADE_OK,2025-12-23
159632.SZ,2024-11-21,2024-11-22,2024-11-29,1.722,1.727,0.0029036004645761615,0.0029036004645761615,TRADE_OK,2025-12-23
159732.SZ,2024-11-21,2024-11-22,2024-11-29,0.798,0.778,-0.02506265664160401,-0.02506265664160401,TRADE_OK,2025-12-23
159773.SZ,2024-11-21,2024-11-22,2024-11-29,0.763,0.752,-0.014416775884665833,-0.014416775884665833,TRADE_OK,2025-12-23
159941.SZ,2024-11-21,2024-11-22,2024-11-29,1.145,1.154,0.007860262008733576,0.007860262008733576,TRADE_OK,2025-12-23
512950.SH,2024-11-21,2024-11-22,2024-11-29,1.3780000000000001,1.339,-0.028301886792452935,-0.028301886792452935,TRADE_OK,2025-12-23
515050.SH,2024-11-21,2024-11-22,2024-11-29,1.117,1.084,-0.029543419874664245,-0.029543419874664245,TRADE_OK,2025-12-23
516510.SH,2024-11-21,2024-11-22,2024-11-29,1.161,1.147,-0.012058570198105079,-0.012058570198105079,TRADE_OK,2025-12-23
513360.SH,2024-11-21,2024-11-22,2024-11-29,0.522,0.52,-0.003831417624521105,-0.003831417624521105,TRADE_OK,2025-12-23
159755.SZ,2024-11-28,2024-11-29,2024-12-06,0.679,0.6960000000000001,0.025036818851251752,0.025036818851251752,TRADE_OK,2025-12-23
159819.SZ,2024-11-28,2024-11-29,2024-12-06,0.886,0.921,0.03950338600451464,0.03950338600451464,TRADE_OK,2025-12-23
159840.SZ,2024-11-28,2024-11-29,2024-12-06,0.545,0.557,0.022018348623853212,0.022018348623853212,TRADE_OK,2025-12-23
159852.SZ,2024-11-28,2024-11-29,2024-12-06,0.808,0.846,0.04702970297029685,0.04702970297029685,TRADE_OK,2025-12-23
512680.SH,2024-11-28,2024-11-29,2024-12-06,1.079,1.106,0.025023169601482875,0.025023169601482875,TRADE_OK,2025-12-23
512930.SH,2024-11-28,2024-11-29,2024-12-06,1.271,1.316,0.03540519276160525,0.03540519276160525,TRADE_OK,2025-12-23
515000.SH,2024-11-28,2024-11-29,2024-12-06,1.28,1.3219999999999998,0.03281249999999991,0.03281249999999991,TRADE_OK,2025-12-23
515070.SH,2024-11-28,2024-11-29,2024-12-06,1.129,1.174,0.039858281665190454,0.039858281665190454,TRADE_OK,2025-12-23
515230.SH,2024-11-28,2024-11-29,2024-12-06,0.8220000000000001,0.874,0.06326034063260333,0.06326034063260333,TRADE_OK,2025-12-23
515980.SH,2024-11-28,2024-11-29,2024-12-06,0.9580000000000001,0.993,0.03653444676409179,0.03653444676409179,TRADE_OK,2025-12-23
516510.SH,2024-11-28,2024-11-29,2024-12-06,1.106,1.1560000000000001,0.04520795660036181,0.04520795660036181,TRADE_OK,2025-12-23
562500.SH,2024-11-28,2024-11-29,2024-12-06,0.742,0.8410000000000001,0.13342318059299196,0.13342318059299196,TRADE_OK,2025-12-23
588010.SH,2024-11-28,2024-11-29,2024-12-06,0.603,0.621,0.029850746268656803,0.029850746268656803,TRADE_OK,2025-12-23
159755.SZ,2024-12-05,2024-12-06,2024-12-13,0.685,0.677,-0.011678832116788329,-0.011678832116788329,TRADE_OK,2025-12-23
159840.SZ,2024-12-05,2024-12-06,2024-12-13,0.547,0.543,-0.007312614259597838,-0.007312614259597838,TRADE_OK,2025-12-23
162411.SZ,2024-12-05,2024-12-06,2024-12-13,0.774,0.769,-0.006459948320413411,-0.006459948320413411,TRADE_OK,2025-12-23
159667.SZ,2024-12-19,2024-12-20,2024-12-27,1.034,1.033,-0.0009671179883946612,-0.0009671179883946612,TRADE_OK,2025-12-23
159770.SZ,2024-12-19,2024-12-20,2024-12-27,0.841,0.8350000000000001,-0.007134363852556391,-0.007134363852556391,TRADE_OK,2025-12-23
159805.SZ,2024-12-19,2024-12-20,2024-12-27,1.174,1.119,-0.04684838160136284,-0.04684838160136284,TRADE_OK,2025-12-23
159851.SZ,2024-12-19,2024-12-20,2024-12-27,1.544,1.5050000000000001,-0.025259067357512932,-0.025259067357512932,TRADE_OK,2025-12-23
510760.SH,2024-12-19,2024-12-20,2024-12-27,1.1059999999999999,1.0659999999999998,-0.03616636528028938,-0.03616636528028938,TRADE_OK,2025-12-23
512980.SH,2024-12-19,2024-12-20,2024-12-27,0.843,0.799,-0.05219454329774609,-0.05219454329774609,TRADE_OK,2025-12-23
515210.SH,2024-12-19,2024-12-20,2024-12-27,1.291,1.201,-0.06971340046475594,-0.06971340046475594,TRADE_OK,2025-12-23
516100.SH,2024-12-19,2024-12-20,2024-12-27,1.244,1.221,-0.018488745980707377,-0.018488745980707377,TRADE_OK,2025-12-23
516860.SH,2024-12-19,2024-12-20,2024-12-27,1.313,1.2870000000000001,-0.019801980198019598,-0.019801980198019598,TRADE_OK,2025-12-23
562500.SH,2024-12-19,2024-12-20,2024-12-27,0.8130000000000001,0.806,-0.008610086100861003,-0.008610086100861003,TRADE_OK,2025-12-23
513030.SH,2024-12-19,2024-12-20,2024-12-27,1.432,1.447,0.010474860335195624,0.010474860335195624,TRADE_OK,2025-12-23
159628.SZ,2024-12-26,2024-12-27,2025-01-03,1.032,0.9450000000000001,-0.08430232558139528,-0.08430232558139528,TRADE_OK,2025-12-23
159629.SZ,2024-12-26,2024-12-27,2025-01-03,2.5,2.285,-0.08599999999999997,-0.08599999999999997,TRADE_OK,2025-12-23
159633.SZ,2024-12-26,2024-12-27,2025-01-03,2.523,2.314,-0.082837891399128,-0.082837891399128,TRADE_OK,2025-12-23
159770.SZ,2024-12-26,2024-12-27,2025-01-03,0.8480000000000001,0.759,-0.10495283018867929,-0.10495283018867929,TRADE_OK,2025-12-23
159792.SZ,2024-12-26,2024-12-27,2025-01-03,0.708,0.6900000000000001,-0.025423728813559143,-0.025423728813559143,TRADE_OK,2025-12-23
159841.SZ,2024-12-26,2024-12-27,2025-01-03,1.092,0.975,-0.1071428571428572,-0.1071428571428572,TRADE_OK,2025-12-23
159845.SZ,2024-12-26,2024-12-27,2025-01-03,2.508,2.3,-0.08293460925039875,-0.08293460925039875,TRADE_OK,2025-12-23
159851.SZ,2024-12-26,2024-12-27,2025-01-03,1.483,1.294,-0.12744436952124072,-0.12744436952124072,TRADE_OK,2025-12-23
510500.SH,2024-12-26,2024-12-27,2025-01-03,5.9670000000000005,5.523000000000001,-0.07440925087983907,-0.07440925087983907,TRADE_OK,2025-12-23
510510.SH,2024-12-26,2024-12-27,2025-01-03,1.84,1.7,-0.07608695652173925,-0.07608695652173925,TRADE_OK,2025-12-23
510580.SH,2024-12-26,2024-12-27,2025-01-03,2.944,2.737,-0.0703125,-0.0703125,TRADE_OK,2025-12-23
512100.SH,2024-12-26,2024-12-27,2025-01-03,2.5029999999999997,2.29,-0.08509788254095074,-0.08509788254095074,TRADE_OK,2025-12-23
512500.SH,2024-12-26,2024-12-27,2025-01-03,3.2289999999999996,2.9789999999999996,-0.0774233508826262,-0.0774233508826262,TRADE_OK,2025-12-23
516100.SH,2024-12-26,2024-12-27,2025-01-03,1.207,1.052,-0.12841756420878214,-0.12841756420878214,TRADE_OK,2025-12-23
516860.SH,2024-12-26,2024-12-27,2025-01-03,1.272,1.111,-0.1265723270440252,-0.1265723270440252,TRADE_OK,2025-12-23
560010.SH,2024-12-26,2024-12-27,2025-01-03,2.5,2.293,-0.08279999999999998,-0.08279999999999998,TRADE_OK,2025-12-23
562500.SH,2024-12-26,2024-12-27,2025-01-03,0.8180000000000001,0.734,-0.10268948655256727,-0.10268948655256727,TRADE_OK,2025-12-23
159770.SZ,2024-12-30,2025-01-03,2025-01-10,0.789,0.788,-0.0012674271229404788,-0.0012674271229404788,TRADE_OK,2025-12-23
159819.SZ,2024-12-30,2025-01-03,2025-01-10,0.875,0.852,-0.026285714285714357,-0.026285714285714357,TRADE_OK,2025-12-23
512930.SH,2024-12-30,2025-01-03,2025-01-10,1.252,1.218,-0.02715654952076685,-0.02715654952076685,TRADE_OK,2025-12-23
515070.SH,2024-12-30,2025-01-03,2025-01-10,1.1179999999999999,1.0859999999999999,-0.028622540250447304,-0.028622540250447304,TRADE_OK,2025-12-23
515980.SH,2024-12-30,2025-01-03,2025-01-10,0.93,0.907,-0.02473118279569897,-0.02473118279569897,TRADE_OK,2025-12-23
562500.SH,2024-12-30,2025-01-03,2025-01-10,0.763,0.761,-0.002621231979030192,-0.002621231979030192,TRADE_OK,2025-12-23
