code,select_td,buy_td,t0,net_ret,mom_5,mom_20,ma20_slope_5,ma20_dev,ma20_over_ma60,vol_20,mdd_10,amt_ma20,y_rel
515220.SH,2024-01-18,2024-01-19,2024-01-18,0.04382978723404274,-0.01671541997492687,-0.00423190859077438,0.004649999999999821,-0.01603696656700182,0.030302812704203097,0.015309984092319635,-0.04115729421352887,145507296.7,0
513000.SH,2024-01-25,2024-01-26,2024-01-25,0.026785714285714413,0.005169867060561328,0.044512663085187976,0.030000000000000027,0.010581028401707826,0.054785401002506395,0.023782996838369604,-0.06780821917808222,172154699.1,1
513290.SH,2024-01-25,2024-01-26,2024-01-25,0.008718395815169977,-0.01639344262295095,0.0,0.011199999999999877,-0.017114282019226712,0.0759941864060858,0.011665864739225982,-0.03143585386576053,118379461.3,0
159928.SZ,2024-03-07,2024-03-08,2024-03-07,0.034606205250596656,-0.009433962264151052,0.08949416342412442,0.014449999999999852,0.013941698352344822,0.009668704677946671,0.013961450603262631,-0.017667844522968212,105460113.85,3
159941.SZ,2024-03-07,2024-03-08,2024-03-07,-0.01688182720953335,0.011247443762781195,0.03886554621848726,0.009549999999999725,0.007846733924386173,0.046571154324718034,0.012021451225919686,-0.01905717151454367,579809196.95,0
510900.SH,2024-03-07,2024-03-08,2024-03-07,0.03399433427762033,-0.018131101813110062,0.08141321044546856,0.00990000000000002,0.007729745204694938,0.011706210325601596,0.01584105824472183,-0.03443526170798883,461664848.45,2
512070.SH,2024-03-07,2024-03-08,2024-03-07,-0.008278145695364225,-0.01631321370309957,0.03786574870912207,0.005049999999999999,0.002160545122153801,0.022140430351075935,0.014217708636759587,-0.02584814216478193,161228910.6,1
515170.SH,2024-03-07,2024-03-08,2024-03-07,0.04966887417218557,-0.011494252873563204,0.08860759493670867,0.009800000000000031,0.014150943396226356,0.006215391569668993,0.01548660949079896,-0.018003273322422242,58846015.55,4
159866.SZ,2024-03-14,2024-03-15,2024-03-14,0.03925066904549501,-0.02170138888888895,0.08261287223823244,0.01454999999999984,-0.004856512141280245,0.0708713536003025,0.011860294788523759,-0.03095442820292349,370653077.15,3
512070.SH,2024-03-14,2024-03-15,2024-03-14,-0.013355592654424098,-0.0066334991708125735,0.005033557046979942,0.006649999999999934,-0.015369441933097638,0.0330276787230428,0.011154509203042878,-0.03074433656957931,171214965.65,0
513520.SH,2024-03-14,2024-03-15,2024-03-14,0.013636363636363669,0.0025923525599480524,0.13499633162142333,0.034849999999999826,0.008606076411526997,0.06858954262026673,0.016585185004395528,-0.02909550917141035,1035989586.55,1
515070.SH,2024-03-14,2024-03-15,2024-03-14,0.024691358024691468,0.019771071800207984,0.21437422552664187,0.05395000000000005,0.041279285979918034,0.05064468714532899,0.02875671904823696,-0.03803803803803796,155135878.1,2
159611.SZ,2024-03-21,2024-03-22,2024-03-21,0.018887722980063026,0.005268703898840821,0.022508038585209,0.008449999999999958,0.008456659619450413,0.046190142662292155,0.012138140766108802,-0.03179487179487184,103047185.75,3
159996.SZ,2024-03-21,2024-03-22,2024-03-21,0.026244343891402844,-0.02372583479789092,0.03638059701492535,0.016950000000000243,-0.012224938875305735,0.05746027766460893,0.011204300435108618,-0.029694323144104806,70681611.45,4
510880.SH,2024-03-21,2024-03-22,2024-03-21,0.0039215686274509665,-0.004874878128046878,-0.0340694006309149,-0.009200000000000319,-0.014419981975022478,0.029343876660739454,0.008583606474871964,-0.04296017560363752,387349564.2,1
515100.SH,2024-03-21,2024-03-22,2024-03-21,-0.0037707390648568095,0.005299015897047843,-0.01263940520446094,-0.0005500000000002725,-0.003190091949708984,0.018942242730946246,0.006434069281307572,-0.01930215293244253,136857437.9,0
515450.SH,2024-03-21,2024-03-22,2024-03-21,0.010023130300693905,-0.0015396458814472824,-0.019652305366591127,-0.0018499999999999073,-0.008409785932721792,0.04746142757994787,0.007172625646575138,-0.029235382308845703,71776262.0,2
159667.SZ,2024-03-28,2024-03-29,2024-03-28,0.022497187851518552,-0.04888416578108401,0.019362186788154823,0.008799999999999919,-0.021590598524186877,0.06162595021180306,0.016770662757518647,-0.09498956158663896,72595329.65,23
159682.SZ,2024-03-28,2024-03-29,2024-03-28,0.016129032258064502,-0.04615384615384621,0.009497964721845387,0.007749999999999924,-0.0242622950819672,0.058880711012359255,0.01848505152925701,-0.07295597484276739,149378088.75,14
159781.SZ,2024-03-28,2024-03-29,2024-03-28,0.006437768240343367,-0.04498977505112467,-0.014767932489451518,0.002799999999999858,-0.034924571192395004,0.05051016716115475,0.01392375664694716,-0.07199999999999995,89468586.1,2
159783.SZ,2024-03-28,2024-03-29,2024-03-28,0.0,-0.0444444444444444,-0.010460251046025104,0.0030999999999999917,-0.03459536687417075,0.051094107551487244,0.014729654245438635,-0.07114624505928846,51535728.8,1
159901.SZ,2024-03-28,2024-03-29,2024-03-28,0.02004909983633385,-0.02352472089314206,0.005749486652977254,0.01729999999999965,-0.01078482853334406,0.04894393797092045,0.010340972152798595,-0.039192399049881144,138238580.1,19
159915.SZ,2024-03-28,2024-03-29,2024-03-28,0.019362186788154823,-0.047670639219935085,-0.0017035775127769437,0.013450000000000406,-0.026982150269821648,0.047705109743015006,0.016651406494736246,-0.07093333333333329,2112817586.65,18
159919.SZ,2024-03-28,2024-03-29,2024-03-28,0.014814814814814836,-0.016433189655172487,0.0019209659714598537,0.012550000000000505,-0.010381373160220253,0.04257273253924532,0.006756057033452819,-0.02756221568102757,1481579089.05,12
159922.SZ,2024-03-28,2024-03-29,2024-03-28,0.03164322723908208,-0.04462868230728545,-0.02537340291524215,0.005349999999999966,-0.02925150559219969,0.03565926008427511,0.011036427024766158,-0.06718885987815482,591705523.5,29
159928.SZ,2024-03-28,2024-03-29,2024-03-28,0.023255813953488413,-0.02824858757062154,0.014150943396226356,0.005300000000000082,-0.0008713331397037782,0.03951129181594948,0.012058801991741232,-0.02824858757062154,89190618.0,26
159949.SZ,2024-03-28,2024-03-29,2024-03-28,0.01822916666666674,-0.04714640198511166,0.010526315789473717,0.00824999999999998,-0.024761904761904763,0.058633746331189895,0.018218464737321034,-0.07299270072992703,688969030.25,17
159967.SZ,2024-03-28,2024-03-29,2024-03-28,0.012195121951219523,-0.04861111111111105,0.0,0.004099999999999937,-0.032599741085088785,0.07235707374531986,0.014627976349383927,-0.08163265306122447,172462273.35,5
159977.SZ,2024-03-28,2024-03-29,2024-03-28,0.021774632553075657,-0.049535603715170184,-0.001626016260162677,0.014900000000000135,-0.028019629570998905,0.04809748543617731,0.016460037857663444,-0.07022900763358786,51895184.55,22
510180.SH,2024-03-28,2024-03-29,2024-03-28,0.012458219386204838,-0.013477088948787075,-0.0024227740763174133,0.004550000000000498,-0.00987420532936567,0.0399114352696015,0.005403775318427631,-0.02056019070321824,92548825.8,7
510210.SH,2024-03-28,2024-03-29,2024-03-28,0.023129251700680253,-0.022606382978723416,-0.005412719891745632,0.00044999999999995044,-0.013753773901375332,0.03334719911259021,0.005772744913895611,-0.030423280423280463,213587737.3,24
510300.SH,2024-03-28,2024-03-29,2024-03-28,0.01454234388366138,-0.01680672268907568,0.001998287182414904,0.011849999999999916,-0.010598714623971217,0.03735543956606313,0.006454811299347212,-0.0275612472160357,3577863900.7,11
510310.SH,2024-03-28,2024-03-29,2024-03-28,0.013994169096209763,-0.01661891117478509,0.0029222676797195923,0.006250000000000089,-0.01052328095718602,0.04355543966623854,0.006348514335506289,-0.027888446215139417,1881508686.65,9
510330.SH,2024-03-28,2024-03-29,2024-03-28,0.014210086375034736,-0.016698603887216,0.001673173452314547,0.012150000000000105,-0.010441058982341156,0.042959827222097235,0.006344937502716299,-0.02774000543921673,1168119963.25,10
510360.SH,2024-03-28,2024-03-29,2024-03-28,0.012529365700861161,-0.016178736517719505,0.003142183817753219,0.004650000000000043,-0.009578469771590381,0.04316343042071202,0.006481916096405251,-0.026033690658499142,113127480.7,8
510500.SH,2024-03-28,2024-03-29,2024-03-28,0.030972615675165294,-0.044160057678442666,-0.023568403608911992,0.005399999999999849,-0.028870189446311367,0.035586952399013994,0.011337131628874573,-0.06832740213523125,2125795408.85,28
510510.SH,2024-03-28,2024-03-29,2024-03-28,0.029320024953212842,-0.043556085918854404,-0.02256097560975623,0.0018499999999999073,-0.028337626913168545,0.034931621429467485,0.010855493242514868,-0.0660377358490567,153280074.65,27
512500.SH,2024-03-28,2024-03-29,2024-03-28,0.031706448165301104,-0.04414261460101865,-0.023247744621790356,0.00295000000000023,-0.028690716491554857,0.0356453687821614,0.011261903936334378,-0.0686767169179231,489346198.4,30
512690.SH,2024-03-28,2024-03-29,2024-03-28,0.023188405797101463,-0.028089887640449285,0.03129657228017879,0.00725000000000009,0.004937554458321225,0.047061506880559545,0.01573860618331867,-0.032303370786516905,372130804.6,25
515170.SH,2024-03-28,2024-03-29,2024-03-28,0.020967741935483897,-0.023474178403755874,0.024630541871921263,0.0047000000000000375,0.0028123744475694323,0.0436350422094256,0.012797155386959951,-0.029687499999999978,62438254.95,21
515380.SH,2024-03-28,2024-03-29,2024-03-28,0.016727652901202372,-0.016653856008198797,0.0028743140841389625,0.013450000000000184,-0.010429424125617204,0.043159598169258295,0.006342666262188693,-0.0262353540499235,110577356.45,15
515800.SH,2024-03-28,2024-03-29,2024-03-28,0.011173184357541999,-0.02310231023102316,-0.0033670033670033517,0.0025999999999999357,-0.01513891199467643,0.041446887152042367,0.00740633523323113,-0.0360262008733625,154908696.55,4
560050.SH,2024-03-28,2024-03-29,2024-03-28,0.009668508287292932,-0.009575923392612817,0.03428571428571425,0.006999999999999895,0.0025617946410025905,0.05397713451714892,0.00787105669804321,-0.017711171662125325,153907527.85,3
561300.SH,2024-03-28,2024-03-29,2024-03-28,0.016973125884016893,-0.016689847009735637,-0.004225352112676051,0.0008500000000000174,-0.012707722385141618,0.04076738609112707,0.005543488291352504,-0.027624309392265012,52044842.8,16
562000.SH,2024-03-28,2024-03-29,2024-03-28,0.020334928229664984,-0.010638297872340274,0.010869565217391353,0.004149999999999876,-0.005465779467680565,0.042616451932606436,0.007024065036054288,-0.0235294117647058,53091551.7,20
562500.SH,2024-03-28,2024-03-29,2024-03-28,-0.015384615384615219,-0.04278074866310144,0.009873060648801113,0.005049999999999999,-0.025585193249863858,0.07518595293256913,0.018414823633116032,-0.10052219321148814,104572614.95,0
159925.SZ,2024-03-28,2024-03-29,2024-03-28,0.012202043132803597,-0.01676445934618609,0.0034217279726260763,0.011999999999999567,-0.009945559666324155,0.2672985500356546,0.006846776614072114,-0.02831760133259309,193346846.05,6
159952.SZ,2024-03-28,2024-03-29,2024-03-28,0.01585820895522394,-0.048085485307212905,-0.0018674136321195078,0.008399999999999963,-0.027253287228718226,0.04823299365690037,0.016331996689465368,-0.06935908691834958,221540015.2,13
164824.SZ,2024-04-02,2024-04-03,2024-04-02,0.001877346683354153,-0.003729024238657508,-0.004347826086956608,0.009400000000000075,-0.009668550952954602,0.03325779579330379,0.00966038170744678,-0.016564417177914015,201567550.5,5
512660.SH,2024-04-02,2024-04-03,2024-04-02,-0.05257270693512306,0.016968325791855143,-0.0044296788482834915,0.0008500000000001284,-0.0003335927943955985,0.03921266515157362,0.01789970564950307,-0.07391304347826089,207043701.3,2
512710.SH,2024-04-02,2024-04-03,2024-04-02,-0.05482041587901709,0.0018939393939394478,-0.02757352941176472,-0.0018999999999999018,-0.02200036975411357,0.027220358295878988,0.018435414666653535,-0.08960573476702516,104382692.15,0
512810.SH,2024-04-02,2024-04-03,2024-04-02,-0.05350194552529186,0.016831683168316847,-0.0067698259187619625,0.0011499999999999844,-0.0017496111975114914,0.039611964430072755,0.01734736120734662,-0.07400379506641375,53901977.55,1
513000.SH,2024-04-02,2024-04-03,2024-04-02,-0.005369127516778538,-0.005273566249175965,-0.018217306441118963,0.006450000000000067,-0.006288894010733848,0.05891171958532859,0.011895226990118654,-0.020765736534717583,93003261.3,4
513800.SH,2024-04-02,2024-04-03,2024-04-02,0.012108262108262213,-0.014623955431754987,0.007834757834757733,0.00835000000000008,-0.004152297839397745,0.039771687827009794,0.01072469110274348,-0.027491408934707917,76897554.9,6
513880.SH,2024-04-02,2024-04-03,2024-04-02,-0.010000000000000009,-0.004912280701754312,-0.008391608391608352,0.007349999999999968,-0.0024621878297573785,0.06159993029710842,0.0130276132977742,-0.017325017325017456,228337851.75,3
159655.SZ,2024-04-11,2024-04-12,2024-04-11,-0.05575411007862763,-0.029288702928870203,0.0235294117647058,0.011200000000000099,-0.002293577981651307,0.034605497330433055,0.0074853405395271045,-0.029288702928870203,25683989.9,0
159985.SZ,2024-04-11,2024-04-12,2024-04-11,0.01980198019801982,-0.007955077211043493,0.00047192071731960716,0.008950000000000458,-0.014182748198093398,0.044997327372564566,0.01218264828107874,-0.017233348858872843,304373057.75,3
513500.SH,2024-04-11,2024-04-12,2024-04-11,-0.05108273181565792,-0.02931596091205202,0.0,0.004049999999999887,-0.014495948850796303,0.042711137079856965,0.009069374336689504,-0.04282655246252676,354209662.25,1
513080.SH,2024-04-11,2024-04-12,2024-04-11,-0.016049382716049387,-0.02582582582582582,-0.014580801944106936,0.0028999999999999027,-0.02239098333484002,0.039285490572734894,0.00870679049077028,-0.03221957040572787,28094148.75,2
159755.SZ,2024-04-18,2024-04-19,2024-04-18,-0.00865051903114189,-0.03005008347245397,-0.0348837209302324,-0.0036000000000000476,-0.011652632474270508,0.05239445024615841,0.025092275477780916,-0.07340946166394768,119795726.0,0
513310.SH,2024-04-18,2024-04-19,2024-04-18,0.009740259740259827,-0.005494505494505364,0.03344208809135418,0.006350000000000078,-0.0058456589116873126,0.06597987007555672,0.015454226500011327,-0.052914110429447825,102749514.95,1
159611.SZ,2024-04-25,2024-04-26,2024-04-25,0.0071428571428571175,-0.018018018018018056,0.021874999999999867,0.006950000000000123,-0.00567605919318892,0.04402116402116407,0.012529713918683478,-0.04822834645669294,139692418.75,4
159934.SZ,2024-04-25,2024-04-26,2024-04-25,-0.0007646721468169693,-0.02625698324022352,0.06475259621258389,0.09470000000000045,-0.0032690639802521737,0.07574349124761626,0.013312630007796014,-0.04853833425262,566438137.15,0
159937.SZ,2024-04-25,2024-04-26,2024-04-25,-0.000378286362776592,-0.025442477876106206,0.06615570794675252,0.09720000000000084,-0.0019447538847876533,0.07551097076830904,0.01316909389040681,-0.046257512292842806,292735310.7,3
512400.SH,2024-04-25,2024-04-26,2024-04-25,0.009442870632672351,-0.054561717352414996,0.04757185332011904,0.012750000000000039,-0.02486277042299001,0.10265843816757658,0.02121981548321426,-0.08230088495575216,295816038.45,5
518800.SH,2024-04-25,2024-04-26,2024-04-25,-0.0005743825387708457,-0.02701192250372575,0.06570087737196517,0.09555000000000025,-0.002816094697150384,0.0753882162924231,0.013308693003739326,-0.04804860088365248,234335483.9,2
518880.SH,2024-04-25,2024-04-26,2024-04-25,-0.0007561436672968158,-0.02883379247015616,0.06484091824405969,0.09579999999999966,-0.002922598284151867,0.07555702774322648,0.013335171519901432,-0.04941860465116288,1460068547.95,1
159934.SZ,2024-04-29,2024-04-30,2024-04-29,0.013363879343260665,-0.012815680361854431,0.05349959774738555,0.07620000000000005,-0.007193017371278976,0.07687832955728369,0.013489108084925476,-0.043438077634011196,581236738.8,2
159937.SZ,2024-04-29,2024-04-30,2024-04-29,0.012651057401812826,-0.012126865671641895,0.0570972249950088,0.08024999999999949,-0.006203019866555137,0.07695028651702418,0.013366687104753238,-0.04066678878915542,301144833.25,1
512400.SH,2024-04-29,2024-04-30,2024-04-29,0.029657089898053712,-0.006445672191528473,0.06515301085883518,0.013600000000000056,-0.011678497824593626,0.1025364819147323,0.02135993302705291,-0.07245080500894452,299730060.45,6
512890.SH,2024-04-29,2024-04-30,2024-04-29,0.03495145631067942,-0.024482109227871973,0.03600000000000003,0.010499999999999954,-0.009276083006598546,0.03478303893919188,0.011023614345632224,-0.04428044280442811,360321620.75,8
515450.SH,2024-04-29,2024-04-30,2024-04-29,0.030757689422355572,-0.014662756598240345,0.03863987635239563,0.012950000000000017,0.00044662795891037277,0.02588774341351674,0.008654876407048926,-0.030303030303030165,54624712.65,7
515900.SH,2024-04-29,2024-04-30,2024-04-29,0.0028530670470756636,-0.010600706713780883,0.028655400440852352,0.010050000000000114,0.0005717552887365418,0.037135868356682256,0.013821265360375163,-0.037526059763724806,72887586.55,0
517180.SH,2024-04-29,2024-04-30,2024-04-29,0.017821782178217838,-0.015604681404421394,0.04269972451790638,0.01905000000000001,-0.0019446916510102996,0.04371308984576583,0.014063398783653832,-0.03209242618741981,70170287.0,5
518800.SH,2024-04-29,2024-04-30,2024-04-29,0.013565150936186487,-0.012822930416745204,0.05565638233514836,0.07779999999999987,-0.0063774057624416125,0.07672971398792194,0.013457659915707758,-0.043293246993524326,228899857.65,3
518880.SH,2024-04-29,2024-04-30,2024-04-29,0.013783987915407803,-0.013049962714392183,0.0526943726386957,0.0771500000000005,-0.007443238277368369,0.07671396031908917,0.013504413285333956,-0.04368488393346737,1527143514.95,4
159934.SZ,2024-05-09,2024-05-10,2024-05-09,0.01669512426484543,-0.008209240168003062,-0.020919713531850737,0.014100000000000001,-0.01796769406716381,0.06836962412190206,0.011165367600671917,-0.014418516410548254,521141340.0,3
159937.SZ,2024-05-09,2024-05-10,2024-05-09,0.015361558636193262,-0.009442870632672351,-0.020541549953314697,0.015150000000000219,-0.01837849977541539,0.06862575165664464,0.010864952667731782,-0.015578078078078095,298043843.9,1
518800.SH,2024-05-09,2024-05-10,2024-05-09,0.014586095851486958,-0.008978032473734632,-0.01928166351606808,0.01449999999999907,-0.01800079498779117,0.06837209302325586,0.01127618666293083,-0.014437689969604928,194061575.75,0
518880.SH,2024-05-09,2024-05-10,2024-05-09,0.016135084427767454,-0.008311295806573527,-0.01942472917444904,0.014699999999999491,-0.018398025577742838,0.06834101259754455,0.011446111860032323,-0.014824544942765971,1465958363.85,2
159633.SZ,2024-05-23,2024-05-24,2024-05-23,-0.0055071133547497375,-0.0117647058823529,0.0370370370370372,0.031649999999999956,-0.012881355932203298,0.01280985114937705,0.012972377405444366,-0.03105590062111796,127443963.5,8
159682.SZ,2024-05-23,2024-05-24,2024-05-23,-0.018421052631579005,0.005256241787122251,0.06397774687065372,0.009749999999999925,0.0014399790548502711,0.012682280159080905,0.016026839796877728,-0.02067183462532296,100869071.8,3
159755.SZ,2024-05-23,2024-05-24,2024-05-23,0.006944444444444198,-0.0017271157167529916,0.028469750889679624,0.0038000000000000256,-0.013651877133106005,0.011682108534269542,0.02056057388176601,-0.039867109634551534,98452622.35,9
159840.SZ,2024-05-23,2024-05-24,2024-05-23,0.008695652173912993,0.0,0.028953229398663627,0.0031500000000000417,-0.01376881203970537,0.012317666126418159,0.020401753318981142,-0.03950103950103956,54680299.8,12
159870.SZ,2024-05-23,2024-05-24,2024-05-23,-0.00983606557377048,-0.01610305958132041,0.014950166112956742,0.005599999999999938,-0.014833924540470833,0.03527709770754495,0.01613553507330019,-0.0362776025236593,104767965.3,6
159915.SZ,2024-05-23,2024-05-24,2024-05-23,-0.0177383592017738,0.005552470849528035,0.06341749853200218,0.025850000000000373,0.002269079639160898,0.011777661639540193,0.01512687009853696,-0.023369565217391308,1244875721.35,4
159949.SZ,2024-05-23,2024-05-24,2024-05-23,-0.020330368487928907,0.006361323155216203,0.06460296096904439,0.010149999999999881,0.003297818366311489,0.012434989191618673,0.01611226274789161,-0.022499999999999964,525285369.15,1
159977.SZ,2024-05-23,2024-05-24,2024-05-23,-0.018489170628631757,0.0058231868713605195,0.06502242152466375,0.02685000000000004,0.003061978671734744,0.011489751782202129,0.01463595136149812,-0.021287642782969796,57066120.9,2
159996.SZ,2024-05-23,2024-05-24,2024-05-23,-0.009031198686371034,-0.030158730158730163,0.04533789563729673,0.018399999999999972,-0.007835018065197041,0.057649096191553006,0.013352410013758552,-0.04828660436137078,102147924.0,7
512660.SH,2024-05-23,2024-05-24,2024-05-23,0.007795100222717233,0.002219755826859071,0.014606741573033766,0.012250000000000094,-0.005451842061787726,0.017614973661598254,0.015420437258214077,-0.03326180257510736,289180234.25,10
512670.SH,2024-05-23,2024-05-24,2024-05-23,0.008116883116883189,0.006504065040650486,0.03338898163606019,0.012800000000000145,0.0012940795858944476,0.02153676673092808,0.018823396356983147,-0.0390625,95859646.8,11
512710.SH,2024-05-23,2024-05-24,2024-05-23,0.009124087591240837,0.0018214936247722413,0.020408163265306145,0.009649999999999936,-0.003984063745019917,0.02668030119921916,0.015103639561843431,-0.031746031746031744,142605923.75,13
515170.SH,2024-05-23,2024-05-24,2024-05-23,-0.028526148969889142,-0.0031446540880503138,0.03764320785597386,0.009399999999999853,-0.006113810942153797,0.02268537074148269,0.010791044070371065,-0.021604938271604923,64295101.35,0
159952.SZ,2024-05-23,2024-05-24,2024-05-23,-0.01642335766423375,0.005474452554744769,0.06370656370656369,0.015800000000000036,0.002137043604783395,0.012165188844230457,0.015138941511284665,-0.0196956132497762,129808128.85,5
159825.SZ,2024-05-30,2024-05-31,2024-05-30,-0.019099590723056004,-0.014784946236559127,0.039716312056737424,0.010950000000000015,-0.011996225906456437,0.047659394196144955,0.011923365959126166,-0.044328552803129084,75986064.15,0
159920.SZ,2024-05-30,2024-05-31,2024-05-30,0.0018083182640142859,-0.033509700176366675,0.03396226415094339,0.020850000000000035,-0.027636073282171658,0.08395441650237978,0.015710836549733816,-0.06881903143585388,674942580.9,7
159985.SZ,2024-05-30,2024-05-31,2024-05-30,0.009812667261373642,-0.04058094831268699,0.031694993109784075,0.027399999999999647,-0.021947395924054924,0.04704657542574431,0.011905815577659682,-0.04058094831268699,252999455.2,12
159996.SZ,2024-05-30,2024-05-31,2024-05-30,-0.007444168734491385,-0.010638297872340496,0.005823627287853572,0.01154999999999995,-0.027509652509652538,0.05822267620020405,0.01325317615321279,-0.035115722266560234,113944465.8,3
510900.SH,2024-05-30,2024-05-31,2024-05-30,0.0,-0.03647058823529403,0.030188679245283012,0.01475000000000004,-0.02887294717495703,0.09032730720334436,0.016705609181641243,-0.06931818181818172,528756342.9,6
512700.SH,2024-05-30,2024-05-31,2024-05-30,-0.006797583081570968,-0.015636634400595817,0.031201248049921748,0.015249999999999986,0.001173842250747903,0.04148755767638135,0.008014656469427912,-0.022189349112426204,56991851.35,4
512800.SH,2024-05-30,2024-05-31,2024-05-30,-0.008792965627497873,-0.01576044129235632,0.03137902559867878,0.014049999999999896,0.0014030867909400335,0.04171886745176656,0.008220773755060914,-0.022691705790297445,225270020.65,2
513550.SH,2024-05-30,2024-05-31,2024-05-30,0.007556675062972307,-0.04146341463414638,0.026109660574412663,0.01429999999999998,-0.032079305461486296,0.08442020921433335,0.015807397187591554,-0.06761565836298922,109061666.4,10
513600.SH,2024-05-30,2024-05-31,2024-05-30,0.004737091425864648,-0.03507152745731412,0.03412462908011871,0.04070000000000018,-0.027984380810710308,0.09203512868673558,0.015006777824570404,-0.06610093791871374,125228289.9,9
513660.SH,2024-05-30,2024-05-31,2024-05-30,0.003180372557928246,-0.033658104517271914,0.03021718602455148,0.039149999999999796,-0.026262355802485704,0.08539391150613951,0.015101937373843131,-0.0627147766323024,182769682.85,8
513690.SH,2024-05-30,2024-05-31,2024-05-30,0.008149010477299212,-0.020689655172413834,0.08535031847133756,0.02564999999999995,-0.000469263256686947,0.09109527669923634,0.019581906483030518,-0.049107142857142905,121259990.1,11
515100.SH,2024-05-30,2024-05-31,2024-05-30,-0.016475644699140535,-0.0014326647564469885,0.016034985422740622,0.00890000000000013,-0.0020760254850024085,0.025875152998775963,0.006632045232209284,-0.014840989399293236,126287226.25,1
515290.SH,2024-05-30,2024-05-31,2024-05-30,-0.005405405405405572,-0.015057573073516295,0.03345724907063197,0.013350000000000195,0.001982339160208957,0.04232671717487957,0.007994332411363133,-0.02284710017574676,40822080.3,5
159707.SZ,2024-06-06,2024-06-07,2024-06-06,0.0,-0.014778325123152691,0.04712041884816731,0.00990000000000002,-0.04084405722963802,0.057893401730601424,0.029439695849663258,-0.05362776025236593,81013258.35,9
159825.SZ,2024-06-06,2024-06-07,2024-06-06,-0.027932960893854664,-0.024556616643929052,-0.03378378378378377,0.0009000000000000119,-0.03742595584275721,0.04335611948684348,0.011663916821567562,-0.051724137931034475,58481358.25,0
159865.SZ,2024-06-06,2024-06-07,2024-06-06,-0.025236593059936974,-0.038109756097560954,-0.03369065849923436,0.0019000000000000128,-0.04761904761904778,0.0483939026319955,0.01325092640164333,-0.06794682422452003,162197130.55,1
159887.SZ,2024-06-06,2024-06-07,2024-06-06,-0.008946322067594492,-0.01177625122669268,0.012060301507537785,0.004850000000000021,-0.014580683041393372,0.04029589914996867,0.0088807424189033,-0.03173076923076912,58350067.7,6
512700.SH,2024-06-06,2024-06-07,2024-06-06,-0.008442056792018371,-0.012859304084720025,0.011627906976744207,0.006199999999999983,-0.016319300493724764,0.04083634081280407,0.009034756983310684,-0.03478904515173942,58929982.55,7
512800.SH,2024-06-06,2024-06-07,2024-06-06,-0.009748172217709183,-0.014411529223378738,0.009844134536505234,0.005749999999999922,-0.017557861133280173,0.040985876488507156,0.009283752901857763,-0.03526645768025094,227615554.8,5
513090.SH,2024-06-06,2024-06-07,2024-06-06,-0.006153846153846065,-0.0030737704918032405,0.003092783505154628,0.0022999999999999687,-0.04104863746119358,0.05425484016208926,0.020582029418808902,-0.0444225074037512,772229287.85,8
515100.SH,2024-06-06,2024-06-07,2024-06-06,-0.011013215859030923,-0.024390243902439157,-0.021582733812949617,-0.0016499999999999293,-0.025264289553843522,0.022248543831585366,0.0073349467485772455,-0.03477643718949619,113818814.2,4
515290.SH,2024-06-06,2024-06-07,2024-06-06,-0.011839708561019902,-0.015287769784172789,0.010147601476014678,0.005149999999999766,-0.017893179066325815,0.041619955156950494,0.009049282722473018,-0.03609154929577474,39842753.95,3
516970.SH,2024-06-06,2024-06-07,2024-06-06,-0.018164435946462443,-0.013245033112582849,-0.016965127238454336,0.00039999999999995595,-0.027052238805970075,0.020709354915496192,0.009839447789001284,-0.03156917363045497,74243961.7,2
159707.SZ,2024-06-13,2024-06-14,2024-06-13,-0.041095890410958735,-0.02970297029702973,-0.03130148270181221,0.0015500000000000513,-0.06032760687175398,0.05969517358171039,0.02815304878453779,-0.04854368932038844,75441307.45,0
159980.SZ,2024-06-13,2024-06-14,2024-06-13,-0.0040114613180515235,-0.0034110289937464566,-0.02230897936419418,-0.0014499999999997293,-0.03197305207355472,0.051870353159851446,0.01475237054403679,-0.039999999999999925,194193643.45,1
159611.SZ,2024-06-20,2024-06-21,2024-06-20,0.01953125,-0.032136105860113395,0.02605210420841675,0.008749999999999813,-0.008280470679385865,0.030814795094923575,0.010822293520877466,-0.032136105860113395,178672659.0,0
159611.SZ,2024-06-27,2024-06-28,2024-06-27,0.03336604514229613,-0.004882812500000111,-0.018304431599229454,0.001100000000000323,-0.014173075992841122,0.02592139217891898,0.008754786187459944,-0.019249278152069338,142925695.95,0
513310.SH,2024-07-04,2024-07-05,2024-07-04,0.017817371937639104,0.0022421524663676085,0.04439252336448596,0.018850000000000255,-0.0038257252163579336,0.04509342166554564,0.01351481081527277,-0.04139433551198257,174307346.3,0
515050.SH,2024-07-04,2024-07-05,2024-07-04,0.05326633165829153,0.004036326942482349,0.0551431601272534,0.017300000000000093,-0.001204577394097739,0.05058529897704522,0.019680357523971077,-0.054474708171206254,113237200.6,2
515880.SH,2024-07-04,2024-07-05,2024-07-04,0.04062229904926529,0.01043478260869568,0.03380782918149472,0.0132000000000001,-0.009799744354495155,0.016560068146052043,0.021608917410682073,-0.06239737274220036,213343761.45,1
159941.SZ,2024-07-18,2024-07-19,2024-07-18,-0.041516245487364656,-0.03776824034334769,0.011732851985559511,0.010299999999999976,-0.0034226785793660675,0.06471154301219428,0.014790114522970382,-0.03776824034334769,1262811427.2,0
159866.SZ,2024-07-25,2024-07-26,2024-07-25,-0.019083969465649053,-0.046363636363636274,0.0028680688336522042,0.00924999999999998,-0.04432196055208859,0.03397440929429307,0.017230510246568957,-0.072502210433245,177504097.95,2
513000.SH,2024-07-25,2024-07-26,2024-07-25,-0.030303030303030498,-0.05133470225872683,0.002169197396963085,0.010649999999999826,-0.04248704663212444,0.029699448692868557,0.014667210481823583,-0.07352941176470595,90517629.75,0
513300.SH,2024-07-25,2024-07-26,2024-07-25,-0.005571030640668551,-0.07010309278350524,-0.03529411764705881,0.003149999999999986,-0.06883113531370166,0.07065487703785567,0.021178110099330252,-0.09754877438719367,787889258.1,4
513520.SH,2024-07-25,2024-07-26,2024-07-25,-0.007746478873239315,-0.05418060200668895,0.0007077140835101137,0.015899999999999803,-0.054781242688592524,0.04304324079346444,0.02109171481116705,-0.07702349869451708,606838455.8,3
513880.SH,2024-07-25,2024-07-26,2024-07-25,-0.023882896764252592,-0.048210372534696955,0.001537279016141424,0.008800000000000141,-0.039262672811059884,0.027034190299496386,0.013322591720157883,-0.06460875807609479,216521800.35,1
512200.SH,2024-08-29,2024-08-30,2024-08-29,0.03054806828391743,-0.029565217391304133,1.5953488372093028,0.17659999999999998,0.18641365013554467,0.5571097500413837,0.3809412795972598,-0.06091370558375642,135789034.25,0
512200.SH,2024-09-12,2024-09-13,2024-09-12,0.07413945278022926,-0.027491408934707917,-0.05509181969949917,0.023900000000000032,-0.011871508379888263,0.5968034195976395,0.017753522959783774,-0.03839590443686003,123725858.0,0
159687.SZ,2024-10-10,2024-10-11,2024-10-10,0.0015649452269170805,-0.0031372549019608176,0.015175718849840258,0.005149999999999988,0.024834704079987002,-0.01045240564908645,0.011806786981205141,-0.01631701631701643,25288588.55,0
159601.SZ,2024-10-17,2024-10-18,2024-10-17,0.033047735618114915,-0.05658198614318699,0.17385057471264376,0.03369999999999995,0.043222881951094916,0.05304558289632921,0.034756297232576214,-0.1186623516720604,169925413.0,11
159605.SZ,2024-10-17,2024-10-18,2024-10-17,0.020474137931034475,-0.0687936191425721,0.24866310160427818,0.05339999999999989,0.05703938433680422,0.09528138170399103,0.034750388218784144,-0.084313725490196,2105496459.55,4
159607.SZ,2024-10-17,2024-10-18,2024-10-17,0.019565217391304346,-0.06552419354838701,0.24932614555256083,0.053100000000000036,0.05882352941176472,0.09451181397674735,0.03461541268320486,-0.08126858275520299,675569298.3,3
159636.SZ,2024-10-17,2024-10-18,2024-10-17,0.05815160955347887,-0.0622568093385214,0.26178010471204183,0.051999999999999935,0.07212367235722628,0.11741922120961057,0.03220542788611565,-0.09108159392789372,199671388.25,26
159732.SZ,2024-10-17,2024-10-18,2024-10-17,0.08219178082191791,-0.05290322580645168,0.19543973941368087,0.03170000000000006,0.07679894373945562,0.04119039739314179,0.042711478432084324,-0.12019230769230782,127063875.9,36
159747.SZ,2024-10-17,2024-10-18,2024-10-17,0.037683823529411686,-0.06740614334470985,0.23642533936651589,0.06005000000000016,0.05542680571649283,0.11426726920593944,0.03391016173837007,-0.09219269102990035,112528241.8,18
159755.SZ,2024-10-17,2024-10-18,2024-10-17,0.13621262458471772,-0.09687034277198214,0.20958083832335328,0.02859999999999996,0.04735568613895613,0.08585905977291919,0.048387041940596655,-0.16528925619834722,135610611.05,50
159780.SZ,2024-10-17,2024-10-18,2024-10-17,0.11931818181818166,-0.09847198641765709,0.2919708029197079,0.03359999999999996,0.08091603053435126,0.08904489192684273,0.0753897359897543,-0.2318840579710144,230267822.55,44
159781.SZ,2024-10-17,2024-10-18,2024-10-17,0.1202290076335879,-0.09948542024013729,0.2867647058823528,0.032999999999999974,0.07891491985203447,0.08769838313091438,0.0740637796877204,-0.2279411764705881,343353033.9,45
159783.SZ,2024-10-17,2024-10-18,2024-10-17,0.12310606060606055,-0.09863945578231303,0.2832929782082325,0.03334999999999999,0.08086060976853271,0.08556564091210994,0.07228719930146157,-0.21828908554572257,145359174.15,47
159828.SZ,2024-10-17,2024-10-18,2024-10-17,0.09273182957393478,-0.10313901345291476,0.18694362017804145,0.01789999999999997,0.041938004688721,0.05380181169365894,0.047478567874693754,-0.17355371900826444,97933107.9,38
159841.SZ,2024-10-17,2024-10-18,2024-10-17,0.05906313645621153,-0.045498547918683574,0.33967391304347827,0.06690000000000007,0.09928089637103521,0.1390564480284464,0.04666702998965703,-0.14372822299651578,414194881.65,28
159842.SZ,2024-10-17,2024-10-18,2024-10-17,0.05675146771037176,-0.039436619718309696,0.32341526520051755,0.06654999999999978,0.09353287012292921,0.13261229266717778,0.047200510896781005,-0.1460767946577628,209324368.45,24
159859.SZ,2024-10-17,2024-10-18,2024-10-17,0.09615384615384626,-0.1073170731707318,0.18446601941747565,0.015849999999999975,0.03888731195004258,0.04328512906569282,0.046226606692633655,-0.17381489841986464,123248491.15,39
159901.SZ,2024-10-17,2024-10-18,2024-10-17,0.07056603773584902,-0.07015082427218522,0.21717171717171713,0.13044999999999973,0.05344724816212998,0.0712917370265782,0.04553417994472051,-0.16319444444444453,311258186.8,33
159920.SZ,2024-10-17,2024-10-18,2024-10-17,0.017900732302685185,-0.03915426781519171,0.17304015296367115,0.049650000000000194,0.04398876882498093,0.07375826049882783,0.025607498945835517,-0.0532407407407407,1845747448.95,2
159967.SZ,2024-10-17,2024-10-18,2024-10-17,0.0897155361050328,-0.06557377049180335,0.2881355932203389,0.028500000000000025,0.08882521489971329,0.08217054263565915,0.07068409494481095,-0.20557491289198615,390816152.0,37
159993.SZ,2024-10-17,2024-10-18,2024-10-17,0.055118110236220375,-0.036195286195286114,0.34232121922626035,0.07665,0.10847572486567603,0.1330968791707039,0.045076732693451735,-0.12394797245600608,144779865.2,23
159996.SZ,2024-10-17,2024-10-18,2024-10-17,0.07884151246983095,-0.04528012279355331,0.1950048030739675,0.052649999999999864,0.04498298962577185,0.08683810103469258,0.03364710243355382,-0.10952040085898351,171925811.05,35
510050.SH,2024-10-17,2024-10-18,2024-10-17,0.02872928176795586,-0.04908835904628339,0.16846186988367085,0.10660000000000025,0.04726598702502316,0.04402515723270417,0.031716213311228064,-0.08932169241101429,4594212321.7,8
510180.SH,2024-10-17,2024-10-18,2024-10-17,0.03581191908146519,-0.044148380355276906,0.17501605651894692,0.1451500000000001,0.053480169869718486,0.041126481917237445,0.032012916539685125,-0.09430693069306928,107046057.25,14
510310.SH,2024-10-17,2024-10-18,2024-10-17,0.025112344699973477,-0.054445554445554545,1.3721804511278197,0.5634500000000005,0.213344870685511,0.4491678922517226,0.2266074220987589,-0.11604015876721929,3044143302.0,6
510900.SH,2024-10-17,2024-10-18,2024-10-17,0.022702702702702693,-0.04343329886246128,0.19818652849740936,0.041449999999999876,0.05329082213618763,0.07585193049798877,0.027129238926438575,-0.05322415557830096,1020152692.1,5
512000.SH,2024-10-17,2024-10-18,2024-10-17,0.057859209257473454,-0.028089887640449507,0.34455958549222765,0.06994999999999996,0.10619704800980423,0.135467086156825,0.04696726657364603,-0.13727121464226288,1469850208.1,25
512070.SH,2024-10-17,2024-10-18,2024-10-17,0.04701397712833555,-0.02103960396039606,0.34752981260647364,0.05270000000000019,0.11345720720720709,0.14074668807707758,0.04504937456827454,-0.1233333333333333,357539267.6,21
512170.SH,2024-10-17,2024-10-18,2024-10-17,0.09627329192546585,-0.09999999999999998,0.1824817518248174,0.014300000000000035,0.044487427466150864,0.05128784455490276,0.044671997816530126,-0.16279069767441856,878801308.15,40
512290.SH,2024-10-17,2024-10-18,2024-10-17,0.06469298245614041,-0.10029498525073755,0.14518147684605753,0.033500000000000085,0.028263190425352525,0.0463079093830836,0.04358564607386141,-0.16742493175614193,116333120.45,30
513010.SH,2024-10-17,2024-10-18,2024-10-17,0.03993344425956735,-0.0707692307692308,0.25571725571725556,0.03484999999999994,0.05946325206104208,0.11011586018888098,0.035619489790350775,-0.10119047619047628,1304108375.65,19
513020.SH,2024-10-17,2024-10-18,2024-10-17,0.05853658536585349,-0.07045454545454544,0.24885496183206102,0.04519999999999991,0.05869410470458836,0.12100108813928179,0.03321450272644579,-0.09211986681465034,80661516.05,27
513050.SH,2024-10-17,2024-10-18,2024-10-17,0.015000000000000124,-0.06288819875776397,0.20941883767535074,0.05689999999999995,0.051989366801760806,0.08031636928581509,0.03345916306426824,-0.07580398162327717,4218377149.75,1
513180.SH,2024-10-17,2024-10-18,2024-10-17,0.0372250423011844,-0.06907378335949765,0.26980728051391845,0.035149999999999904,0.06472753388993624,0.11256492209348767,0.03628924681695069,-0.09878419452887544,6746163919.0,16
513260.SH,2024-10-17,2024-10-18,2024-10-17,0.03730017761989335,-0.0684818481848185,0.2671156004489337,0.06619999999999981,0.06378969188730821,0.11309607047965287,0.03593988053681521,-0.0968,182667351.3,17
513550.SH,2024-10-17,2024-10-18,2024-10-17,0.026376146788990917,-0.041712403951701504,0.15323645970937916,0.03225,0.036878674505611775,0.0685548692782807,0.02374808189402234,-0.05211726384364823,153598066.7,7
513600.SH,2024-10-17,2024-10-18,2024-10-17,0.008676789587852562,-0.044509151414309334,0.15485168426344909,0.08465000000000034,0.03889642695612827,0.06565344172483889,0.026097909907210753,-0.05899221630479301,388695720.55,0
513660.SH,2024-10-17,2024-10-18,2024-10-17,0.029350971475816445,-0.04133545310015907,0.16465475615644598,0.09210000000000029,0.04293682708522484,0.06587497887637705,0.024018545098273607,-0.0522593320235758,358371167.25,9
513860.SH,2024-10-17,2024-10-18,2024-10-17,0.06679389312977113,-0.06737588652482274,0.24056603773584917,0.027800000000000047,0.059522610534797016,0.1159523452719915,0.03319645228380737,-0.09466437177280562,104837259.95,31
513890.SH,2024-10-17,2024-10-18,2024-10-17,0.04054054054054057,-0.06610703043022037,0.27873563218390784,0.05349999999999999,0.07086993141619558,0.1192009875434854,0.0356648977940704,-0.08247422680412375,109408458.8,20
513980.SH,2024-10-17,2024-10-18,2024-10-17,0.06285714285714294,-0.06902654867256641,0.2434988179669031,0.028250000000000053,0.059949622166246774,0.11566996402877705,0.0317749237436038,-0.09153713298791022,597753102.45,29
515030.SH,2024-10-17,2024-10-18,2024-10-17,0.12192902638762515,-0.09730171708912505,0.20920043811610078,0.05325000000000002,0.04590024158021899,0.08489644894393322,0.046157062438059115,-0.1617312072892938,141315994.8,46
515120.SH,2024-10-17,2024-10-18,2024-10-17,0.06730769230769229,-0.08421052631578951,0.16258351893095768,0.019499999999999962,0.03921958988652219,0.054476750288653175,0.04464914273637079,-0.16077170418006426,134186794.95,32
515700.SH,2024-10-17,2024-10-18,2024-10-17,0.11857436600411253,-0.09876543209876543,0.20860927152317887,0.06969999999999987,0.045283694290316756,0.08571169467152062,0.047039013820134895,-0.163802978235968,89083495.9,43
515800.SH,2024-10-17,2024-10-18,2024-10-17,0.052685950413223326,-0.0490196078431373,0.19164619164619157,0.04129999999999989,0.05716309737888947,0.051994955285485034,0.038162014685789655,-0.11978221415607992,144733168.05,22
515880.SH,2024-10-17,2024-10-18,2024-10-17,0.10675039246467821,-0.05419450631031919,0.2714570858283434,0.07530000000000014,0.08596513659804783,0.06904302659356376,0.03946839856246209,-0.11422564821303438,209767494.05,41
516160.SH,2024-10-17,2024-10-18,2024-10-17,0.16914893617021276,-0.0926993275696445,2.778,0.36044999999999994,0.14346246973365617,0.8417972016277382,0.494716542771283,-0.15782434239857324,177816237.75,51
560050.SH,2024-10-17,2024-10-18,2024-10-17,0.03439803439803435,-0.05458768873403008,0.17460317460317465,0.03334999999999999,0.04533196352895863,0.05108996423027601,0.034502356594036596,-0.11038251366120211,133265886.3,13
561300.SH,2024-10-17,2024-10-18,2024-10-17,0.03652392947103267,-0.049160671462829764,0.16789396170839477,0.030349999999999988,0.044245456939689065,0.044255494694382724,0.03564348773247696,-0.10898876404494384,124996148.75,15
562500.SH,2024-10-17,2024-10-18,2024-10-17,0.07589285714285698,-0.06102635228848807,0.21326164874551967,0.030750000000000055,0.06925689015241243,0.07225719043721268,0.042382964078762006,-0.13478818998716302,91147051.45,34
563000.SH,2024-10-17,2024-10-18,2024-10-17,0.034313725490195957,-0.05767012687427908,0.17385057471264376,0.03390000000000004,0.04362266079070065,0.05273656371867874,0.03501107758894436,-0.1177105831533477,87373043.45,12
588050.SH,2024-10-17,2024-10-18,2024-10-17,0.12942477876106206,-0.07841140529531565,0.3269794721407624,0.05885000000000007,0.11432617127377931,0.07750309570139757,0.07199415730421038,-0.19192825112107625,883380665.25,49
588330.SH,2024-10-17,2024-10-18,2024-10-17,0.11753731343283569,-0.09715242881072017,0.2802850356294537,0.0333500000000001,0.0817862518815855,0.084370125866009,0.07342589717831775,-0.21915820029027577,124737052.7,42
588380.SH,2024-10-17,2024-10-18,2024-10-17,0.12639405204460963,-0.10149750415973369,0.28878281622911683,0.03410000000000013,0.07967609717084856,0.08732200442045013,0.07275109901648528,-0.2219020172910663,119401726.45,48
510100.SH,2024-10-17,2024-10-18,2024-10-17,0.031722054380664666,-0.050215208034433134,0.16754850088183448,0.05194999999999994,0.047261222068420095,0.04313925025440746,0.029694537180920803,-0.08500345542501708,233970650.3,10
159605.SZ,2024-10-24,2024-10-25,2024-10-24,0.0042283298097252064,0.009635974304068595,0.1936708860759493,0.04775000000000007,0.012508723895420903,0.13583885523801764,0.036200430397573015,-0.06036217303822933,2470998646.0,6
159607.SZ,2024-10-24,2024-10-25,2024-10-24,0.004268943436499528,0.008629989212513456,0.19565217391304346,0.0474500000000001,0.01305596186142255,0.13533295063145823,0.036146959733108795,-0.06079027355623101,839675018.0,7
159747.SZ,2024-10-24,2024-10-25,2024-10-24,-0.003577817531305927,0.022872827081427127,0.20474137931034475,0.056400000000000006,0.023809523809523725,0.15238497256226258,0.03571332527433347,-0.05367965367965377,147516420.65,4
512290.SH,2024-10-24,2024-10-25,2024-10-24,-0.017875920084121977,0.04371584699453557,0.1937500000000001,0.04005000000000014,0.026992149693515266,0.08327346859528206,0.04433318186167999,-0.057672502574665385,146568948.9,0
513050.SH,2024-10-24,2024-10-25,2024-10-24,-0.0008203445447086954,0.005799502899751285,0.16955684007707128,0.05604999999999993,0.008808376267242846,0.1171728736983797,0.03434063245792741,-0.05555555555555547,4965065448.6,5
513220.SH,2024-10-24,2024-10-25,2024-10-24,0.008130081300813163,0.01746323529411753,0.22999999999999998,0.061349999999999794,0.019196243612760622,0.15233228418856304,0.04418652545021281,-0.058008658008657954,222748044.8,9
513330.SH,2024-10-24,2024-10-25,2024-10-24,0.004629629629629539,0.007009345794392496,0.19722222222222197,0.02239999999999992,0.0045449248339355375,0.149754354622599,0.03932524116744691,-0.05934065934065935,8224451106.1,8
515180.SH,2024-10-24,2024-10-25,2024-10-24,-0.008227374719521285,-0.04294917680744459,0.08346839546191243,0.02970000000000006,-0.022303473491773418,0.04142868022237467,0.031090446543926138,-0.06568832983927331,194238000.05,2
517180.SH,2024-10-24,2024-10-25,2024-10-24,-0.005249343832021025,0.013245033112582849,0.1383928571428572,0.053400000000000336,0.010501287893798228,0.02874031797798615,0.03419432815595657,-0.06501547987616108,128677137.7,3
510100.SH,2024-10-24,2024-10-25,2024-10-24,-0.009530791788856408,0.030211480362537735,0.2038834951456312,0.06050000000000022,0.02962823174183815,0.08266590389016026,0.03005872409978322,-0.04127443881245474,265689656.75,1
159601.SZ,2024-10-31,2024-11-01,2024-10-31,0.044794188861985385,-0.018979833926453082,0.061617458279846105,0.025999999999999912,-0.024591614082679625,0.11591023756772767,0.033482877627831684,-0.030480656506447712,214684878.4,19
159740.SZ,2024-10-31,2024-11-01,2024-10-31,0.04492512479201327,0.0033277870216306127,0.09239130434782594,0.02375000000000005,-0.009770917152475578,0.18108938096007776,0.036717319981579434,-0.021172638436482094,2271844402.05,20
159742.SZ,2024-10-31,2024-11-01,2024-10-31,0.04207119741100329,0.0032467532467532756,0.0957446808510638,0.024449999999999972,-0.008821170809943935,0.17982843446448826,0.03533716164309654,-0.020602218700475405,553150304.3,16
159747.SZ,2024-10-31,2024-11-01,2024-10-31,0.030384271671134888,0.0008944543828266482,0.08430232558139528,0.040899999999999936,-0.012269397122429138,0.16872130809305208,0.03315031235739204,-0.02441150828247607,158965321.0,8
159850.SZ,2024-10-31,2024-11-01,2024-10-31,0.027100271002709952,-0.009433962264150941,0.045519203413940224,0.01969999999999994,-0.01421673819742486,0.12776041141474215,0.032937888581649574,-0.025198938992042508,162531116.2,4
159920.SZ,2024-10-31,2024-11-01,2024-10-31,0.023349436392914757,-0.006415396952686669,0.044688026981450246,0.028649999999999842,-0.010462423129143139,0.11304373592509176,0.024425487766545656,-0.018225039619651495,2163702416.05,0
510050.SH,2024-10-31,2024-11-01,2024-10-31,0.053747714808043856,-0.017210469702402365,0.04698242933537067,0.08250000000000046,-0.019565761705476303,0.10448861878016502,0.02864816442387369,-0.026979055733049262,4754407344.2,27
510230.SH,2024-10-31,2024-11-01,2024-10-31,0.06334125098970711,-0.02472952086553326,0.06949152542372872,0.04169999999999985,-0.025181523250424775,0.13283164158207894,0.04191147942964286,-0.03590527119938891,88311828.2,31
510310.SH,2024-10-31,2024-11-01,2024-10-31,0.0558908422986093,-0.009612886464016701,0.06958473625140282,0.2053500000000006,-0.02242623959789214,0.5527615179389163,0.03626768733257801,-0.0315040650406504,3111286838.9,28
510880.SH,2024-10-31,2024-11-01,2024-10-31,0.027388535031847017,-0.024798512089274638,-0.013483850736908165,0.04439999999999955,-0.02986570455001003,0.04981142662904192,0.02757728997859644,-0.032595325953259646,748222733.85,5
510900.SH,2024-10-31,2024-11-01,2024-10-31,0.028784648187633266,-0.011640211640211673,0.047085201793722,0.02485000000000015,-0.011640211640211673,0.12435305082393078,0.02563924481595305,-0.024033437826541326,1195621269.45,7
512070.SH,2024-10-31,2024-11-01,2024-10-31,0.1211750305997552,-0.0048661800486617945,0.19590643274853803,0.046250000000000124,0.002450980392156854,0.2282374190958809,0.04468161868096774,-0.03588516746411485,392818417.95,36
512700.SH,2024-10-31,2024-11-01,2024-10-31,0.026049204052098318,-0.03361344537815125,0.008771929824561209,0.028299999999999992,-0.02861366276000432,0.06706141558799206,0.026785382397483154,-0.04761904761904778,61344833.9,2
512800.SH,2024-10-31,2024-11-01,2024-10-31,0.02846715328467142,-0.03175723359209581,0.00956585724797665,0.02760000000000007,-0.02788110674177202,0.07468653231128508,0.02569224731805489,-0.04656011118832515,482432352.1,6
512890.SH,2024-10-31,2024-11-01,2024-10-31,0.03581526861451456,-0.023875114784205675,0.0009416195856875031,0.01695000000000002,-0.025977000962111196,0.05512407347727999,0.027528311822554576,-0.03539019963702372,354440577.8,12
512930.SH,2024-10-31,2024-11-01,2024-10-31,0.06046141607000788,0.00799360511590752,0.2828077314343844,0.08079999999999998,0.028506178377717184,0.1967495810896549,0.04285645239795293,-0.03105590062111807,97488654.1,30
513010.SH,2024-10-31,2024-11-01,2024-10-31,0.04494382022471921,0.003215434083601254,0.09473684210526301,0.02464999999999995,-0.009209272785011158,0.17664642690331633,0.03400898308045143,-0.021943573667711602,1731122300.15,21
513050.SH,2024-10-31,2024-11-01,2024-10-31,0.025493421052631637,-0.0016474464579900872,0.043927648578811374,0.03550000000000009,-0.021712809750585094,0.1313983044398106,0.030114985614843222,-0.025723472668810365,4960288700.6,1
513060.SH,2024-10-31,2024-11-01,2024-10-31,0.03768844221105527,-0.033816425120772986,0.05263157894736836,0.011800000000000033,-0.04489016236867249,0.12298891669646062,0.039222300929885365,-0.05437352245862892,2603118658.15,14
513130.SH,2024-10-31,2024-11-01,2024-10-31,0.04304635761589415,0.0033167495854062867,0.09403254972875219,0.02419999999999989,-0.007790077900778902,0.18160971513468094,0.03489986781186677,-0.02110389610389607,7651901877.3,18
513260.SH,2024-10-31,2024-11-01,2024-10-31,0.0429184549356223,0.004310344827586077,0.09698681732580017,0.04655000000000009,-0.007539293776888223,0.18018365226716715,0.03429820196667577,-0.021848739495798353,238844666.35,17
513310.SH,2024-10-31,2024-11-01,2024-10-31,0.058577405857740406,-0.00138792505204699,0.2153716216216215,0.07895000000000008,0.016601907453196674,0.12172121404231717,0.036287496802203015,-0.03247631935047368,2294495573.1,29
513380.SH,2024-10-31,2024-11-01,2024-10-31,0.04586330935251781,0.0009000900090008201,0.09126594700686952,0.044099999999999806,-0.009927436228464592,0.18182774767191012,0.03538097085488382,-0.02370500438981571,720376486.55,22
513550.SH,2024-10-31,2024-11-01,2024-10-31,0.03378378378378377,-0.006718924972004436,0.044758539458185975,0.019650000000000056,-0.00705250195902829,0.1044757665677547,0.023102647980593558,-0.015538290788013387,152237278.85,10
513580.SH,2024-10-31,2024-11-01,2024-10-31,0.047697368421052655,0.0016474464579900872,0.09549549549549541,0.024550000000000072,-0.012906891793165065,0.18281325012001903,0.038468645865575614,-0.022508038585209,519563251.6,25
513600.SH,2024-10-31,2024-11-01,2024-10-31,0.026921406860616504,-0.00819318671841296,0.02632753235162877,0.046699999999999964,-0.017262006494616067,0.10274854719648174,0.024916589984964904,-0.026661024121878873,472170835.1,3
513890.SH,2024-10-31,2024-11-01,2024-10-31,0.03579175704989157,0.0021834061135370675,0.11003627569528418,0.039449999999999874,-0.0070845276080254704,0.18729934506228307,0.03406568836012699,-0.021367521367521403,148171534.05,11
515000.SH,2024-10-31,2024-11-01,2024-10-31,0.08551068883610458,-0.0015760441292353988,0.23009708737864076,0.07209999999999983,0.010245983335327002,0.16724835962585516,0.04238084385808927,-0.035439137134052445,189044396.35,35
515080.SH,2024-10-31,2024-11-01,2024-10-31,0.03856382978723394,-0.017589576547231256,0.006675567423231055,0.02774999999999994,-0.02201757514835112,0.0549379126329832,0.029148781985739253,-0.028350515463917536,274052917.4,15
515180.SH,2024-10-31,2024-11-01,2024-10-31,0.03658536585365857,-0.016454749439042682,-0.03874269005847952,0.009899999999999798,-0.04530274430085668,0.04720029397230063,0.028470985394185952,-0.02736686390532539,164962118.3,13
515980.SH,2024-10-31,2024-11-01,2024-10-31,0.067524115755627,0.007486631016042855,0.27989130434782594,0.060250000000000026,0.027038813781072868,0.2021232442823131,0.04261431977523733,-0.03319502074688796,139080391.75,32
517180.SH,2024-10-31,2024-11-01,2024-10-31,0.03232323232323231,-0.02875816993464053,0.010884353741496655,0.022549999999999848,-0.03296131194481511,0.04714473923314566,0.03344013600593531,-0.040723981900452455,117349617.0,9
560050.SH,2024-10-31,2024-11-01,2024-10-31,0.04628501827040177,-0.01787842669845041,0.06048906048906044,0.025800000000000045,-0.022422588681931366,0.11386661968108536,0.03358290688050618,-0.029446407538280206,170369970.35,24
561990.SH,2024-10-31,2024-11-01,2024-10-31,0.049645390070921946,-0.007042253521126751,0.07770700636942673,0.02849999999999986,-0.015248515888720782,0.11121650462414046,0.037518621337689954,-0.017421602787456414,73737991.5,26
563000.SH,2024-10-31,2024-11-01,2024-10-31,0.04600484261501192,-0.019002375296911955,0.060333761232349126,0.025799999999999823,-0.024966062680752854,0.11523356078723901,0.03404146609178233,-0.03165298944900341,89229519.2,23
588200.SH,2024-10-31,2024-11-01,2024-10-31,0.0849816849816849,-0.002162941600576729,0.512568306010929,0.1273000000000002,0.04413428894756688,0.2660787060621499,0.08212037958307386,-0.057182705718270666,6525069034.75,34
588290.SH,2024-10-31,2024-11-01,2024-10-31,0.08383233532934131,-0.002954209748892045,0.5151515151515151,0.12414999999999998,0.04420466411416646,0.2643597600730214,0.08052054603875423,-0.06241134751773059,473266919.4,33
159934.SZ,2024-11-14,2024-11-15,2024-11-14,0.053824362606232246,-0.029691006387018937,-0.03881668946648431,-0.002049999999998775,-0.04831240952534155,0.04246262641713683,0.01018859533069559,-0.0611324536495742,669248174.3,2
159937.SZ,2024-11-14,2024-11-15,2024-11-14,0.052244039270687326,-0.02955749188450363,-0.037451279444162044,-0.000700000000000145,-0.04714773404014383,0.04239370243969276,0.010041325488557394,-0.0599139357828532,263765018.9,0
518800.SH,2024-11-14,2024-11-15,2024-11-14,0.053919829726853497,-0.030878040365706627,-0.03735435229609341,-0.0011499999999999844,-0.047546389305665016,0.042783017617056496,0.009948287347450832,-0.060692191941147056,185431472.55,3
518880.SH,2024-11-14,2024-11-15,2024-11-14,0.05235510418490663,-0.030716723549487956,-0.03810330228619807,-0.0019999999999997797,-0.048281293198059516,0.04261730896893878,0.009970329275440415,-0.06131217980499082,2238377460.15,1
159632.SZ,2024-11-21,2024-11-22,2024-11-21,0.0029036004645761615,-0.019517795637198687,0.038297872340425476,0.01464999999999983,0.007699342163485667,0.034042033981026565,0.012057264097487858,-0.024027459954233388,166729008.95,6
159732.SZ,2024-11-21,2024-11-22,2024-11-21,-0.02506265664160401,-0.03033980582524276,0.01913265306122458,0.002349999999999852,-0.01884938908331779,0.13046596640599684,0.02093226496585689,-0.08847497089639123,143282321.85,2
159773.SZ,2024-11-21,2024-11-22,2024-11-21,-0.014416775884665833,-0.04030226700251893,0.03392130257801895,0.0014999999999999458,-0.003986667538069422,0.1474889383296254,0.02607738307165489,-0.1058394160583942,33489504.7,3
159941.SZ,2024-11-21,2024-11-22,2024-11-21,0.007860262008733576,-0.017301038062283558,0.040293040293040594,0.009649999999999936,0.009239516702203465,0.03166674304569006,0.012332832228586981,-0.025862068965517238,1128308528.75,7
512950.SH,2024-11-21,2024-11-22,2024-11-21,-0.028301886792452935,-0.008651766402307137,0.010286554004408588,0.0026999999999999247,-0.0042365209834522854,0.06860393127998776,0.010680495149499905,-0.03511235955056169,41362261.4,1
515050.SH,2024-11-21,2024-11-22,2024-11-21,-0.029543419874664245,-0.04526046114432103,-0.02867072111207658,-0.010099999999999998,-0.030439684329199634,0.11480640015468646,0.022033083353478786,-0.10474631751227492,129643027.25,0
516510.SH,2024-11-21,2024-11-22,2024-11-21,-0.012058570198105079,-0.03722084367245648,0.10122989593188292,0.01849999999999996,0.01752698981598866,0.2147281608381708,0.03223616458311539,-0.13149606299212602,113075642.05,4
513360.SH,2024-11-21,2024-11-22,2024-11-21,-0.003831417624521105,-0.016917293233082775,0.009652509652509744,-0.0019000000000000128,-0.023160254015689108,0.10574142916150353,0.021840906778985154,-0.09269162210338688,321502928.2,5
159755.SZ,2024-11-28,2024-11-29,2024-11-28,0.025036818851251752,-0.05138888888888882,0.031722054380664666,0.005599999999999938,-0.03456074634249762,0.1352500668627976,0.026701731831148195,-0.05138888888888882,230552833.9,2
159819.SZ,2024-11-28,2024-11-29,2024-11-28,0.03950338600451464,-0.03373231773667029,0.007945516458569779,0.0020499999999999963,-0.024765251770907715,0.1402542107569973,0.030064704764870845,-0.055495103373231824,525127820.3,7
159840.SZ,2024-11-28,2024-11-29,2024-11-28,0.022018348623853212,-0.050434782608695716,0.030188679245283012,0.0044000000000000705,-0.035335689045936425,0.1357859531772576,0.028506615640726832,-0.06024096385542177,96706565.45,0
159852.SZ,2024-11-28,2024-11-29,2024-11-28,0.04702970297029685,-0.037869822485207094,0.04364569961489084,0.01265000000000005,-0.01959602050045217,0.20782152740690396,0.0369934212555096,-0.059171597633136175,169857359.4,10
512680.SH,2024-11-28,2024-11-29,2024-11-28,0.025023169601482875,-0.0357142857142857,-0.03052064631956919,-0.008199999999999985,-0.047577053661978175,0.12063314281949511,0.027815630135404064,-0.0596616206589492,123067066.55,1
512930.SH,2024-11-28,2024-11-29,2024-11-28,0.03540519276160525,-0.03490136570561442,0.008723235527359208,0.00254999999999983,-0.024652072230955002,0.13873042668374147,0.02880372253269566,-0.05766312594840661,90237204.35,5
515000.SH,2024-11-28,2024-11-29,2024-11-28,0.03281249999999991,-0.03814510097232626,0.014996053670086607,0.003949999999999898,-0.03220951234196279,0.12351507123430516,0.024868478521780216,-0.05459985041136872,131030539.4,4
515070.SH,2024-11-28,2024-11-29,2024-11-28,0.039858281665190454,-0.030716723549487845,0.012477718360071277,0.003149999999999986,-0.021954369349978298,0.14101871408222388,0.028990016671212867,-0.05460750853242324,127692110.9,8
515230.SH,2024-11-28,2024-11-29,2024-11-28,0.06326034063260333,-0.035169988276670616,0.043092522179974724,0.01244999999999985,-0.01877794336810712,0.2016762577903004,0.03782223131433463,-0.05744431418522866,163267269.75,11
515980.SH,2024-11-28,2024-11-29,2024-11-28,0.03653444676409179,-0.03915662650602403,0.015923566878981,0.0041999999999998705,-0.024116657319125046,0.1438152446492098,0.03129089036718246,-0.0612449799196787,134289870.3,6
516510.SH,2024-11-28,2024-11-29,2024-11-28,0.04520795660036181,-0.04295532646048128,0.013648771610554888,0.008099999999999996,-0.03302808037845595,0.1826005132591959,0.03451084471922418,-0.07081911262798635,110814925.6,9
562500.SH,2024-11-28,2024-11-29,2024-11-28,0.13342318059299196,-0.053299492385786795,0.034674063800277155,0.007299999999999973,-0.03179753406878649,0.13089850534504244,0.03061748506227652,-0.06801007556675065,206762154.25,12
588010.SH,2024-11-28,2024-11-29,2024-11-28,0.029850746268656803,-0.04739336492891,0.02203389830508451,0.0043000000000000815,-0.03504560729716755,0.16516983125640938,0.032694727821890826,-0.07042253521126762,48038452.6,3
159755.SZ,2024-12-05,2024-12-06,2024-12-05,-0.011678832116788329,0.0014641288433381305,-0.04201680672268915,0.0010000000000000009,-0.03451196273554935,0.1084830625603046,0.024785939628770702,-0.03802816901408457,224245311.5,0
159840.SZ,2024-12-05,2024-12-06,2024-12-05,-0.007312614259597838,0.001831501831501825,-0.04035087719298247,0.0007999999999999119,-0.034932956951305494,0.10894446799491297,0.027174375921683497,-0.03873239436619724,90674760.85,1
162411.SZ,2024-12-05,2024-12-06,2024-12-05,-0.006459948320413411,-0.03598014888337475,0.005174644243208348,0.015350000000000086,-0.024726998870340244,0.05679481794265273,0.01344041583045116,-0.061594202898550776,45246284.8,2
159667.SZ,2024-12-19,2024-12-20,2024-12-19,-0.0009671179883946612,-0.03724394785847285,0.014720314033366044,0.008349999999999858,0.007110158761079344,0.06515198672061406,0.01977322680835884,-0.06457564575645758,50505230.75,9
159770.SZ,2024-12-19,2024-12-20,2024-12-19,-0.007134363852556391,-0.04740406320541757,0.03685503685503688,0.011699999999999933,0.00776119402985076,0.0835579514824798,0.02524055268117931,-0.08388520971302427,121525784.35,8
159805.SZ,2024-12-19,2024-12-20,2024-12-19,-0.04684838160136284,-0.030402629416598326,0.0678733031674208,0.023950000000000138,0.011096354055095903,0.0891062929666846,0.02171407802018617,-0.06255077173030055,56303815.15,2
159851.SZ,2024-12-19,2024-12-20,2024-12-19,-0.025259067357512932,-0.06196840826245431,0.005863192182410604,0.012849999999999806,-0.012219307785810152,0.10897481376374585,0.02641773929534513,-0.07290400972053457,693158793.15,4
510760.SH,2024-12-19,2024-12-20,2024-12-19,-0.03616636528028938,-0.02466960352422909,0.006363636363636349,0.0036000000000000476,0.005769318130195877,0.018821641802557743,0.009731937659672764,-0.028193832599119006,142447615.05,3
512980.SH,2024-12-19,2024-12-20,2024-12-19,-0.05219454329774609,-0.029714285714285582,0.07196969696969702,0.017650000000000055,0.012643129770992356,0.08876047009934429,0.02152299696068709,-0.06108597285067863,234885977.35,1
515210.SH,2024-12-19,2024-12-20,2024-12-19,-0.06971340046475594,-0.039434523809523614,0.015735641227380137,0.009350000000000191,0.002445937026827716,0.03850495927747777,0.014822921303928269,-0.051073279052553655,56394081.0,0
516100.SH,2024-12-19,2024-12-20,2024-12-19,-0.018488745980707377,-0.06362275449101806,-0.0007987220447285281,0.009649999999999714,-0.015038185969608597,0.10491518051326643,0.025618926881874705,-0.07110778443113785,62827105.2,6
516860.SH,2024-12-19,2024-12-20,2024-12-19,-0.019801980198019598,-0.06187766714082499,0.0022796352583585033,0.009749999999999925,-0.013573645439928339,0.10738588524341264,0.02662970946007236,-0.07041251778093882,171957482.5,5
562500.SH,2024-12-19,2024-12-20,2024-12-19,-0.008610086100861003,-0.04900816802800456,0.03426395939086291,0.011149999999999882,0.005862388151805176,0.08177570093457942,0.024199670658690605,-0.08447488584474883,398418116.35,7
513030.SH,2024-12-19,2024-12-20,2024-12-19,0.010474860335195624,-0.02571041948579167,0.03971119133573997,0.018950000000000022,-0.004011619864434879,0.013292839621539487,0.008546057532503452,-0.030303030303030276,50546621.8,10
159628.SZ,2024-12-26,2024-12-27,2024-12-26,-0.08430232558139528,-0.014299332697807365,0.013725490196078383,0.005349999999999966,-0.02388369678089297,0.040876486194359796,0.01607492446656977,-0.05092592592592582,155666229.0,8
159629.SZ,2024-12-26,2024-12-27,2024-12-26,-0.08599999999999997,-0.009119746233148485,0.010513546300040089,0.010199999999999765,-0.01705115346038122,0.028604373596585297,0.01391222601474669,-0.04142469996128528,198750378.9,6
159633.SZ,2024-12-26,2024-12-27,2024-12-26,-0.082837891399128,-0.005910165484633634,0.013660104459622069,0.011600000000000055,-0.015030255709545304,0.028687317608631746,0.01379556825997331,-0.04224270353302606,137823199.6,10
159770.SZ,2024-12-26,2024-12-27,2024-12-26,-0.10495283018867929,0.004739336492890933,0.10129870129870144,0.01594999999999991,-0.006385845685160096,0.07534807534807508,0.02364470890745761,-0.048387096774193505,137949570.4,4
159792.SZ,2024-12-26,2024-12-27,2024-12-26,-0.025423728813559143,-1.1102230246251565e-16,0.03362573099415189,0.006299999999999972,0.0021971791055352963,0.006467720841754732,0.014407747025071211,-0.019662921348314488,812792284.0,16
159841.SZ,2024-12-26,2024-12-27,2024-12-26,-0.1071428571428572,0.0055299539170508005,0.017723880597015018,0.005250000000000199,-0.012133285041651676,0.01655288793434062,0.013504836603979152,-0.02707581227436806,317595446.45,3
159845.SZ,2024-12-26,2024-12-27,2024-12-26,-0.08293460925039875,-0.007512850929221271,0.01250504235578842,0.010400000000000187,-0.01591782325727298,0.028792696617883307,0.013979545405607363,-0.042020046260601185,750007659.85,9
159851.SZ,2024-12-26,2024-12-27,2024-12-26,-0.12744436952124072,-0.036917098445595764,-0.0086666666666666,0.008099999999999996,-0.05358961303462306,0.07184519004468282,0.024193205057102703,-0.06628787878787878,696111965.65,1
510500.SH,2024-12-26,2024-12-27,2024-12-26,-0.07440925087983907,-0.003335000833750157,0.0203141003755547,0.030549999999999855,-0.006920156513503861,0.008227890510704272,0.010431958213765597,-0.03016888014428598,2521941774.65,14
510510.SH,2024-12-26,2024-12-27,2024-12-26,-0.07608695652173925,-0.0037878787878788955,0.02220988339811214,0.010099999999999998,-0.006449175638846061,0.008463045607924213,0.010646064916952263,-0.02983484283431015,78953093.5,13
510580.SH,2024-12-26,2024-12-27,2024-12-26,-0.0703125,-0.0033795201081445736,0.02006226219301288,0.01540000000000008,-0.006635901236231145,0.008909707786506571,0.009854956705221801,-0.029900332225913595,61073775.25,15
512100.SH,2024-12-26,2024-12-27,2024-12-26,-0.08509788254095074,-0.008320126782884296,0.012540453074433744,0.011150000000000215,-0.01594228538853182,0.02841027783580552,0.01418340534189491,-0.041779497098646035,2642780985.9,7
512500.SH,2024-12-26,2024-12-27,2024-12-26,-0.0774233508826262,-0.004016064257028051,0.021222679759265173,0.017300000000000093,-0.006364322808315226,0.009002705476257145,0.010300757711348188,-0.03039513677811534,303288930.6,12
516100.SH,2024-12-26,2024-12-27,2024-12-26,-0.12841756420878214,-0.03597122302158273,-0.010664479081214262,0.005850000000000133,-0.05482189740977306,0.0680981081533567,0.02359565484062315,-0.07048799380325332,61601434.45,0
516860.SH,2024-12-26,2024-12-27,2024-12-26,-0.1265723270440252,-0.0356330553449582,-0.007800312012480548,0.006349999999999856,-0.05321920357275767,0.06962302456112424,0.024143892107750264,-0.0650887573964497,170734719.2,2
560010.SH,2024-12-26,2024-12-27,2024-12-26,-0.08279999999999998,-0.009101701622477254,0.011308562197092087,0.01100000000000012,-0.016670266449370752,0.028965693735436338,0.01341416219129031,-0.04129679660362784,271290395.3,11
562500.SH,2024-12-26,2024-12-27,2024-12-26,-0.10268948655256727,0.0036809815950920033,0.09651474530831106,0.014550000000000174,-0.008244422890397729,0.0730734203564769,0.022963418792543683,-0.04892601431980903,480862340.7,5
159770.SZ,2024-12-30,2025-01-03,2025-01-02,-0.0012674271229404788,-0.05288461538461542,-0.07294117647058829,-0.0004499999999998394,-0.07195854434106719,0.06314691151919871,0.020163153243398877,-0.08051341890315045,131729325.85,5
159819.SZ,2024-12-30,2025-01-03,2025-01-02,-0.026285714285714357,-0.07028753993610226,-0.026755852842809347,0.006000000000000005,-0.058354007118973206,0.026537240717501964,0.019395298736443068,-0.09814049586776863,508896694.55,2
512930.SH,2024-12-30,2025-01-03,2025-01-02,-0.02715654952076685,-0.06780923994038746,-0.024180967238689677,0.008949999999999791,-0.05613399728383883,0.025071217726446493,0.01897615936799976,-0.09479015918958045,100722105.8,1
515070.SH,2024-12-30,2025-01-03,2025-01-02,-0.028622540250447304,-0.06928213689482465,-0.023642732049036885,0.007649999999999713,-0.05688306195813053,0.026258680555555358,0.01912842111150312,-0.09570154095701544,123886476.45,0
515980.SH,2024-12-30,2025-01-03,2025-01-02,-0.02473118279569897,-0.07007007007007005,-0.03730569948186524,0.004049999999999776,-0.06402700115863169,0.023388094583447927,0.02000983615200633,-0.09893307468477197,129210167.4,3
562500.SH,2024-12-30,2025-01-03,2025-01-02,-0.002621231979030192,-0.054726368159204064,-0.07654921020656147,-0.0008000000000001339,-0.07362262311067769,0.0607934831799668,0.019899658769997556,-0.08101571946795649,468915500.5,4
