code,first_valid_date,coverage,max_consecutive_missing,n_days,n_valid,InstrumentName,OpenDate,OpenDate_raw,ExchangeID,InstrumentID,fail_reason
159132.SZ,,0.0,719,719,0,,,,,,
159137.SZ,,0.0,719,719,0,,,,,,
159138.SZ,,0.0,719,719,0,,,,,,
159143.SZ,,0.0,719,719,0,,,,,,
159145.SZ,,0.0,719,719,0,,,,,,
159146.SZ,,0.0,719,719,0,,,,,,
159149.SZ,,0.0,719,719,0,,,,,,
159151.SZ,,0.0,719,719,0,,,,,,
159243.SZ,,0.0,719,719,0,,,,,,
159247.SZ,,0.0,719,719,0,,,,,,
159293.SZ,,0.0,719,719,0,,,,,,
160137.SZ,,0.0,719,719,0,,,,,,
160418.SZ,,0.0,719,719,0,,,,,,
160419.SZ,,0.0,719,719,0,,,,,,
160420.SZ,,0.0,719,719,0,,,,,,
160425.SZ,,0.0,719,719,0,,,,,,
160516.SZ,,0.0,719,719,0,,,,,,
160517.SZ,,0.0,719,719,0,,,,,,
160603.SZ,,0.0,719,719,0,,,,,,
160605.SZ,,0.0,719,719,0,,,,,,
160624.SZ,,0.0,719,719,0,,,,,,
160627.SZ,,0.0,719,719,0,,,,,,
160634.SZ,,0.0,719,719,0,,,,,,
160636.SZ,,0.0,719,719,0,,,,,,
160646.SZ,,0.0,719,719,0,,,,,,
160718.SZ,,0.0,719,719,0,,,,,,
160727.SZ,,0.0,719,719,0,,,,,,
161628.SZ,,0.0,719,719,0,,,,,,
161721.SZ,,0.0,719,719,0,,,,,,
161723.SZ,,0.0,719,719,0,,,,,,
161730.SZ,,0.0,719,719,0,,,,,,
161818.SZ,,0.0,719,719,0,,,,,,
161838.SZ,,0.0,719,719,0,,,,,,
162107.SZ,,0.0,719,719,0,,,,,,
162511.SZ,,0.0,719,719,0,,,,,,
162714.SZ,,0.0,719,719,0,,,,,,
163209.SZ,,0.0,719,719,0,,,,,,
163803.SZ,,0.0,719,719,0,,,,,,
163804.SZ,,0.0,719,719,0,,,,,,
163805.SZ,,0.0,719,719,0,,,,,,
163806.SZ,,0.0,719,719,0,,,,,,
163807.SZ,,0.0,719,719,0,,,,,,
163808.SZ,,0.0,719,719,0,,,,,,
163809.SZ,,0.0,719,719,0,,,,,,
163810.SZ,,0.0,719,719,0,,,,,,
164212.SZ,,0.0,719,719,0,,,,,,
164304.SZ,,0.0,719,719,0,,,,,,
164401.SZ,,0.0,719,719,0,,,,,,
164402.SZ,,0.0,719,719,0,,,,,,
164818.SZ,,0.0,719,719,0,,,,,,
164826.SZ,,0.0,719,719,0,,,,,,
164905.SZ,,0.0,719,719,0,,,,,,
164908.SZ,,0.0,719,719,0,,,,,,
165310.SZ,,0.0,719,719,0,,,,,,
165312.SZ,,0.0,719,719,0,,,,,,
165523.SZ,,0.0,719,719,0,,,,,,
165524.SZ,,0.0,719,719,0,,,,,,
165526.SZ,,0.0,719,719,0,,,,,,
165530.SZ,,0.0,719,719,0,,,,,,
165531.SZ,,0.0,719,719,0,,,,,,
166002.SZ,,0.0,719,719,0,,,,,,
166005.SZ,,0.0,719,719,0,,,,,,
166007.SZ,,0.0,719,719,0,,,,,,
166109.SZ,,0.0,719,719,0,,,,,,
166802.SZ,,0.0,719,719,0,,,,,,
167503.SZ,,0.0,719,719,0,,,,,,
167505.SZ,,0.0,719,719,0,,,,,,
167702.SZ,,0.0,719,719,0,,,,,,
168002.SZ,,0.0,719,719,0,,,,,,
169108.SZ,,0.0,719,719,0,,,,,,
501006.SH,,0.0,719,719,0,,,,,,
501023.SH,,0.0,719,719,0,,,,,,
512623.SH,,0.0,719,719,0,,,,,,
513723.SH,,0.0,719,719,0,,,,,,
513724.SH,,0.0,719,719,0,,,,,,
515373.SH,,0.0,719,719,0,,,,,,
515733.SH,,0.0,719,719,0,,,,,,
516250.SH,,0.0,719,719,0,,,,,,
516253.SH,,0.0,719,719,0,,,,,,
517953.SH,,0.0,719,719,0,,,,,,
520533.SH,,0.0,719,719,0,,,,,,
520573.SH,,0.0,719,719,0,,,,,,
520593.SH,,0.0,719,719,0,,,,,,
520630.SH,,0.0,719,719,0,,,,,,
520633.SH,,0.0,719,719,0,,,,,,
520653.SH,,0.0,719,719,0,,,,,,
520773.SH,,0.0,719,719,0,,,,,,
520774.SH,,0.0,719,719,0,,,,,,
520783.SH,,0.0,719,719,0,,,,,,
520813.SH,,0.0,719,719,0,,,,,,
520814.SH,,0.0,719,719,0,,,,,,
520823.SH,,0.0,719,719,0,,,,,,
520853.SH,,0.0,719,719,0,,,,,,
520854.SH,,0.0,719,719,0,,,,,,
520873.SH,,0.0,719,719,0,,,,,,
560133.SH,,0.0,719,719,0,,,,,,
560134.SH,,0.0,719,719,0,,,,,,
561663.SH,,0.0,719,719,0,,,,,,
562073.SH,,0.0,719,719,0,,,,,,
562074.SH,,0.0,719,719,0,,,,,,
563513.SH,,0.0,719,719,0,,,,,,
563533.SH,,0.0,719,719,0,,,,,,
563563.SH,,0.0,719,719,0,,,,,,
563564.SH,,0.0,719,719,0,,,,,,
563793.SH,,0.0,719,719,0,,,,,,
563794.SH,,0.0,719,719,0,,,,,,
563853.SH,,0.0,719,719,0,,,,,,
563873.SH,,0.0,719,719,0,,,,,,
563874.SH,,0.0,719,719,0,,,,,,
563933.SH,,0.0,719,719,0,,,,,,
563934.SH,,0.0,719,719,0,,,,,,
563963.SH,,0.0,719,719,0,,,,,,
588413.SH,,0.0,719,719,0,,,,,,
588414.SH,,0.0,719,719,0,,,,,,
588423.SH,,0.0,719,719,0,,,,,,
588424.SH,,0.0,719,719,0,,,,,,
588433.SH,,0.0,719,719,0,,,,,,
588434.SH,,0.0,719,719,0,,,,,,
589033.SH,,0.0,719,719,0,,,,,,
589034.SH,,0.0,719,719,0,,,,,,
589133.SH,,0.0,719,719,0,,,,,,
589134.SH,,0.0,719,719,0,,,,,,
589153.SH,,0.0,719,719,0,,,,,,
589154.SH,,0.0,719,719,0,,,,,,
589210.SH,,0.0,719,719,0,,,,,,
589213.SH,,0.0,719,719,0,,,,,,
159139.SZ,2025-12-19,0.0013908205841446453,718,719,1,,,,,,
180306.SZ,2025-12-19,0.0013908205841446453,718,719,1,,,,,,
563850.SH,2025-12-19,0.0013908205841446453,718,719,1,,,,,,
159140.SZ,2025-12-18,0.0027816411682892906,717,719,2,,,,,,
517950.SH,2025-12-18,0.0027816411682892906,717,719,2,,,,,,
520820.SH,2025-12-15,0.006954102920723227,714,719,5,,,,,,
159142.SZ,2025-12-12,0.008344923504867872,713,719,6,,,,,,
159141.SZ,2025-12-11,0.009735744089012517,712,719,7,,,,,,
159253.SZ,2025-12-08,0.013908205841446454,709,719,10,,,,,,
520530.SH,2025-12-08,0.013908205841446454,709,719,10,,,,,,
520590.SH,2025-12-01,0.02086230876216968,704,719,15,,,,,,
563510.SH,2025-12-01,0.02086230876216968,704,719,15,,,,,,
159118.SZ,2025-11-27,0.02364394993045897,702,719,17,,,,,,
159123.SZ,2025-11-27,0.02364394993045897,702,719,17,,,,,,
159130.SZ,2025-11-27,0.02364394993045897,702,719,17,,,,,,
159133.SZ,2025-11-25,0.02642559109874826,700,719,19,,,,,,
515730.SH,2025-11-25,0.02642559109874826,700,719,19,,,,,,
520950.SH,2025-11-25,0.02642559109874826,700,719,19,,,,,,
159108.SZ,2025-11-24,0.027816411682892908,699,719,20,,,,,,
159121.SZ,2025-11-24,0.027816411682892908,699,719,20,,,,,,
512620.SH,2025-11-21,0.02920723226703755,698,719,21,,,,,,
159127.SZ,2025-11-20,0.030598052851182198,697,719,22,,,,,,
515370.SH,2025-11-18,0.03337969401947149,695,719,24,,,,,,
520570.SH,2025-11-17,0.03477051460361613,694,719,25,,,,,,
159129.SZ,2025-11-14,0.03616133518776078,693,719,26,,,,,,
563530.SH,2025-11-14,0.03616133518776078,693,719,26,,,,,,
159100.SZ,2025-11-13,0.037552155771905425,692,719,27,,,,,,
159119.SZ,2025-11-13,0.037552155771905425,692,719,27,,,,,,
159120.SZ,2025-11-13,0.037552155771905425,692,719,27,,,,,,
159128.SZ,2025-11-13,0.037552155771905425,692,719,27,,,,,,
159131.SZ,2025-11-13,0.037552155771905425,692,719,27,,,,,,
520870.SH,2025-11-13,0.037552155771905425,692,719,27,,,,,,
563570.SH,2025-11-11,0.04033379694019471,690,719,29,,,,,,
520650.SH,2025-11-10,0.04172461752433936,689,719,30,,,,,,
561660.SH,2025-11-10,0.04172461752433936,689,719,30,,,,,,
563380.SH,2025-11-07,0.043115438108484005,688,719,31,,,,,,
563980.SH,2025-11-07,0.043115438108484005,688,719,31,,,,,,
159125.SZ,2025-11-06,0.04450625869262865,687,719,32,,,,,,
508029.SH,2025-11-06,0.04450625869262865,687,719,32,,,,,,
563590.SH,2025-11-05,0.0458970792767733,686,719,33,,,,,,
159260.SZ,2025-11-04,0.04728789986091794,685,719,34,,,,,,
159295.SZ,2025-11-04,0.04728789986091794,685,719,34,,,,,,
159105.SZ,2025-11-03,0.048678720445062586,684,719,35,,,,,,
159122.SZ,2025-11-03,0.048678720445062586,684,719,35,,,,,,
159126.SZ,2025-11-03,0.048678720445062586,684,719,35,,,,,,
180607.SZ,2025-10-31,0.05006954102920723,683,719,36,,,,,,
520960.SH,2025-10-31,0.05006954102920723,683,719,36,,,,,,
563750.SH,2025-10-30,0.05146036161335188,682,719,37,,,,,,
510670.SH,2025-10-29,0.05285118219749652,681,719,38,,,,,,
159106.SZ,2025-10-22,0.059805285118219746,676,719,43,,,,,,
512630.SH,2025-10-22,0.059805285118219746,676,719,43,,,,,,
530100.SH,2025-10-22,0.059805285118219746,676,719,43,,,,,,
159285.SZ,2025-10-20,0.06258692628650904,674,719,45,,,,,,
159117.SZ,2025-10-17,0.06397774687065369,673,719,46,,,,,,
563890.SH,2025-10-17,0.06397774687065369,673,719,46,,,,,,
589950.SH,2025-10-17,0.06397774687065369,673,719,46,,,,,,
588140.SH,2025-10-15,0.06675938803894298,671,719,48,,,,,,
589110.SH,2025-10-15,0.06675938803894298,671,719,48,,,,,,
563670.SH,2025-10-14,0.06815020862308763,670,719,49,,,,,,
520560.SH,2025-10-13,0.06954102920723226,669,719,50,,,,,,
159109.SZ,2025-10-10,0.07093184979137691,668,719,51,,,,,,
563690.SH,2025-10-10,0.07093184979137691,668,719,51,,,,,,
515720.SH,2025-10-09,0.07232267037552156,667,719,52,,,,,,
520920.SH,2025-09-30,0.0737134909596662,666,719,53,,,,,,
530380.SH,2025-09-30,0.0737134909596662,666,719,53,,,,,,
159275.SZ,2025-09-29,0.07510431154381085,665,719,54,,,,,,
159279.SZ,2025-09-29,0.07510431154381085,665,719,54,,,,,,
508091.SH,2025-09-29,0.07510431154381085,665,719,54,,,,,,
159288.SZ,2025-09-26,0.07649513212795549,664,719,55,,,,,,
563600.SH,2025-09-26,0.07649513212795549,664,719,55,,,,,,
589780.SH,2025-09-26,0.07649513212795549,664,719,55,,,,,,
520720.SH,2025-09-25,0.07788595271210014,663,719,56,,,,,,
159110.SZ,2025-09-24,0.07927677329624479,662,719,57,,,,,,
159111.SZ,2025-09-24,0.07927677329624479,662,719,57,,,,,,
159112.SZ,2025-09-24,0.07927677329624479,662,719,57,,,,,,
159113.SZ,2025-09-24,0.07927677329624479,662,719,57,,,,,,
159115.SZ,2025-09-24,0.07927677329624479,662,719,57,,,,,,
159116.SZ,2025-09-24,0.07927677329624479,662,719,57,,,,,,
511150.SH,2025-09-24,0.07927677329624479,662,719,57,,,,,,
551060.SH,2025-09-24,0.07927677329624479,662,719,57,,,,,,
551300.SH,2025-09-24,0.07927677329624479,662,719,57,,,,,,
551510.SH,2025-09-24,0.07927677329624479,662,719,57,,,,,,
551520.SH,2025-09-24,0.07927677329624479,662,719,57,,,,,,
551560.SH,2025-09-24,0.07927677329624479,662,719,57,,,,,,
551580.SH,2025-09-24,0.07927677329624479,662,719,57,,,,,,
551800.SH,2025-09-24,0.07927677329624479,662,719,57,,,,,,
159107.SZ,2025-09-22,0.08205841446453407,660,719,59,,,,,,
159297.SZ,2025-09-22,0.08205841446453407,660,719,59,,,,,,
589960.SH,2025-09-22,0.08205841446453407,660,719,59,,,,,,
159272.SZ,2025-09-19,0.08344923504867872,659,719,60,,,,,,
589120.SH,2025-09-19,0.08344923504867872,659,719,60,,,,,,
560570.SH,2025-09-18,0.08484005563282336,658,719,61,,,,,,
159290.SZ,2025-09-17,0.08623087621696801,657,719,62,,,,,,
563230.SH,2025-09-17,0.08623087621696801,657,719,62,,,,,,
159102.SZ,2025-09-16,0.08762169680111266,656,719,63,,,,,,
159289.SZ,2025-09-15,0.0890125173852573,655,719,64,,,,,,
589820.SH,2025-09-15,0.0890125173852573,655,719,64,,,,,,
508082.SH,2025-09-12,0.09040333796940195,654,719,65,,,,,,
588550.SH,2025-09-12,0.09040333796940195,654,719,65,,,,,,
159299.SZ,2025-09-11,0.0917941585535466,653,719,66,,,,,,
159103.SZ,2025-09-10,0.09318497913769123,652,719,67,,,,,,
159298.SZ,2025-09-08,0.09596662030598054,650,719,69,,,,,,
561680.SH,2025-09-05,0.09735744089012517,649,719,70,,,,,,
589560.SH,2025-09-05,0.09735744089012517,649,719,70,,,,,,
159296.SZ,2025-09-04,0.09874826147426982,648,719,71,,,,,,
589020.SH,2025-09-04,0.09874826147426982,648,719,71,,,,,,
159101.SZ,2025-09-03,0.10013908205841446,647,719,72,,,,,,
563320.SH,2025-09-03,0.10013908205841446,647,719,72,,,,,,
159281.SZ,2025-09-02,0.10152990264255911,646,719,73,,,,,,
159286.SZ,2025-09-02,0.10152990264255911,646,719,73,,,,,,
159292.SZ,2025-09-02,0.10152990264255911,646,719,73,,,,,,
159291.SZ,2025-09-01,0.10292072322670376,645,719,74,,,,,,
560770.SH,2025-09-01,0.10292072322670376,645,719,74,,,,,,
159500.SZ,2025-08-29,0.1043115438108484,644,719,75,,,,,,
530530.SH,2025-08-29,0.1043115438108484,644,719,75,,,,,,
588690.SH,2025-08-29,0.1043115438108484,644,719,75,,,,,,
159259.SZ,2025-08-28,0.10570236439499305,643,719,76,,,,,,
159287.SZ,2025-08-27,0.1070931849791377,642,719,77,,,,,,
589090.SH,2025-08-27,0.1070931849791377,642,719,77,,,,,,
520840.SH,2025-08-25,0.10987482614742698,640,719,79,,,,,,
159283.SZ,2025-08-21,0.11265646731571627,638,719,81,,,,,,
159369.SZ,2025-08-21,0.11265646731571627,638,719,81,,,,,,
563620.SH,2025-08-20,0.11404728789986092,637,719,82,,,,,,
520620.SH,2025-08-19,0.11543810848400557,636,719,83,,,,,,
520670.SH,2025-08-19,0.11543810848400557,636,719,83,,,,,,
159280.SZ,2025-08-18,0.1168289290681502,635,719,84,,,,,,
512370.SH,2025-08-18,0.1168289290681502,635,719,84,,,,,,
589050.SH,2025-08-18,0.1168289290681502,635,719,84,,,,,,
159277.SZ,2025-08-14,0.11961057023643949,633,719,86,,,,,,
512030.SH,2025-08-13,0.12100139082058414,632,719,87,,,,,,
159278.SZ,2025-08-12,0.12239221140472879,631,719,88,,,,,,
159271.SZ,2025-08-11,0.12378303198887343,630,719,89,,,,,,
589850.SH,2025-08-11,0.12378303198887343,630,719,89,,,,,,
180901.SZ,2025-08-08,0.12517385257301808,629,719,90,,,,,,
508060.SH,2025-08-08,0.12517385257301808,629,719,90,,,,,,
589200.SH,2025-08-08,0.12517385257301808,629,719,90,,,,,,
520510.SH,2025-08-07,0.12656467315716272,628,719,91,,,,,,
520970.SH,2025-08-07,0.12656467315716272,628,719,91,,,,,,
159273.SZ,2025-08-06,0.12795549374130738,627,719,92,,,,,,
560120.SH,2025-08-05,0.12934631432545202,626,719,93,,,,,,
159255.SZ,2025-08-04,0.13073713490959665,625,719,94,,,,,,
159256.SZ,2025-08-04,0.13073713490959665,625,719,94,,,,,,
159258.SZ,2025-08-01,0.13212795549374132,624,719,95,,,,,,
159266.SZ,2025-08-01,0.13212795549374132,624,719,95,,,,,,
159267.SZ,2025-08-01,0.13212795549374132,624,719,95,,,,,,
508016.SH,2025-08-01,0.13212795549374132,624,719,95,,,,,,
520690.SH,2025-08-01,0.13212795549374132,624,719,95,,,,,,
588980.SH,2025-08-01,0.13212795549374132,624,719,95,,,,,,
589720.SH,2025-08-01,0.13212795549374132,624,719,95,,,,,,
508090.SH,2025-07-29,0.13630041724617525,621,719,98,,,,,,
159257.SZ,2025-07-28,0.1376912378303199,620,719,99,,,,,,
159276.SZ,2025-07-28,0.1376912378303199,620,719,99,,,,,,
588920.SH,2025-07-28,0.1376912378303199,620,719,99,,,,,,
589550.SH,2025-07-28,0.1376912378303199,620,719,99,,,,,,
508039.SH,2025-07-25,0.13908205841446453,619,719,100,,,,,,
520860.SH,2025-07-25,0.13908205841446453,619,719,100,,,,,,
562870.SH,2025-07-25,0.13908205841446453,619,719,100,,,,,,
563580.SH,2025-07-25,0.13908205841446453,619,719,100,,,,,,
159242.SZ,2025-07-24,0.1404728789986092,618,719,101,,,,,,
159248.SZ,2025-07-24,0.1404728789986092,618,719,101,,,,,,
159251.SZ,2025-07-24,0.1404728789986092,618,719,101,,,,,,
159270.SZ,2025-07-24,0.1404728789986092,618,719,101,,,,,,
159268.SZ,2025-07-21,0.14464534075104313,615,719,104,,,,,,
512060.SH,2025-07-18,0.14603616133518776,614,719,105,,,,,,
159200.SZ,2025-07-17,0.1474269819193324,613,719,106,,,,,,
159400.SZ,2025-07-17,0.1474269819193324,613,719,106,,,,,,
159600.SZ,2025-07-17,0.1474269819193324,613,719,106,,,,,,
159700.SZ,2025-07-17,0.1474269819193324,613,719,106,,,,,,
511120.SH,2025-07-17,0.1474269819193324,613,719,106,,,,,,
551000.SH,2025-07-17,0.1474269819193324,613,719,106,,,,,,
551030.SH,2025-07-17,0.1474269819193324,613,719,106,,,,,,
551500.SH,2025-07-17,0.1474269819193324,613,719,106,,,,,,
551550.SH,2025-07-17,0.1474269819193324,613,719,106,,,,,,
551900.SH,2025-07-17,0.1474269819193324,613,719,106,,,,,,
159311.SZ,2025-07-15,0.1502086230876217,611,719,108,,,,,,
159246.SZ,2025-07-10,0.15438108484005564,608,719,111,,,,,,
159269.SZ,2025-07-10,0.15438108484005564,608,719,111,,,,,,
159263.SZ,2025-07-08,0.1571627260083449,606,719,113,,,,,,
588520.SH,2025-07-08,0.1571627260083449,606,719,113,,,,,,
159237.SZ,2025-07-07,0.15855354659248957,605,719,114,,,,,,
159261.SZ,2025-07-07,0.15855354659248957,605,719,114,,,,,,
159262.SZ,2025-07-07,0.15855354659248957,605,719,114,,,,,,
520880.SH,2025-07-07,0.15855354659248957,605,719,114,,,,,,
159223.SZ,2025-07-03,0.16133518776077885,603,719,116,,,,,,
159249.SZ,2025-07-02,0.1627260083449235,602,719,117,,,,,,
159265.SZ,2025-07-02,0.1627260083449235,602,719,117,,,,,,
520980.SH,2025-07-02,0.1627260083449235,602,719,117,,,,,,
561090.SH,2025-07-02,0.1627260083449235,602,719,117,,,,,,
512130.SH,2025-07-01,0.16411682892906815,601,719,118,,,,,,
563630.SH,2025-07-01,0.16411682892906815,601,719,118,,,,,,
589380.SH,2025-07-01,0.16411682892906815,601,719,118,,,,,,
159203.SZ,2025-06-30,0.16550764951321278,600,719,119,,,,,,
159365.SZ,2025-06-30,0.16550764951321278,600,719,119,,,,,,
159550.SZ,2025-06-27,0.16689847009735745,599,719,120,,,,,,
180606.SZ,2025-06-27,0.16689847009735745,599,719,120,,,,,,
508080.SH,2025-06-26,0.16828929068150209,598,719,121,,,,,,
501227.SH,2025-06-25,0.16968011126564672,597,719,122,,,,,,
561770.SH,2025-06-24,0.17107093184979139,596,719,123,,,,,,
159245.SZ,2025-06-19,0.17524339360222532,593,719,126,,,,,,
562050.SH,2025-06-19,0.17524339360222532,593,719,126,,,,,,
159228.SZ,2025-06-18,0.17663421418636996,592,719,127,,,,,,
159240.SZ,2025-06-17,0.1780250347705146,591,719,128,,,,,,
588270.SH,2025-06-16,0.17941585535465926,590,719,129,,,,,,
589180.SH,2025-06-16,0.17941585535465926,590,719,129,,,,,,
588670.SH,2025-06-13,0.1808066759388039,589,719,130,,,,,,
159205.SZ,2025-06-12,0.18219749652294853,588,719,131,,,,,,
589580.SH,2025-06-11,0.1835883171070932,587,719,132,,,,,,
159387.SZ,2025-06-10,0.18497913769123783,586,719,133,,,,,,
159238.SZ,2025-06-09,0.18636995827538247,585,719,134,,,,,,
159372.SZ,2025-06-09,0.18636995827538247,585,719,134,,,,,,
520940.SH,2025-06-09,0.18636995827538247,585,719,134,,,,,,
563760.SH,2025-06-06,0.18776077885952713,584,719,135,,,,,,
589700.SH,2025-06-05,0.18915159944367177,583,719,136,,,,,,
159210.SZ,2025-06-04,0.1905424200278164,582,719,137,,,,,,
159233.SZ,2025-06-04,0.1905424200278164,582,719,137,,,,,,
588710.SH,2025-06-04,0.1905424200278164,582,719,137,,,,,,
588940.SH,2025-06-03,0.19193324061196107,581,719,138,,,,,,
159230.SZ,2025-05-30,0.1933240611961057,580,719,139,,,,,,
159385.SZ,2025-05-30,0.1933240611961057,580,719,139,,,,,,
159389.SZ,2025-05-30,0.1933240611961057,580,719,139,,,,,,
561220.SH,2025-05-30,0.1933240611961057,580,719,139,,,,,,
561750.SH,2025-05-30,0.1933240611961057,580,719,139,,,,,,
159226.SZ,2025-05-29,0.19471488178025034,579,719,140,,,,,,
159241.SZ,2025-05-29,0.19471488178025034,579,719,140,,,,,,
159239.SZ,2025-05-28,0.19610570236439498,578,719,141,,,,,,
588130.SH,2025-05-28,0.19610570236439498,578,719,141,,,,,,
159218.SZ,2025-05-22,0.20166898470097358,574,719,145,,,,,,
563830.SH,2025-05-22,0.20166898470097358,574,719,145,,,,,,
508085.SH,2025-05-21,0.20305980528511822,573,719,146,,,,,,
563060.SH,2025-05-19,0.20584144645340752,571,719,148,,,,,,
159227.SZ,2025-05-16,0.20723226703755215,570,719,149,,,,,,
159236.SZ,2025-05-16,0.20723226703755215,570,719,149,,,,,,
563550.SH,2025-05-16,0.20723226703755215,570,719,149,,,,,,
563770.SH,2025-05-16,0.20723226703755215,570,719,149,,,,,,
159229.SZ,2025-05-15,0.2086230876216968,569,719,150,,,,,,
563680.SH,2025-05-15,0.2086230876216968,569,719,150,,,,,,
159392.SZ,2025-05-14,0.21001390820584145,568,719,151,,,,,,
159219.SZ,2025-05-13,0.2114047287899861,567,719,152,,,,,,
159221.SZ,2025-05-13,0.2114047287899861,567,719,152,,,,,,
563780.SH,2025-05-13,0.2114047287899861,567,719,152,,,,,,
159208.SZ,2025-05-12,0.21279554937413073,566,719,153,,,,,,
159220.SZ,2025-05-12,0.21279554937413073,566,719,153,,,,,,
589980.SH,2025-05-12,0.21279554937413073,566,719,153,,,,,,
159382.SZ,2025-05-09,0.2141863699582754,565,719,154,,,,,,
561870.SH,2025-05-09,0.2141863699582754,565,719,154,,,,,,
563900.SH,2025-05-07,0.21696801112656466,563,719,156,,,,,,
159213.SZ,2025-04-30,0.21974965229485396,561,719,158,,,,,,
159232.SZ,2025-04-30,0.21974965229485396,561,719,158,,,,,,
159235.SZ,2025-04-30,0.21974965229485396,561,719,158,,,,,,
561080.SH,2025-04-30,0.21974965229485396,561,719,158,,,,,,
563390.SH,2025-04-30,0.21974965229485396,561,719,158,,,,,,
159231.SZ,2025-04-29,0.2211404728789986,560,719,159,,,,,,
516460.SH,2025-04-28,0.22253129346314326,559,719,160,,,,,,
563700.SH,2025-04-28,0.22253129346314326,559,719,160,,,,,,
510320.SH,2025-04-25,0.2239221140472879,558,719,161,,,,,,
563990.SH,2025-04-24,0.22531293463143254,557,719,162,,,,,,
588850.SH,2025-04-24,0.22531293463143254,557,719,162,,,,,,
159391.SZ,2025-04-21,0.22809457579972184,554,719,164,,,,,,
180305.SZ,2025-04-21,0.22948539638386647,554,719,165,,,,,,
560820.SH,2025-04-18,0.22948539638386647,553,719,165,,,,,,
159222.SZ,2025-04-17,0.23226703755215578,552,719,167,,,,,,
159225.SZ,2025-04-17,0.23226703755215578,552,719,167,,,,,,
589300.SH,2025-04-17,0.23226703755215578,552,719,167,,,,,,
159202.SZ,2025-04-16,0.2336578581363004,551,719,168,,,,,,
159377.SZ,2025-04-15,0.23504867872044508,550,719,169,,,,,,
562080.SH,2025-04-15,0.23504867872044508,550,719,169,,,,,,
588720.SH,2025-04-15,0.23504867872044508,550,719,169,,,,,,
159211.SZ,2025-04-14,0.2364394993045897,549,719,170,,,,,,
159366.SZ,2025-04-14,0.2364394993045897,549,719,170,,,,,,
512250.SH,2025-04-14,0.2364394993045897,549,719,170,,,,,,
588040.SH,2025-04-14,0.2364394993045897,549,719,170,,,,,,
159216.SZ,2025-04-11,0.23783031988873435,548,719,171,,,,,,
159207.SZ,2025-04-09,0.24061196105702365,546,719,173,,,,,,
159212.SZ,2025-04-09,0.24061196105702365,546,719,173,,,,,,
159390.SZ,2025-04-09,0.24061196105702365,546,719,173,,,,,,
589010.SH,2025-04-09,0.24061196105702365,546,719,173,,,,,,
588170.SH,2025-04-08,0.24200278164116829,545,719,174,,,,,,
159215.SZ,2025-04-07,0.24339360222531292,544,719,175,,,,,,
159388.SZ,2025-04-07,0.24339360222531292,544,719,175,,,,,,
512240.SH,2025-04-07,0.24339360222531292,544,719,175,,,,,,
588910.SH,2025-04-07,0.24339360222531292,544,719,175,,,,,,
589100.SH,2025-04-07,0.24339360222531292,544,719,175,,,,,,
159217.SZ,2025-04-03,0.24478442280945759,543,719,176,,,,,,
563650.SH,2025-04-03,0.24478442280945759,543,719,176,,,,,,
563660.SH,2025-04-02,0.24617524339360222,542,719,177,,,,,,
560630.SH,2025-04-01,0.24756606397774686,541,719,178,,,,,,
508055.SH,2025-03-31,0.24895688456189152,540,719,179,,,,,,
589060.SH,2025-03-27,0.2517385257301808,538,719,181,,,,,,
159316.SZ,2025-03-26,0.25312934631432543,537,719,182,,,,,,
159209.SZ,2025-03-25,0.2545201668984701,536,719,183,,,,,,
159368.SZ,2025-03-24,0.25591098748261476,535,719,184,,,,,,
159381.SZ,2025-03-24,0.25591098748261476,535,719,184,,,,,,
588770.SH,2025-03-24,0.25591098748261476,535,719,184,,,,,,
588250.SH,2025-03-21,0.2573018080667594,534,719,185,,,,,,
588660.SH,2025-03-17,0.26286509040333794,530,719,189,,,,,,
159206.SZ,2025-03-14,0.26425591098748263,529,719,190,,,,,,
562810.SH,2025-03-13,0.26564673157162727,528,719,191,,,,,,
589520.SH,2025-03-13,0.26564673157162727,528,719,191,,,,,,
589630.SH,2025-03-12,0.2670375521557719,527,719,192,,,,,,
159393.SZ,2025-03-10,0.2698191933240612,525,719,194,,,,,,
588840.SH,2025-03-10,0.2698191933240612,525,719,194,,,,,,
513830.SH,2025-03-07,0.2712100139082058,524,719,195,,,,,,
589600.SH,2025-03-07,0.2712100139082058,524,719,195,,,,,,
589000.SH,2025-03-05,0.27399165507649514,522,719,197,,,,,,
589080.SH,2025-03-05,0.27399165507649514,522,719,197,,,,,,
589660.SH,2025-03-05,0.27399165507649514,522,719,197,,,,,,
589680.SH,2025-03-05,0.27399165507649514,522,719,197,,,,,,
589770.SH,2025-03-05,0.27399165507649514,522,719,197,,,,,,
589860.SH,2025-03-05,0.27399165507649514,522,719,197,,,,,,
589890.SH,2025-03-05,0.27399165507649514,522,719,197,,,,,,
589900.SH,2025-03-05,0.27399165507649514,522,719,197,,,,,,
589990.SH,2025-03-05,0.27399165507649514,522,719,197,,,,,,
589800.SH,2025-03-04,0.2753824756606398,521,719,198,,,,,,
589500.SH,2025-03-03,0.2767732962447844,520,719,199,,,,,,
589880.SH,2025-02-28,0.27816411682892905,519,719,200,,,,,,
159201.SZ,2025-02-27,0.2795549374130737,518,719,201,,,,,,
159399.SZ,2025-02-27,0.2795549374130737,518,719,201,,,,,,
508084.SH,2025-02-27,0.2795549374130737,518,719,201,,,,,,
508092.SH,2025-02-26,0.2809457579972184,517,719,202,,,,,,
588240.SH,2025-02-25,0.282336578581363,516,719,203,,,,,,
520580.SH,2025-02-20,0.2865090403337969,513,719,206,,,,,,
588960.SH,2025-02-19,0.28789986091794156,512,719,207,,,,,,
163819.SZ,2023-01-03,0.28789986091794156,52,719,207,,,,,,
508087.SH,2025-02-17,0.28929068150208626,510,719,208,,,,,,
159367.SZ,2025-02-14,0.2906815020862309,509,719,209,,,,,,
159383.SZ,2025-02-14,0.29207232267037553,509,719,210,,,,,,
159336.SZ,2025-02-12,0.2948539638386648,507,719,212,,,,,,
159371.SZ,2025-02-12,0.2948539638386648,507,719,212,,,,,,
563860.SH,2025-02-12,0.2948539638386648,507,719,212,,,,,,
159386.SZ,2025-02-11,0.29624478442280944,506,719,213,,,,,,
159373.SZ,2025-02-10,0.29763560500695413,505,719,214,,,,,,
159397.SZ,2025-02-07,0.29902642559109877,504,719,215,,,,,,
511200.SH,2025-02-07,0.29902642559109877,504,719,215,,,,,,
560750.SH,2025-02-07,0.29902642559109877,504,719,215,,,,,,
164606.SZ,2023-01-04,0.29902642559109877,34,719,215,,,,,,
159396.SZ,2025-02-06,0.3004172461752434,503,719,216,,,,,,
159398.SZ,2025-02-06,0.3004172461752434,503,719,216,,,,,,
511190.SH,2025-02-05,0.30180806675938804,502,719,217,,,,,,
159395.SZ,2025-01-27,0.3031988873435327,501,719,218,,,,,,
530800.SH,2025-01-27,0.3031988873435327,501,719,218,,,,,,
588870.SH,2025-01-27,0.3031988873435327,501,719,218,,,,,,
180605.SZ,2025-01-24,0.3031988873435327,500,719,218,,,,,,
508078.SH,2025-01-24,0.3045897079276773,500,719,219,,,,,,
511110.SH,2025-01-24,0.3045897079276773,500,719,219,,,,,,
520550.SH,2025-01-24,0.3045897079276773,500,719,219,,,,,,
530280.SH,2025-01-24,0.3045897079276773,500,719,219,,,,,,
561880.SH,2025-01-24,0.3045897079276773,500,719,219,,,,,,
563210.SH,2025-01-24,0.3045897079276773,500,719,219,,,,,,
588730.SH,2025-01-24,0.3045897079276773,500,719,219,,,,,,
588950.SH,2025-01-24,0.3045897079276773,500,719,219,,,,,,
159379.SZ,2025-01-23,0.30598052851182195,499,719,220,,,,,,
530080.SH,2025-01-23,0.30598052851182195,499,719,220,,,,,,
588760.SH,2025-01-23,0.30598052851182195,499,719,220,,,,,,
511070.SH,2025-01-22,0.30737134909596664,498,719,221,,,,,,
501017.SH,2023-01-13,0.30737134909596664,19,719,221,,,,,,
512080.SH,2025-01-21,0.3087621696801113,497,719,222,,,,,,
159370.SZ,2025-01-20,0.3101529902642559,496,719,223,,,,,,
160617.SZ,2023-02-01,0.31154381084840055,24,719,224,,,,,,
588930.SH,2025-01-14,0.3157162726008345,492,719,227,,,,,,
159376.SZ,2025-01-13,0.31710709318497915,491,719,228,,,,,,
159375.SZ,2025-01-10,0.3184979137691238,490,719,229,,,,,,
159378.SZ,2025-01-10,0.3184979137691238,490,719,229,,,,,,
530300.SH,2025-01-10,0.3184979137691238,490,719,229,,,,,,
588790.SH,2025-01-09,0.3198887343532684,489,719,230,,,,,,
588810.SH,2025-01-09,0.3198887343532684,489,719,230,,,,,,
159323.SZ,2025-01-08,0.32127955493741306,488,719,231,,,,,,
159380.SZ,2025-01-08,0.32127955493741306,488,719,231,,,,,,
530580.SH,2025-01-08,0.32127955493741306,488,719,231,,,,,,
530680.SH,2025-01-08,0.32127955493741306,488,719,231,,,,,,
510040.SH,2025-01-06,0.3240611961057024,486,719,233,,,,,,
511160.SH,2025-01-06,0.3240611961057024,486,719,233,,,,,,
560190.SH,2025-01-06,0.3240611961057024,486,719,233,,,,,,
588820.SH,2025-01-06,0.3240611961057024,486,719,233,,,,,,
160621.SZ,2023-01-03,0.32684283727399166,26,719,235,,,,,,
508012.SH,2024-12-31,0.3282336578581363,483,719,236,,,,,,
520600.SH,2024-12-30,0.32962447844228093,482,719,237,,,,,,
520500.SH,2024-12-27,0.33101529902642557,481,719,238,,,,,,
560380.SH,2024-12-27,0.33101529902642557,481,719,238,,,,,,
161626.SZ,2023-02-02,0.33101529902642557,21,719,238,,,,,,
165311.SZ,2023-01-03,0.33101529902642557,24,719,238,,,,,,
508036.SH,2024-12-26,0.33240611961057026,480,719,239,,,,,,
530180.SH,2024-12-26,0.33240611961057026,480,719,239,,,,,,
588750.SH,2024-12-26,0.33240611961057026,480,719,239,,,,,,
588780.SH,2024-12-26,0.33240611961057026,480,719,239,,,,,,
508048.SH,2024-12-25,0.3337969401947149,479,719,240,,,,,,
159320.SZ,2024-12-24,0.3337969401947149,478,719,240,,,,,,
588230.SH,2024-12-24,0.33518776077885953,478,719,241,,,,,,
561380.SH,2024-12-23,0.33657858136300417,477,719,242,,,,,,
180106.SZ,2024-12-19,0.33936022253129344,475,719,244,,,,,,
166401.SZ,2023-02-06,0.33936022253129344,51,719,244,,,,,,
159363.SZ,2024-12-16,0.3435326842837274,472,719,247,,,,,,
508010.SH,2024-12-11,0.3477051460361613,469,719,250,,,,,,
180402.SZ,2024-12-10,0.3477051460361613,468,719,250,,,,,,
560810.SH,2024-12-09,0.35048678720445064,467,719,252,,,,,,
159356.SZ,2024-12-06,0.3518776077885953,466,719,253,,,,,,
530050.SH,2024-12-04,0.35465924895688455,464,719,255,,,,,,
159355.SZ,2024-12-03,0.3560500695410292,463,719,256,,,,,,
508097.SH,2024-12-03,0.3560500695410292,463,719,256,,,,,,
159359.SZ,2024-12-02,0.3574408901251738,462,719,257,,,,,,
159362.SZ,2024-12-02,0.3574408901251738,462,719,257,,,,,,
512020.SH,2024-12-02,0.3574408901251738,462,719,257,,,,,,
563500.SH,2024-12-02,0.3574408901251738,462,719,257,,,,,,
159358.SZ,2024-11-29,0.3588317107093185,461,719,258,,,,,,
159357.SZ,2024-11-28,0.36022253129346316,460,719,259,,,,,,
159360.SZ,2024-11-28,0.36022253129346316,460,719,259,,,,,,
563880.SH,2024-11-25,0.36439499304589706,457,719,262,,,,,,
161022.SZ,2023-01-03,0.36439499304589706,456,719,262,,,,,,
180203.SZ,2024-11-21,0.3671766342141864,455,719,264,,,,,,
159361.SZ,2024-11-19,0.36995827538247567,453,719,266,,,,,,
563520.SH,2024-11-18,0.3713490959666203,452,719,267,,,,,,
563800.SH,2024-11-18,0.3713490959666203,452,719,267,,,,,,
166105.SZ,2023-01-03,0.3713490959666203,31,719,267,,,,,,
159328.SZ,2024-11-15,0.37273991655076494,451,719,268,,,,,,
512050.SH,2024-11-15,0.37273991655076494,451,719,268,,,,,,
588070.SH,2024-11-14,0.3741307371349096,450,719,269,,,,,,
530880.SH,2024-11-12,0.3769123783031989,448,719,271,,,,,,
163005.SZ,2023-01-09,0.37830319888734354,29,719,272,,,,,,
159312.SZ,2024-11-08,0.3796940194714882,446,719,273,,,,,,
159325.SZ,2024-11-08,0.3796940194714882,446,719,273,,,,,,
180701.SZ,2024-11-08,0.3796940194714882,446,719,273,,,,,,
562970.SH,2024-11-07,0.3810848400556328,445,719,274,,,,,,
159590.SZ,2024-11-06,0.38247566063977745,444,719,275,,,,,,
508003.SH,2024-11-05,0.38386648122392214,443,719,276,,,,,,
508069.SH,2024-11-01,0.3866481223922114,441,719,278,,,,,,
520520.SH,2024-11-01,0.3866481223922114,441,719,278,,,,,,
180303.SZ,2024-10-29,0.3908205841446453,438,719,281,,,,,,
513780.SH,2024-10-25,0.39360222531293465,436,719,283,,,,,,
180502.SZ,2024-10-23,0.3963838664812239,434,719,285,,,,,,
561570.SH,2024-10-17,0.40055632823365783,430,719,288,,,,,,
164902.SZ,2023-01-03,0.40333796940194716,32,719,290,,,,,,
159338.SZ,2024-10-15,0.4047287899860918,428,719,291,,,,,,
159339.SZ,2024-10-15,0.4047287899860918,428,719,291,,,,,,
159351.SZ,2024-10-15,0.4047287899860918,428,719,291,,,,,,
159352.SZ,2024-10-15,0.4047287899860918,428,719,291,,,,,,
159353.SZ,2024-10-15,0.4047287899860918,428,719,291,,,,,,
560510.SH,2024-10-15,0.4047287899860918,428,719,291,,,,,,
560530.SH,2024-10-15,0.4047287899860918,428,719,291,,,,,,
560610.SH,2024-10-15,0.4047287899860918,428,719,291,,,,,,
563220.SH,2024-10-15,0.4047287899860918,428,719,291,,,,,,
563360.SH,2024-10-15,0.4047287899860918,428,719,291,,,,,,
520700.SH,2024-10-14,0.40611961057023643,427,719,292,,,,,,
560620.SH,2024-10-09,0.4102920723226704,424,719,295,,,,,,
159305.SZ,2024-09-27,0.41307371349095967,421,719,297,,,,,,
180105.SZ,2024-09-23,0.4200278164116829,417,719,302,,,,,,
159337.SZ,2024-09-20,0.42141863699582754,416,719,303,,,,,,
180603.SZ,2024-09-20,0.42141863699582754,416,719,303,,,,,,
520890.SH,2024-09-20,0.42141863699582754,416,719,303,,,,,,
560890.SH,2024-09-20,0.42141863699582754,416,719,303,,,,,,
561930.SH,2024-09-20,0.42141863699582754,416,719,303,,,,,,
508022.SH,2024-09-19,0.4228094575799722,415,719,304,,,,,,
161908.SZ,2023-01-03,0.4228094575799722,22,719,304,,,,,,
530000.SH,2024-09-13,0.42559109874826145,413,719,306,,,,,,
159326.SZ,2024-09-09,0.43115438108484005,409,719,310,,,,,,
162215.SZ,2023-01-04,0.4325452016689847,21,719,311,,,,,,
159335.SZ,2024-09-05,0.4339360222531293,407,719,312,,,,,,
159333.SZ,2024-09-03,0.43671766342141866,405,719,314,,,,,,
164210.SZ,2023-01-04,0.43671766342141866,20,719,314,,,,,,
159302.SZ,2024-09-02,0.4381084840055633,404,719,315,,,,,,
162108.SZ,2023-01-05,0.43949930458970793,25,719,316,,,,,,
508005.SH,2024-08-28,0.44089012517385257,401,719,317,,,,,,
162414.SZ,2023-02-15,0.4422809457579972,26,719,318,,,,,,
164105.SZ,2023-01-06,0.4422809457579972,15,719,318,,,,,,
588860.SH,2024-08-23,0.44645340751043117,398,719,321,,,,,,
159569.SZ,2024-08-22,0.4478442280945758,397,719,322,,,,,,
159587.SZ,2024-08-21,0.4478442280945758,396,719,322,,,,,,
165517.SZ,2023-01-03,0.4506258692628651,30,719,324,,,,,,
159330.SZ,2024-08-19,0.4520166898470097,394,719,325,,,,,,
508002.SH,2024-08-16,0.4534075104311544,393,719,326,,,,,,
588990.SH,2024-08-16,0.4534075104311544,393,719,326,,,,,,
166008.SZ,2023-01-03,0.45479833101529904,18,719,327,,,,,,
588830.SH,2024-08-09,0.4603616133518776,388,719,331,,,,,,
159327.SZ,2024-08-05,0.4659248956884562,384,719,335,,,,,,
159331.SZ,2024-08-01,0.46870653685674546,382,719,337,,,,,,
159332.SZ,2024-08-01,0.46870653685674546,382,719,337,,,,,,
162105.SZ,2023-01-05,0.47426981919332406,26,719,341,,,,,,
508015.SH,2024-07-23,0.47844228094575797,375,719,344,,,,,,
159301.SZ,2024-07-22,0.47983310152990266,374,719,345,,,,,,
159329.SZ,2024-07-16,0.47983310152990266,370,719,345,,,,,,
588500.SH,2024-07-19,0.4812239221140473,373,719,346,,,,,,
520830.SH,2024-07-16,0.48400556328233657,370,719,348,,,,,,
159800.SZ,2024-07-12,0.48817802503477054,368,719,351,,,,,,
520660.SH,2024-07-10,0.4909596662030598,366,719,353,,,,,,
520900.SH,2024-07-10,0.4909596662030598,366,719,353,,,,,,
520990.SH,2024-07-10,0.4909596662030598,366,719,353,,,,,,
180302.SZ,2024-07-09,0.49235048678720444,365,719,354,,,,,,
159583.SZ,2024-07-08,0.49235048678720444,364,719,354,,,,,,
160515.SZ,2023-01-09,0.4937413073713491,26,719,355,,,,,,
163003.SZ,2023-01-03,0.4937413073713491,14,719,355,,,,,,
588680.SH,2024-07-05,0.4951321279554937,363,719,356,,,,,,
508089.SH,2024-07-02,0.4993045897079277,360,719,359,,,,,,
164208.SZ,2023-01-03,0.4993045897079277,18,719,359,,,,,,
159552.SZ,2024-06-28,0.5006954102920723,358,719,360,,,,,,
508086.SH,2024-06-28,0.502086230876217,358,719,361,,,,,,
159303.SZ,2024-06-27,0.502086230876217,357,719,361,,,,,,
560360.SH,2024-06-24,0.5076495132127955,354,719,365,,,,,,
161907.SZ,2023-01-03,0.5076495132127955,353,719,365,,,,,,
159318.SZ,2024-06-21,0.5090403337969402,353,719,366,,,,,,
161727.SZ,2023-01-03,0.5090403337969402,24,719,366,,,,,,
159309.SZ,2024-06-18,0.5132127955493742,350,719,369,,,,,,
159558.SZ,2024-06-18,0.5132127955493742,350,719,369,,,,,,
159322.SZ,2024-06-14,0.5146036161335188,348,719,370,,,,,,
159315.SZ,2024-06-14,0.5159944367176634,348,719,371,,,,,,
160642.SZ,2023-01-03,0.5159944367176634,22,719,371,,,,,,
159533.SZ,2024-06-07,0.5187760778859527,344,719,373,,,,,,
159542.SZ,2024-06-07,0.5201668984700973,344,719,374,,,,,,
159578.SZ,2024-06-07,0.5201668984700973,344,719,374,,,,,,
167501.SZ,2023-01-05,0.5201668984700973,14,719,374,,,,,,
563090.SH,2024-06-06,0.5229485396383866,343,719,376,,,,,,
501061.SH,2023-01-04,0.5229485396383866,21,719,376,,,,,,
159300.SZ,2024-06-05,0.5243393602225312,342,719,377,,,,,,
159321.SZ,2024-05-27,0.5257301808066759,335,719,378,,,,,,
159588.SZ,2024-05-31,0.5285118219749653,339,719,380,,,,,,
161232.SZ,2023-01-03,0.5285118219749653,15,719,380,,,,,,
164814.SZ,2023-01-03,0.5285118219749653,13,719,380,,,,,,
563150.SH,2024-05-30,0.5299026425591099,338,719,381,,,,,,
159597.SZ,2024-05-27,0.5340751043115438,335,719,384,,,,,,
159557.SZ,2024-05-22,0.5382475660639777,332,719,387,,,,,,
588450.SH,2024-05-22,0.5382475660639777,332,719,387,,,,,,
159528.SZ,2024-05-20,0.5396383866481224,330,719,388,,,,,,
159525.SZ,2024-05-20,0.541029207232267,330,719,389,,,,,,
513820.SH,2024-05-16,0.5438108484005564,328,719,391,,,,,,
510720.SH,2024-05-15,0.545201668984701,327,719,392,,,,,,
159306.SZ,2024-05-14,0.545201668984701,326,719,392,,,,,,
562700.SH,2024-05-14,0.5465924895688457,326,719,393,,,,,,
563180.SH,2024-05-14,0.5465924895688457,326,719,393,,,,,,
167003.SZ,2023-01-16,0.5465924895688457,23,719,393,,,,,,
510950.SH,2024-05-10,0.5493741307371349,324,719,395,,,,,,
159561.SZ,2024-04-30,0.5493741307371349,319,719,395,,,,,,
562340.SH,2024-05-08,0.5507649513212796,322,719,396,,,,,,
159599.SZ,2024-05-08,0.5521557719054242,322,719,397,,,,,,
517400.SH,2024-05-08,0.5521557719054242,322,719,397,,,,,,
165509.SZ,2023-01-03,0.5535465924895688,11,719,398,,,,,,
159310.SZ,2024-04-30,0.5563282336578581,319,719,400,,,,,,
180602.SZ,2024-04-30,0.5563282336578581,319,719,400,,,,,,
562570.SH,2024-04-30,0.5563282336578581,319,719,400,,,,,,
561760.SH,2024-04-29,0.5577190542420027,318,719,401,,,,,,
160722.SZ,2023-01-04,0.5591098748261474,21,719,402,,,,,,
159307.SZ,2024-04-25,0.5605006954102921,316,719,403,,,,,,
159526.SZ,2024-04-24,0.5618915159944368,315,719,404,,,,,,
588890.SH,2024-04-23,0.5632823365785814,314,719,405,,,,,,
513210.SH,2024-04-22,0.564673157162726,313,719,406,,,,,,
560690.SH,2024-04-22,0.564673157162726,313,719,406,,,,,,
562820.SH,2024-04-22,0.564673157162726,313,719,406,,,,,,
513170.SH,2024-04-19,0.5660639777468707,312,719,407,,,,,,
560520.SH,2024-04-18,0.5660639777468707,311,719,407,,,,,,
161505.SZ,2023-01-05,0.5674547983310153,31,719,408,,,,,,
159553.SZ,2024-04-15,0.56884561891516,308,719,409,,,,,,
563280.SH,2024-04-12,0.56884561891516,307,719,409,,,,,,
159582.SZ,2024-04-16,0.5702364394993046,309,719,410,,,,,,
161233.SZ,2023-01-06,0.5702364394993046,15,719,410,,,,,,
159545.SZ,2024-04-15,0.5716272600834492,308,719,411,,,,,,
560850.SH,2024-04-15,0.5716272600834492,308,719,411,,,,,,
562560.SH,2024-04-12,0.5730180806675939,307,719,412,,,,,,
560150.SH,2024-04-08,0.5785813630041725,303,719,416,,,,,,
508033.SH,2024-03-29,0.5841446453407511,299,719,420,,,,,,
508026.SH,2024-03-28,0.5855354659248957,298,719,421,,,,,,
511130.SH,2024-03-28,0.5855354659248957,298,719,421,,,,,,
159589.SZ,2024-03-26,0.5869262865090403,296,719,422,,,,,,
562580.SH,2024-03-26,0.588317107093185,296,719,423,,,,,,
160220.SZ,2023-01-04,0.5897079276773296,28,719,424,,,,,,
161722.SZ,2023-01-03,0.5938803894297635,18,719,427,,,,,,
159586.SZ,2024-03-15,0.5952712100139083,289,719,428,,,,,,
159591.SZ,2024-03-18,0.5966620305980529,290,719,429,,,,,,
159592.SZ,2024-03-18,0.5966620305980529,290,719,429,,,,,,
159595.SZ,2024-03-18,0.5966620305980529,290,719,429,,,,,,
159596.SZ,2024-03-18,0.5966620305980529,290,719,429,,,,,,
561230.SH,2024-03-18,0.5966620305980529,290,719,429,,,,,,
562890.SH,2024-03-18,0.5966620305980529,290,719,429,,,,,,
563080.SH,2024-03-18,0.5966620305980529,290,719,429,,,,,,
563350.SH,2024-03-18,0.5966620305980529,290,719,429,,,,,,
159581.SZ,2024-03-15,0.5980528511821975,289,719,430,,,,,,
180601.SZ,2024-03-14,0.5994436717663422,288,719,431,,,,,,
508011.SH,2024-03-12,0.6008344923504868,286,719,432,,,,,,
159593.SZ,2024-03-12,0.6022253129346314,286,719,433,,,,,,
508017.SH,2024-03-12,0.6022253129346314,286,719,433,,,,,,
560350.SH,2024-03-12,0.6022253129346314,286,719,433,,,,,,
501028.SH,2023-01-03,0.6022253129346314,12,719,433,,,,,,
513910.SH,2024-03-04,0.6105702364394993,280,719,439,,,,,,
159568.SZ,2024-02-27,0.6161335187760779,276,719,443,,,,,,
161216.SZ,2023-01-03,0.6161335187760779,11,719,443,,,,,,
159565.SZ,2024-02-26,0.6175243393602226,275,719,444,,,,,,
159563.SZ,2024-02-23,0.6175243393602226,274,719,444,,,,,,
159577.SZ,2024-02-23,0.6189151599443672,274,719,445,,,,,,
160622.SZ,2023-01-03,0.6189151599443672,8,719,445,,,,,,
159547.SZ,2024-02-06,0.6244784422809457,267,719,449,,,,,,
159566.SZ,2024-02-08,0.6258692628650904,269,719,450,,,,,,
159529.SZ,2024-02-02,0.6258692628650904,265,719,450,,,,,,
159527.SZ,2024-02-01,0.6300417246175244,264,719,453,,,,,,
513400.SH,2024-02-02,0.631432545201669,265,719,454,,,,,,
511910.SH,2023-01-03,0.6328233657858137,13,719,455,,,,,,
162307.SZ,2023-01-03,0.6356050069541029,17,719,457,,,,,,
561200.SH,2024-01-05,0.6411682892906815,245,719,461,,,,,,
162721.SZ,2023-01-03,0.6425591098748261,11,719,462,,,,,,
159562.SZ,2024-01-22,0.6439499304589708,256,719,463,,,,,,
159570.SZ,2024-01-22,0.6439499304589708,256,719,463,,,,,,
511970.SH,2023-01-05,0.6439499304589708,15,719,463,,,,,,
159530.SZ,2024-01-18,0.6467315716272601,254,719,465,,,,,,
163907.SZ,2023-01-04,0.650904033379694,12,719,468,,,,,,
508031.SH,2024-01-12,0.6522948539638387,250,719,469,,,,,,
159567.SZ,2024-01-11,0.6536856745479833,249,719,470,,,,,,
159502.SZ,2024-01-10,0.655076495132128,248,719,471,,,,,,
159556.SZ,2024-01-10,0.655076495132128,248,719,471,,,,,,
161219.SZ,2023-01-06,0.655076495132128,8,719,471,,,,,,
160526.SZ,2023-01-03,0.655076495132128,16,719,471,,,,,,
161015.SZ,2023-01-03,0.6578581363004172,10,719,473,,,,,,
513920.SH,2024-01-05,0.6592489568845619,245,719,474,,,,,,
588700.SH,2024-01-05,0.6592489568845619,245,719,474,,,,,,
164808.SZ,2023-01-04,0.6592489568845619,8,719,474,,,,,,
159575.SZ,2024-01-02,0.6606397774687065,242,719,475,,,,,,
159576.SZ,2024-01-03,0.6620305980528511,243,719,476,,,,,,
159571.SZ,2024-01-02,0.6634214186369958,242,719,477,,,,,,
169201.SZ,2023-01-03,0.6634214186369958,19,719,477,,,,,,
161225.SZ,2023-01-03,0.6648122392211405,11,719,478,,,,,,
562060.SH,2023-12-28,0.6662030598052852,240,719,479,,,,,,
159572.SZ,2023-12-25,0.6703755215577191,237,719,482,,,,,,
159573.SZ,2023-12-25,0.6703755215577191,237,719,482,,,,,,
511100.SH,2023-12-25,0.6703755215577191,237,719,482,,,,,,
501053.SH,2023-01-05,0.674547983310153,10,719,485,,,,,,
560300.SH,2023-12-18,0.6773296244784422,232,719,487,,,,,,
588900.SH,2023-12-18,0.6773296244784422,232,719,487,,,,,,
563020.SH,2023-12-14,0.6801112656467315,230,719,489,,,,,,
159555.SZ,2023-12-12,0.6828929068150209,228,719,491,,,,,,
159559.SZ,2023-12-12,0.6828929068150209,228,719,491,,,,,,
560780.SH,2023-12-12,0.6828929068150209,228,719,491,,,,,,
159150.SZ,2023-12-11,0.6842837273991655,227,719,492,,,,,,
159350.SZ,2023-12-11,0.6842837273991655,227,719,492,,,,,,
159549.SZ,2023-12-11,0.6842837273991655,227,719,492,,,,,,
561010.SH,2023-12-11,0.6842837273991655,227,719,492,,,,,,
562600.SH,2023-12-11,0.6842837273991655,227,719,492,,,,,,
513630.SH,2023-12-08,0.6856745479833102,226,719,493,,,,,,
166009.SZ,2023-01-03,0.6856745479833102,10,719,493,,,,,,
166107.SZ,2023-01-03,0.6856745479833102,15,719,493,,,,,,
159505.SZ,2023-12-04,0.6884561891515995,222,719,495,,,,,,
159661.SZ,2023-12-01,0.6912378303198887,221,719,497,,,,,,
510980.SH,2023-12-01,0.6926286509040334,221,719,498,,,,,,
513730.SH,2023-12-01,0.6926286509040334,221,719,498,,,,,,
160324.SZ,2023-01-04,0.694019471488178,16,719,499,,,,,,
513350.SH,2023-11-28,0.6954102920723226,218,719,500,,,,,,
164703.SZ,2023-01-03,0.6954102920723226,9,719,500,,,,,,
513750.SH,2023-11-27,0.6981919332406119,217,719,502,,,,,,
501222.SH,2023-02-01,0.6981919332406119,16,719,502,,,,,,
501051.SH,2023-01-05,0.6995827538247567,12,719,503,,,,,,
159543.SZ,2023-11-20,0.7051460361613352,212,719,507,,,,,,
159560.SZ,2023-11-20,0.7051460361613352,212,719,507,,,,,,
162712.SZ,2023-01-16,0.7051460361613352,13,719,507,,,,,,
513850.SH,2023-11-17,0.7065368567454798,211,719,508,,,,,,
159518.SZ,2023-11-15,0.7065368567454798,209,719,508,,,,,,
159551.SZ,2023-11-16,0.7079276773296245,210,719,509,,,,,,
588210.SH,2023-11-16,0.7079276773296245,210,719,509,,,,,,
588800.SH,2023-11-16,0.7079276773296245,210,719,509,,,,,,
588880.SH,2023-11-16,0.7079276773296245,210,719,509,,,,,,
160806.SZ,2023-01-03,0.7079276773296245,8,719,509,,,,,,
161038.SZ,2023-01-04,0.7093184979137691,10,719,510,,,,,,
160618.SZ,2023-01-03,0.7107093184979137,12,719,511,,,,,,
163821.SZ,2023-01-05,0.7121001390820584,17,719,512,,,,,,
561780.SH,2023-11-10,0.713490959666203,206,719,513,,,,,,
563330.SH,2023-11-07,0.717663421418637,203,719,516,,,,,,
513870.SH,2023-11-02,0.721835883171071,200,719,519,,,,,,
517520.SH,2023-11-01,0.7232267037552156,199,719,520,,,,,,
159520.SZ,2023-10-31,0.7246175243393602,198,719,521,,,,,,
159541.SZ,2023-10-31,0.7246175243393602,198,719,521,,,,,,
561360.SH,2023-10-31,0.7246175243393602,198,719,521,,,,,,
560280.SH,2023-10-30,0.7260083449235049,197,719,522,,,,,,
508007.SH,2023-10-27,0.7273991655076495,196,719,523,,,,,,
159546.SZ,2023-10-20,0.7343532684283728,191,719,528,,,,,,
165512.SZ,2023-01-03,0.7357440890125174,13,719,529,,,,,,
562590.SH,2023-10-18,0.7371349095966621,189,719,530,,,,,,
563200.SH,2023-10-18,0.7371349095966621,189,719,530,,,,,,
167302.SZ,2023-01-03,0.7371349095966621,9,719,530,,,,,,
560020.SH,2023-10-16,0.7399165507649513,187,719,532,,,,,,
161019.SZ,2023-01-04,0.7399165507649513,8,719,532,,,,,,
501211.SH,2023-01-04,0.741307371349096,9,719,533,,,,,,
562030.SH,2023-10-12,0.7426981919332406,185,719,534,,,,,,
513190.SH,2023-10-11,0.7440890125173852,184,719,535,,,,,,
159537.SZ,2023-10-10,0.7440890125173852,183,719,535,,,,,,
159539.SZ,2023-09-28,0.7454798331015299,181,719,536,,,,,,
164509.SZ,2023-01-04,0.7454798331015299,6,719,536,,,,,,
511770.SH,2023-01-03,0.7454798331015299,8,719,536,,,,,,
159540.SZ,2023-09-28,0.7482614742698191,181,719,538,,,,,,
161614.SZ,2023-01-03,0.7482614742698191,6,719,538,,,,,,
560590.SH,2023-09-25,0.7510431154381085,178,719,540,,,,,,
159538.SZ,2023-09-22,0.7524339360222532,177,719,541,,,,,,
159535.SZ,2023-09-22,0.7538247566063978,177,719,542,,,,,,
561280.SH,2023-09-22,0.7538247566063978,177,719,542,,,,,,
159532.SZ,2023-09-21,0.7552155771905424,176,719,543,,,,,,
159536.SZ,2023-09-21,0.7552155771905424,176,719,543,,,,,,
561060.SH,2023-09-21,0.7552155771905424,176,719,543,,,,,,
561370.SH,2023-09-21,0.7552155771905424,176,719,543,,,,,,
160518.SZ,2023-01-03,0.7552155771905424,9,719,543,,,,,,
159523.SZ,2023-09-19,0.7579972183588317,174,719,545,,,,,,
159531.SZ,2023-09-18,0.7593880389429764,173,719,546,,,,,,
560220.SH,2023-09-18,0.7593880389429764,173,719,546,,,,,,
560260.SH,2023-09-15,0.760778859527121,172,719,547,,,,,,
588030.SH,2023-09-15,0.760778859527121,172,719,547,,,,,,
588120.SH,2023-09-15,0.760778859527121,172,719,547,,,,,,
588190.SH,2023-09-15,0.760778859527121,172,719,547,,,,,,
588220.SH,2023-09-15,0.760778859527121,172,719,547,,,,,,
562660.SH,2023-09-14,0.7621696801112656,171,719,548,,,,,,
563300.SH,2023-09-14,0.7621696801112656,171,719,548,,,,,,
168104.SZ,2023-01-03,0.7621696801112656,6,719,548,,,,,,
166016.SZ,2023-01-06,0.7649513212795549,13,719,550,,,,,,
159521.SZ,2023-09-07,0.7677329624478443,166,719,552,,,,,,
159517.SZ,2023-09-05,0.7691237830319889,164,719,553,,,,,,
159515.SZ,2023-09-06,0.7705146036161336,165,719,554,,,,,,
165508.SZ,2023-01-05,0.7732962447844228,10,719,556,,,,,,
513810.SH,2023-09-01,0.7746870653685675,162,719,557,,,,,,
561980.SH,2023-09-01,0.7746870653685675,162,719,557,,,,,,
162216.SZ,2023-01-04,0.7746870653685675,5,719,557,,,,,,
168101.SZ,2023-01-04,0.7746870653685675,12,719,557,,,,,,
159519.SZ,2023-08-31,0.7760778859527121,161,719,558,,,,,,
588020.SH,2023-08-31,0.7760778859527121,161,719,558,,,,,,
588110.SH,2023-08-31,0.7760778859527121,161,719,558,,,,,,
511950.SH,2023-01-04,0.7760778859527121,14,719,558,,,,,,
160512.SZ,2023-01-03,0.780250347705146,9,719,561,,,,,,
511960.SH,2023-01-03,0.780250347705146,10,719,561,,,,,,
159696.SZ,2023-08-25,0.7816411682892906,157,719,562,,,,,,
501097.SH,2023-01-03,0.7816411682892906,8,719,562,,,,,,
159699.SZ,2023-08-23,0.7844228094575799,155,719,564,,,,,,
161133.SZ,2023-01-03,0.7844228094575799,14,719,564,,,,,,
501001.SH,2023-01-03,0.7844228094575799,6,719,564,,,,,,
168301.SZ,2023-01-03,0.7858136300417247,6,719,565,,,,,,
159698.SZ,2023-08-18,0.7885952712100139,152,719,567,,,,,,
159510.SZ,2023-08-16,0.7913769123783032,150,719,569,,,,,,
501064.SH,2023-01-03,0.7969401947148818,6,719,573,,,,,,
511930.SH,2023-01-03,0.7969401947148818,9,719,573,,,,,,
561260.SH,2023-08-09,0.7983310152990264,145,719,574,,,,,,
561790.SH,2023-08-09,0.7983310152990264,145,719,574,,,,,,
562850.SH,2023-08-09,0.7983310152990264,145,719,574,,,,,,
164508.SZ,2023-01-04,0.7983310152990264,8,719,574,,,,,,
160616.SZ,2023-01-03,0.7983310152990264,6,719,574,,,,,,
160925.SZ,2023-01-03,0.7983310152990264,7,719,574,,,,,,
159509.SZ,2023-08-08,0.799721835883171,144,719,575,,,,,,
159511.SZ,2023-08-07,0.8011126564673157,143,719,576,,,,,,
168102.SZ,2023-01-03,0.8052851182197497,8,719,579,,,,,,
560950.SH,2023-07-31,0.808066759388039,138,719,581,,,,,,
159513.SZ,2023-07-28,0.8094575799721836,137,719,582,,,,,,
159516.SZ,2023-07-27,0.8108484005563282,136,719,583,,,,,,
162715.SZ,2023-01-19,0.8122392211404729,12,719,584,,,,,,
159512.SZ,2023-07-25,0.8136300417246175,134,719,585,,,,,,
501098.SH,2023-01-03,0.8150208623087621,4,719,586,,,,,,
501037.SH,2023-01-03,0.8164116828929068,4,719,587,,,,,,
501092.SH,2023-01-03,0.8164116828929068,4,719,587,,,,,,
159686.SZ,2023-07-19,0.8178025034770514,130,719,588,,,,,,
160105.SZ,2023-01-03,0.8191933240611962,6,719,589,,,,,,
159673.SZ,2023-07-17,0.8219749652294854,128,719,591,,,,,,
159508.SZ,2023-07-14,0.8233657858136301,127,719,592,,,,,,
511670.SH,2023-01-04,0.8233657858136301,6,719,592,,,,,,
160215.SZ,2023-01-03,0.8233657858136301,7,719,592,,,,,,
563010.SH,2023-07-13,0.8247566063977747,126,719,593,,,,,,
501217.SH,2023-01-03,0.827538247566064,4,719,595,,,,,,
560030.SH,2023-07-10,0.8289290681502086,123,719,596,,,,,,
159690.SZ,2023-07-06,0.8303198887343533,121,719,597,,,,,,
560170.SH,2023-07-06,0.8317107093184979,121,719,598,,,,,,
562380.SH,2023-07-06,0.8317107093184979,121,719,598,,,,,,
563050.SH,2023-07-06,0.8317107093184979,121,719,598,,,,,,
501210.SH,2023-01-03,0.8317107093184979,6,719,598,,,,,,
501091.SH,2023-01-03,0.8331015299026425,5,719,599,,,,,,
159506.SZ,2023-07-03,0.8358831710709318,118,719,601,,,,,,
501189.SH,2023-01-03,0.8358831710709318,4,719,601,,,,,,
508019.SH,2023-06-30,0.8372739916550765,117,719,602,,,,,,
160921.SZ,2023-01-03,0.8386648122392212,6,719,603,,,,,,
159507.SZ,2023-06-21,0.8414464534075105,112,719,605,,,,,,
165309.SZ,2023-01-03,0.8442280945757997,6,719,607,,,,,,
161811.SZ,2023-01-03,0.8456189151599444,6,719,608,,,,,,
501038.SH,2023-01-03,0.8484005563282336,5,719,610,,,,,,
159501.SZ,2023-06-14,0.8511821974965229,107,719,612,,,,,,
511090.SH,2023-06-13,0.8525730180806675,106,719,613,,,,,,
168105.SZ,2023-01-04,0.8525730180806675,4,719,613,,,,,,
513040.SH,2023-06-12,0.8539638386648123,105,719,614,,,,,,
562920.SH,2023-06-12,0.8539638386648123,105,719,614,,,,,,
161820.SZ,2023-01-03,0.8567454798331016,4,719,616,,,,,,
560070.SH,2023-06-06,0.8595271210013908,101,719,618,,,,,,
560700.SH,2023-06-06,0.8595271210013908,101,719,618,,,,,,
561960.SH,2023-06-06,0.8595271210013908,101,719,618,,,,,,
161132.SZ,2023-01-03,0.8595271210013908,4,719,618,,,,,,
562930.SH,2023-06-05,0.8609179415855355,100,719,619,,,,,,
511820.SH,2023-01-06,0.8609179415855355,5,719,619,,,,,,
161229.SZ,2023-01-04,0.8609179415855355,6,719,619,,,,,,
561580.SH,2023-05-30,0.866481223922114,96,719,623,,,,,,
160421.SZ,2023-01-03,0.8678720445062587,6,719,624,,,,,,
161224.SZ,2023-01-03,0.8678720445062587,9,719,624,,,,,,
501032.SH,2023-01-03,0.8678720445062587,7,719,624,,,,,,
159692.SZ,2023-05-23,0.8734353268428373,91,719,628,,,,,,
560330.SH,2023-05-23,0.8734353268428373,91,719,628,,,,,,
160513.SZ,2023-01-03,0.8734353268428373,6,719,628,,,,,,
161014.SZ,2023-01-03,0.8734353268428373,5,719,628,,,,,,
501220.SH,2023-01-03,0.874826147426982,8,719,629,,,,,,
160143.SZ,2023-01-03,0.8762169680111266,7,719,630,,,,,,
161607.SZ,2023-01-03,0.8762169680111266,6,719,630,,,,,,
160527.SZ,2023-01-03,0.8776077885952712,5,719,631,,,,,,
161217.SZ,2023-01-03,0.8776077885952712,4,719,631,,,,,,
159653.SZ,2023-03-24,0.8817802503477051,53,719,634,,,,,,
160326.SZ,2023-01-03,0.8817802503477051,6,719,634,,,,,,
560580.SH,2023-05-12,0.8831710709318498,84,719,635,,,,,,
160910.SZ,2023-01-03,0.8831710709318498,7,719,635,,,,,,
159695.SZ,2023-05-10,0.885952712100139,82,719,637,,,,,,
166011.SZ,2023-01-03,0.885952712100139,4,719,637,,,,,,
501073.SH,2023-01-03,0.885952712100139,3,719,637,,,,,,
159622.SZ,2023-05-09,0.8873435326842837,81,719,638,,,,,,
159670.SZ,2023-05-09,0.8873435326842837,81,719,638,,,,,,
167506.SZ,2023-01-03,0.8873435326842837,7,719,638,,,,,,
513390.SH,2023-05-08,0.8887343532684284,80,719,639,,,,,,
160323.SZ,2023-01-06,0.8901251738525731,8,719,640,,,,,,
159697.SZ,2023-05-04,0.8915159944367177,78,719,641,,,,,,
513950.SH,2023-04-28,0.8929068150208623,77,719,642,,,,,,
160620.SZ,2023-01-03,0.8929068150208623,5,719,642,,,,,,
162509.SZ,2023-01-03,0.894297635605007,3,719,643,,,,,,
159659.SZ,2023-04-25,0.8970792767732962,74,719,645,,,,,,
501312.SH,2023-04-25,0.8970792767732962,74,719,645,,,,,,
561950.SH,2023-04-24,0.8984700973574409,73,719,646,,,,,,
159691.SZ,2023-04-21,0.8998609179415855,72,719,647,,,,,,
513970.SH,2023-04-21,0.8998609179415855,72,719,647,,,,,,
560180.SH,2023-04-21,0.8998609179415855,72,719,647,,,,,,
501186.SH,2023-01-04,0.9012517385257302,3,719,648,,,,,,
161713.SZ,2023-01-03,0.9012517385257302,4,719,648,,,,,,
162207.SZ,2023-01-03,0.9012517385257302,3,719,648,,,,,,
168401.SZ,2023-01-03,0.9012517385257302,6,719,648,,,,,,
501216.SH,2023-01-03,0.9012517385257302,4,719,648,,,,,,
562330.SH,2023-04-18,0.9040333796940194,69,719,650,,,,,,
159660.SZ,2023-04-17,0.9054242002781642,68,719,651,,,,,,
501065.SH,2023-01-03,0.9054242002781642,5,719,651,,,,,,
501225.SH,2023-04-14,0.9068150208623088,67,719,652,,,,,,
160812.SZ,2023-01-03,0.9068150208623088,3,719,652,,,,,,
168203.SZ,2023-01-03,0.9082058414464534,4,719,653,,,,,,
159676.SZ,2023-04-12,0.9095966620305981,65,719,654,,,,,,
562960.SH,2023-04-12,0.9095966620305981,65,719,654,,,,,,
161834.SZ,2023-01-03,0.9109874826147427,5,719,655,,,,,,
510560.SH,2023-01-05,0.9123783031988874,3,719,656,,,,,,
163110.SZ,2023-01-03,0.9123783031988874,5,719,656,,,,,,
165528.SZ,2023-01-03,0.9123783031988874,4,719,656,,,,,,
501008.SH,2023-01-03,0.913769123783032,5,719,657,,,,,,
159685.SZ,2023-04-03,0.9151599443671766,59,719,658,,,,,,
161837.SZ,2023-01-03,0.9151599443671766,3,719,658,,,,,,
513650.SH,2023-04-04,0.9165507649513213,60,719,659,,,,,,
511980.SH,2023-01-03,0.9165507649513213,4,719,659,,,,,,
159672.SZ,2023-04-03,0.9179415855354659,59,719,660,,,,,,
160529.SZ,2023-01-03,0.9179415855354659,4,719,660,,,,,,
160615.SZ,2023-01-03,0.9179415855354659,3,719,660,,,,,,
160211.SZ,2023-01-03,0.9193324061196105,4,719,661,,,,,,
508096.SH,2023-03-29,0.9207232267037552,56,719,662,,,,,,
164810.SZ,2023-01-03,0.9207232267037552,8,719,662,,,,,,
501026.SH,2023-01-03,0.9207232267037552,5,719,662,,,,,,
501306.SH,2023-01-03,0.9207232267037552,5,719,662,,,,,,
508028.SH,2023-03-29,0.9221140472878998,56,719,663,,,,,,
561920.SH,2023-03-29,0.9221140472878998,56,719,663,,,,,,
160613.SZ,2023-01-03,0.9221140472878998,4,719,663,,,,,,
501071.SH,2023-01-03,0.9221140472878998,2,719,663,,,,,,
160142.SZ,2023-01-03,0.9235048678720446,3,719,664,,,,,,
160726.SZ,2023-01-03,0.9235048678720446,4,719,664,,,,,,
562550.SH,2023-03-27,0.9248956884561892,54,719,665,,,,,,
160807.SZ,2023-01-03,0.9262865090403338,3,719,666,,,,,,
166023.SZ,2023-01-03,0.9304589707927677,6,719,669,,,,,,
511920.SH,2023-01-03,0.9304589707927677,3,719,669,,,,,,
513110.SH,2023-03-20,0.9318497913769124,49,719,670,,,,,,
161117.SZ,2023-01-03,0.9318497913769124,5,719,670,,,,,,
501060.SH,2023-01-03,0.9318497913769124,5,719,670,,,,,,
561170.SH,2023-03-16,0.9346314325452016,47,719,672,,,,,,
167508.SZ,2023-01-03,0.9346314325452016,5,719,672,,,,,,
560090.SH,2023-03-15,0.9360222531293463,46,719,673,,,,,,
501307.SH,2023-01-03,0.9360222531293463,8,719,673,,,,,,
159689.SZ,2023-03-13,0.9374130737134909,44,719,674,,,,,,
160638.SZ,2023-01-03,0.9374130737134909,4,719,674,,,,,,
159657.SZ,2023-03-13,0.9388038942976356,44,719,675,,,,,,
560860.SH,2023-03-13,0.9388038942976356,44,719,675,,,,,,
563030.SH,2023-03-13,0.9388038942976356,44,719,675,,,,,,
163111.SZ,2023-01-03,0.9388038942976356,2,719,675,,,,,,
501088.SH,2023-01-03,0.9388038942976356,3,719,675,,,,,,
501209.SH,2023-01-03,0.9388038942976356,2,719,675,,,,,,
159671.SZ,2023-03-10,0.9401947148817803,43,719,676,,,,,,
161728.SZ,2023-01-03,0.9401947148817803,3,719,676,,,,,,
163116.SZ,2023-01-03,0.9429763560500696,4,719,678,,,,,,
501218.SH,2023-01-03,0.9429763560500696,3,719,678,,,,,,
501099.SH,2023-01-03,0.9457579972183588,4,719,680,,,,,,
160611.SZ,2023-01-03,0.9471488178025035,2,719,681,,,,,,
161036.SZ,2023-01-03,0.9485396383866481,2,719,682,,,,,,
165515.SZ,2023-01-03,0.9485396383866481,3,719,682,,,,,,
161610.SZ,2023-01-03,0.9499304589707928,2,719,683,,,,,,
163001.SZ,2023-01-03,0.9499304589707928,2,719,683,,,,,,
166027.SZ,2023-01-03,0.9499304589707928,3,719,683,,,,,,
169105.SZ,2023-01-03,0.9499304589707928,2,719,683,,,,,,
161123.SZ,2023-01-03,0.9513212795549374,2,719,684,,,,,,
501212.SH,2023-01-03,0.9513212795549374,3,719,684,,,,,,
512360.SH,2023-01-03,0.9513212795549374,4,719,684,,,,,,
159678.SZ,2023-02-27,0.952712100139082,34,719,685,,,,,,
161729.SZ,2023-01-03,0.952712100139082,3,719,685,,,,,,
501070.SH,2023-01-03,0.952712100139082,2,719,685,,,,,,
501093.SH,2023-01-03,0.952712100139082,3,719,685,,,,,,
562860.SH,2023-02-24,0.9541029207232267,33,719,686,,,,,,
501047.SH,2023-01-03,0.9554937413073713,3,719,687,,,,,,
510090.SH,2023-01-03,0.9554937413073713,2,719,687,,,,,,
512870.SH,2023-01-03,0.9554937413073713,2,719,687,,,,,,
159679.SZ,2023-02-22,0.9568845618915159,31,719,688,,,,,,
161118.SZ,2023-01-03,0.9568845618915159,2,719,688,,,,,,
165313.SZ,2023-01-03,0.9582753824756607,4,719,689,,,,,,
160610.SZ,2023-01-04,0.9596662030598053,3,719,690,,,,,,
161131.SZ,2023-01-03,0.9596662030598053,2,719,690,,,,,,
160212.SZ,2023-01-03,0.96105702364395,2,719,691,,,,,,
161029.SZ,2023-01-03,0.96105702364395,2,719,691,,,,,,
162711.SZ,2023-01-03,0.96105702364395,3,719,691,,,,,,
168701.SZ,2023-01-03,0.96105702364395,3,719,691,,,,,,
159913.SZ,2023-01-03,0.9624478442280946,2,719,692,,,,,,
161816.SZ,2023-01-03,0.9624478442280946,2,719,692,,,,,,
165511.SZ,2023-01-03,0.9624478442280946,2,719,692,,,,,,
167002.SZ,2023-01-03,0.9624478442280946,3,719,692,,,,,,
159688.SZ,2023-02-15,0.9638386648122392,26,719,693,,,,,,
501048.SH,2023-01-03,0.9638386648122392,3,719,693,,,,,,
501303.SH,2023-01-03,0.9638386648122392,6,719,693,,,,,,
161222.SZ,2023-01-03,0.9652294853963839,3,719,694,,,,,,
163302.SZ,2023-01-03,0.9652294853963839,2,719,694,,,,,,
501045.SH,2023-01-03,0.9652294853963839,2,719,694,,,,,,
159666.SZ,2023-02-13,0.9666203059805285,24,719,695,,,,,,
513560.SH,2023-02-13,0.9666203059805285,24,719,695,,,,,,
501007.SH,2023-01-03,0.9666203059805285,2,719,695,,,,,,
501188.SH,2023-01-03,0.9666203059805285,3,719,695,,,,,,
501200.SH,2023-01-03,0.9666203059805285,3,719,695,,,,,,
501213.SH,2023-01-03,0.9666203059805285,2,719,695,,,,,,
501015.SH,2023-01-03,0.9680111265646731,2,719,696,,,,,,
508098.SH,2023-02-08,0.9694019471488178,21,719,697,,,,,,
162006.SZ,2023-01-03,0.9694019471488178,2,719,697,,,,,,
501310.SH,2023-01-03,0.9694019471488178,2,719,697,,,,,,
159652.SZ,2023-02-08,0.9707927677329624,21,719,698,,,,,,
160805.SZ,2023-01-03,0.9707927677329624,2,719,698,,,,,,
501022.SH,2023-01-03,0.972183588317107,2,719,699,,,,,,
512390.SH,2023-01-03,0.972183588317107,2,719,699,,,,,,
165519.SZ,2023-01-03,0.9735744089012517,2,719,700,,,,,,
165522.SZ,2023-01-03,0.9735744089012517,2,719,700,,,,,,
511830.SH,2023-01-03,0.9735744089012517,2,719,700,,,,,,
160639.SZ,2023-01-03,0.9749652294853964,2,719,701,,,,,,
160813.SZ,2023-01-03,0.9749652294853964,2,719,701,,,,,,
168103.SZ,2023-01-03,0.9749652294853964,2,719,701,,,,,,
501087.SH,2023-01-03,0.9749652294853964,1,719,701,,,,,,
510380.SH,2023-01-03,0.9749652294853964,3,719,701,,,,,,
161040.SZ,2023-01-03,0.9763560500695411,2,719,702,,,,,,
166025.SZ,2023-01-03,0.9763560500695411,3,719,702,,,,,,
169106.SZ,2023-01-03,0.9763560500695411,1,719,702,,,,,,
501305.SH,2023-01-03,0.9763560500695411,1,719,702,,,,,,
502006.SH,2023-01-03,0.9763560500695411,3,719,702,,,,,,
510570.SH,2023-01-03,0.9763560500695411,2,719,702,,,,,,
511650.SH,2023-01-03,0.9763560500695411,2,719,702,,,,,,
160626.SZ,2023-01-03,0.9777468706536857,2,719,703,,,,,,
161124.SZ,2023-01-03,0.9777468706536857,2,719,703,,,,,,
501076.SH,2023-01-03,0.9777468706536857,2,719,703,,,,,,
502023.SH,2023-01-03,0.9777468706536857,2,719,703,,,,,,
160325.SZ,2023-01-03,0.9791376912378303,2,719,704,,,,,,
501096.SH,2023-01-03,0.9791376912378303,2,719,704,,,,,,
512190.SH,2023-01-03,0.9791376912378303,3,719,704,,,,,,
159656.SZ,2023-01-16,0.9874826147426982,9,719,710,,,,,,
513140.SH,2023-01-12,0.9902642559109874,7,719,712,,,,,,
562320.SH,2023-01-12,0.9902642559109874,7,719,712,,,,,,
159669.SZ,2023-01-11,0.9916550764951322,6,719,713,,,,,,
561000.SH,2023-01-11,0.9916550764951322,6,719,713,,,,,,
