code,first_valid_date,coverage,max_consecutive_missing,n_days,n_valid,InstrumentName,OpenDate,OpenDate_raw,ExchangeID,InstrumentID
159001.SZ,2023-01-03,1.0,0,719,719,货币ETF,2014-10-20,20141020,SZ,159001
159003.SZ,2023-01-03,1.0,0,719,719,招商快线ETF,2014-10-20,20141020,SZ,159003
159005.SZ,2023-01-03,1.0,0,719,719,汇添富快钱ETF,2015-01-13,20150113,SZ,159005
159601.SZ,2023-01-03,1.0,0,719,719,A50ETF,2021-11-08,20211108,SZ,159601
159602.SZ,2023-01-03,1.0,0,719,719,中国A50ETF,2021-11-08,20211108,SZ,159602
159603.SZ,2023-01-03,1.0,0,719,719,双创龙头ETF,2022-06-08,20220608,SZ,159603
159605.SZ,2023-01-03,1.0,0,719,719,中概互联ETF,2021-12-02,20211202,SZ,159605
159606.SZ,2023-01-03,1.0,0,719,719,中证500成长ETF,2021-12-29,20211229,SZ,159606
159607.SZ,2023-01-03,1.0,0,719,719,中概互联网ETF,2021-12-02,20211202,SZ,159607
159608.SZ,2023-01-03,1.0,0,719,719,稀有金属ETF,2021-12-23,20211223,SZ,159608
159609.SZ,2023-01-03,1.0,0,719,719,光伏龙头ETF,2022-07-08,20220708,SZ,159609
159610.SZ,2023-01-03,1.0,0,719,719,500ETF增强,2022-01-10,20220110,SZ,159610
159611.SZ,2023-01-03,1.0,0,719,719,电力ETF,2022-01-07,20220107,SZ,159611
159613.SZ,2023-01-03,1.0,0,719,719,信息安全ETF,2022-01-27,20220127,SZ,159613
159615.SZ,2023-01-03,1.0,0,719,719,恒生生物科技ETF,2022-06-28,20220628,SZ,159615
159616.SZ,2023-01-03,1.0,0,719,719,农牧ETF,2022-08-08,20220808,SZ,159616
159618.SZ,2023-01-03,1.0,0,719,719,光伏ETF指数基金,2022-04-22,20220422,SZ,159618
159619.SZ,2023-01-03,1.0,0,719,719,基建ETF,2022-02-18,20220218,SZ,159619
159623.SZ,2023-01-03,1.0,0,719,719,成渝经济圈ETF,2022-09-09,20220909,SZ,159623
159625.SZ,2023-01-03,1.0,0,719,719,绿色电力ETF,2022-04-29,20220429,SZ,159625
159628.SZ,2023-01-03,1.0,0,719,719,国证2000ETF,2022-07-18,20220718,SZ,159628
159629.SZ,2023-01-03,1.0,0,719,719,1000ETF,2022-08-03,20220803,SZ,159629
159631.SZ,2023-01-03,1.0,0,719,719,中证A100ETF,2022-08-26,20220826,SZ,159631
159632.SZ,2023-01-03,1.0,0,719,719,纳斯达克ETF,2022-08-03,20220803,SZ,159632
159633.SZ,2023-01-03,1.0,0,719,719,中证1000ETF易方达,2022-08-04,20220804,SZ,159633
159635.SZ,2023-01-03,1.0,0,719,719,基建50ETF,2022-07-12,20220712,SZ,159635
159636.SZ,2023-01-03,1.0,0,719,719,港股通科技30ETF,2022-07-20,20220720,SZ,159636
159637.SZ,2023-01-03,1.0,0,719,719,新能源车ETF东财,2022-09-01,20220901,SZ,159637
159638.SZ,2023-01-03,1.0,0,719,719,高端装备ETF,2022-08-12,20220812,SZ,159638
159639.SZ,2023-01-03,1.0,0,719,719,碳中和ETF南方,2022-07-19,20220719,SZ,159639
159640.SZ,2023-01-03,1.0,0,719,719,碳中和龙头ETF,2022-07-21,20220721,SZ,159640
159641.SZ,2023-01-03,1.0,0,719,719,双碳ETF,2022-07-22,20220722,SZ,159641
159642.SZ,2023-01-03,1.0,0,719,719,碳中和100ETF,2022-07-21,20220721,SZ,159642
159643.SZ,2023-01-03,1.0,0,719,719,疫苗ETF,2022-08-22,20220822,SZ,159643
159647.SZ,2023-01-03,1.0,0,719,719,中药ETF,2022-07-28,20220728,SZ,159647
159649.SZ,2023-01-03,1.0,0,719,719,国开债ETF,2022-10-24,20221024,SZ,159649
159650.SZ,2023-01-03,1.0,0,719,719,国开ETF,2022-10-28,20221028,SZ,159650
159651.SZ,2023-01-03,1.0,0,719,719,国开债券ETF,2022-11-16,20221116,SZ,159651
159655.SZ,2023-01-03,1.0,0,719,719,标普ETF,2022-10-25,20221025,SZ,159655
159658.SZ,2023-01-03,1.0,0,719,719,数字经济ETF,2022-10-12,20221012,SZ,159658
159663.SZ,2023-01-03,1.0,0,719,719,机床ETF,2022-10-26,20221026,SZ,159663
159667.SZ,2023-01-03,1.0,0,719,719,工业母机ETF,2022-10-26,20221026,SZ,159667
159675.SZ,2023-01-03,1.0,0,719,719,创业板增强ETF,2022-12-02,20221202,SZ,159675
159680.SZ,2023-01-03,1.0,0,719,719,1000ETF增强,2022-11-30,20221130,SZ,159680
159681.SZ,2023-01-03,1.0,0,719,719,创50ETF,2023-01-03,20230103,SZ,159681
159682.SZ,2023-01-03,1.0,0,719,719,创业50ETF,2023-01-03,20230103,SZ,159682
159703.SZ,2023-01-03,1.0,0,719,719,新材料ETF,2021-06-08,20210608,SZ,159703
159706.SZ,2023-01-03,1.0,0,719,719,深证100ETF华安,2021-12-20,20211220,SZ,159706
159707.SZ,2023-01-03,1.0,0,719,719,地产ETF,2021-11-12,20211112,SZ,159707
159708.SZ,2023-01-03,1.0,0,719,719,红利ETF,2021-07-02,20210702,SZ,159708
159709.SZ,2023-01-03,1.0,0,719,719,物联网ETF工银,2021-07-02,20210702,SZ,159709
159712.SZ,2023-01-03,1.0,0,719,719,港股通50ETF,2021-11-11,20211111,SZ,159712
159713.SZ,2023-01-03,1.0,0,719,719,稀土ETF,2021-08-16,20210816,SZ,159713
159715.SZ,2023-01-03,1.0,0,719,719,稀土ETF易方达,2021-09-10,20210910,SZ,159715
159718.SZ,2023-01-03,1.0,0,719,719,港股医药ETF,2021-12-28,20211228,SZ,159718
159720.SZ,2023-01-03,1.0,0,719,719,智能车ETF泰康,2021-07-20,20210720,SZ,159720
159725.SZ,2023-01-03,1.0,0,719,719,线上消费ETF,2021-07-02,20210702,SZ,159725
159726.SZ,2023-01-03,1.0,0,719,719,恒生红利ETF,2021-11-23,20211123,SZ,159726
159729.SZ,2023-01-03,1.0,0,719,719,互联网ETF,2021-07-21,20210721,SZ,159729
159730.SZ,2023-01-03,1.0,0,719,719,龙头家电ETF,2021-12-24,20211224,SZ,159730
159732.SZ,2023-01-03,1.0,0,719,719,消费电子ETF,2021-08-23,20210823,SZ,159732
159735.SZ,2023-01-03,1.0,0,719,719,港股消费ETF,2021-06-04,20210604,SZ,159735
159736.SZ,2023-01-03,1.0,0,719,719,食品饮料ETF天弘,2021-09-27,20210927,SZ,159736
159738.SZ,2023-01-03,1.0,0,719,719,云计算ETF华泰柏瑞,2022-01-28,20220128,SZ,159738
159739.SZ,2023-01-03,1.0,0,719,719,大数据ETF,2021-11-17,20211117,SZ,159739
159740.SZ,2023-01-03,1.0,0,719,719,恒生科技ETF,2021-05-27,20210527,SZ,159740
159741.SZ,2023-01-03,1.0,0,719,719,恒生科技ETF嘉实,2021-06-03,20210603,SZ,159741
159742.SZ,2023-01-03,1.0,0,719,719,恒生科技指数ETF,2021-05-25,20210525,SZ,159742
159743.SZ,2023-01-03,1.0,0,719,719,湖北ETF,2022-01-11,20220111,SZ,159743
159745.SZ,2023-01-03,1.0,0,719,719,建材ETF,2021-06-18,20210618,SZ,159745
159747.SZ,2023-01-03,1.0,0,719,719,香港科技ETF,2021-07-14,20210714,SZ,159747
159748.SZ,2023-01-03,1.0,0,719,719,创新药ETF富国,2021-12-03,20211203,SZ,159748
159751.SZ,2023-01-03,1.0,0,719,719,港股科技ETF,2021-12-28,20211228,SZ,159751
159752.SZ,2023-01-03,1.0,0,719,719,新能源龙头ETF,2021-07-28,20210728,SZ,159752
159755.SZ,2023-01-03,1.0,0,719,719,电池ETF,2021-06-24,20210624,SZ,159755
159757.SZ,2023-01-03,1.0,0,719,719,电池ETF景顺,2021-08-09,20210809,SZ,159757
159758.SZ,2023-01-03,1.0,0,719,719,红利质量ETF,2021-12-28,20211228,SZ,159758
159760.SZ,2023-01-03,1.0,0,719,719,医疗健康ETF泰康,2021-12-20,20211220,SZ,159760
159761.SZ,2023-01-03,1.0,0,719,719,新材料50ETF,2021-12-13,20211213,SZ,159761
159763.SZ,2023-01-03,1.0,0,719,719,新材料ETF基金,2021-09-13,20210913,SZ,159763
159766.SZ,2023-01-03,1.0,0,719,719,旅游ETF,2021-07-23,20210723,SZ,159766
159767.SZ,2023-01-03,1.0,0,719,719,电池龙头ETF,2021-08-23,20210823,SZ,159767
159768.SZ,2023-01-03,1.0,0,719,719,房地产ETF,2022-02-16,20220216,SZ,159768
159770.SZ,2023-01-03,1.0,0,719,719,机器人ETF,2021-11-08,20211108,SZ,159770
159773.SZ,2023-01-03,1.0,0,719,719,创业板科技ETF,2021-10-08,20211008,SZ,159773
159775.SZ,2023-01-03,1.0,0,719,719,电池ETF基金,2022-01-24,20220124,SZ,159775
159776.SZ,2023-01-03,1.0,0,719,719,港股通医药ETF,2022-03-25,20220325,SZ,159776
159778.SZ,2023-01-03,1.0,0,719,719,工业互联ETF,2022-02-17,20220217,SZ,159778
159779.SZ,2023-01-03,1.0,0,719,719,消费电子50ETF,2021-11-26,20211126,SZ,159779
159780.SZ,2023-01-03,1.0,0,719,719,双创ETF,2021-07-05,20210705,SZ,159780
159781.SZ,2023-01-03,1.0,0,719,719,科创创业ETF,2021-07-05,20210705,SZ,159781
159782.SZ,2023-01-03,1.0,0,719,719,双创50ETF,2021-07-07,20210707,SZ,159782
159783.SZ,2023-01-03,1.0,0,719,719,科创创业50ETF,2021-07-05,20210705,SZ,159783
159786.SZ,2023-01-03,1.0,0,719,719,VRETF,2021-08-06,20210806,SZ,159786
159787.SZ,2023-01-03,1.0,0,719,719,建材ETF易方达,2022-03-15,20220315,SZ,159787
159788.SZ,2023-01-03,1.0,0,719,719,港股通100ETF,2022-03-02,20220302,SZ,159788
159790.SZ,2023-01-03,1.0,0,719,719,碳中和ETF,2021-08-06,20210806,SZ,159790
159792.SZ,2023-01-03,1.0,0,719,719,港股通互联网ETF,2021-09-28,20210928,SZ,159792
159795.SZ,2023-01-03,1.0,0,719,719,智能汽车ETF基金,2022-02-14,20220214,SZ,159795
159796.SZ,2023-01-03,1.0,0,719,719,电池50ETF,2022-03-14,20220314,SZ,159796
159797.SZ,2023-01-03,1.0,0,719,719,医疗器械ETF基金,2022-05-16,20220516,SZ,159797
159798.SZ,2023-01-03,1.0,0,719,719,消费ETF易方达,2022-05-11,20220511,SZ,159798
159801.SZ,2023-01-03,1.0,0,719,719,芯片ETF龙头,2020-02-18,20200218,SZ,159801
159804.SZ,2023-01-03,1.0,0,719,719,创中盘88ETF,2020-03-31,20200331,SZ,159804
159805.SZ,2023-01-03,1.0,0,719,719,传媒ETF,2020-04-17,20200417,SZ,159805
159806.SZ,2023-01-03,1.0,0,719,719,新能源车ETF,2020-03-20,20200320,SZ,159806
159807.SZ,2023-01-03,1.0,0,719,719,科技ETF,2020-03-30,20200330,SZ,159807
159808.SZ,2023-01-03,1.0,0,719,719,创100ETF融通,2020-09-04,20200904,SZ,159808
159810.SZ,2023-01-03,1.0,0,719,719,创业板ETF浦银,2020-07-10,20200710,SZ,159810
159811.SZ,2023-01-03,1.0,0,719,719,5G50ETF,2020-04-22,20200422,SZ,159811
159812.SZ,2023-01-03,1.0,0,719,719,黄金基金ETF,2020-05-29,20200529,SZ,159812
159813.SZ,2023-01-03,1.0,0,719,719,半导体ETF,2020-05-25,20200525,SZ,159813
159814.SZ,2023-01-03,1.0,0,719,719,创业大盘ETF,2020-07-17,20200717,SZ,159814
159819.SZ,2023-01-03,1.0,0,719,719,人工智能ETF,2020-09-23,20200923,SZ,159819
159820.SZ,2023-01-03,1.0,0,719,719,中证500ETF天弘,2020-08-24,20200824,SZ,159820
159822.SZ,2023-01-03,1.0,0,719,719,新经济ETF,2020-10-23,20201023,SZ,159822
159824.SZ,2023-01-03,1.0,0,719,719,新能车ETF,2021-01-11,20210111,SZ,159824
159825.SZ,2023-01-03,1.0,0,719,719,农业ETF,2020-12-29,20201229,SZ,159825
159827.SZ,2023-01-03,1.0,0,719,719,农业50ETF,2020-12-18,20201218,SZ,159827
159828.SZ,2023-01-03,1.0,0,719,719,医疗ETF,2021-01-12,20210112,SZ,159828
159830.SZ,2023-01-03,1.0,0,719,719,上海金ETF,2021-07-19,20210719,SZ,159830
159831.SZ,2023-01-03,1.0,0,719,719,上海金ETF嘉实,2022-04-07,20220407,SZ,159831
159834.SZ,2023-01-03,1.0,0,719,719,金ETF,2022-03-16,20220316,SZ,159834
159835.SZ,2023-01-03,1.0,0,719,719,创新药50ETF,2021-03-29,20210329,SZ,159835
159836.SZ,2023-01-03,1.0,0,719,719,创业板300ETF天弘,2021-05-25,20210525,SZ,159836
159837.SZ,2023-01-03,1.0,0,719,719,生物科技ETF,2021-01-27,20210127,SZ,159837
159838.SZ,2023-01-03,1.0,0,719,719,医药50ETF,2021-07-30,20210730,SZ,159838
159839.SZ,2023-01-03,1.0,0,719,719,生物药ETF,2021-02-22,20210222,SZ,159839
159840.SZ,2023-01-03,1.0,0,719,719,锂电池ETF,2021-08-20,20210820,SZ,159840
159841.SZ,2023-01-03,1.0,0,719,719,证券ETF,2021-02-09,20210209,SZ,159841
159842.SZ,2023-01-03,1.0,0,719,719,券商ETF,2021-03-19,20210319,SZ,159842
159843.SZ,2023-01-03,1.0,0,719,719,食品饮料ETF,2021-02-05,20210205,SZ,159843
159845.SZ,2023-01-03,1.0,0,719,719,中证1000ETF,2021-03-31,20210331,SZ,159845
159847.SZ,2023-01-03,1.0,0,719,719,医疗ETF易方达,2021-07-19,20210719,SZ,159847
159848.SZ,2023-01-03,1.0,0,719,719,证券ETF国联安,2021-03-12,20210312,SZ,159848
159849.SZ,2023-01-03,1.0,0,719,719,生物科技指数ETF,2021-03-02,20210302,SZ,159849
159850.SZ,2023-01-03,1.0,0,719,719,恒生国企ETF,2021-02-19,20210219,SZ,159850
159851.SZ,2023-01-03,1.0,0,719,719,金融科技ETF,2021-03-19,20210319,SZ,159851
159852.SZ,2023-01-03,1.0,0,719,719,软件ETF,2021-02-09,20210209,SZ,159852
159855.SZ,2023-01-03,1.0,0,719,719,影视ETF,2021-02-26,20210226,SZ,159855
159856.SZ,2023-01-03,1.0,0,719,719,互联网龙头ETF,2021-02-01,20210201,SZ,159856
159857.SZ,2023-01-03,1.0,0,719,719,光伏ETF,2021-02-24,20210224,SZ,159857
159858.SZ,2023-01-03,1.0,0,719,719,创新药ETF南方,2021-03-25,20210325,SZ,159858
159859.SZ,2023-01-03,1.0,0,719,719,生物医药ETF,2021-07-07,20210707,SZ,159859
159861.SZ,2023-01-03,1.0,0,719,719,碳中和50ETF,2021-04-02,20210402,SZ,159861
159863.SZ,2023-01-03,1.0,0,719,719,光伏ETF基金,2021-03-11,20210311,SZ,159863
159864.SZ,2023-01-03,1.0,0,719,719,光伏50ETF,2021-08-10,20210810,SZ,159864
159865.SZ,2023-01-03,1.0,0,719,719,养殖ETF,2021-03-08,20210308,SZ,159865
159866.SZ,2023-01-03,1.0,0,719,719,日经ETF,2021-04-08,20210408,SZ,159866
159867.SZ,2023-01-03,1.0,0,719,719,畜牧ETF,2021-03-05,20210305,SZ,159867
159869.SZ,2023-01-03,1.0,0,719,719,游戏ETF,2021-03-05,20210305,SZ,159869
159870.SZ,2023-01-03,1.0,0,719,719,化工ETF,2021-03-03,20210303,SZ,159870
159871.SZ,2023-01-03,1.0,0,719,719,有色金属ETF,2021-03-31,20210331,SZ,159871
159872.SZ,2023-01-03,1.0,0,719,719,智能网联汽车ETF,2021-07-01,20210701,SZ,159872
159873.SZ,2023-01-03,1.0,0,719,719,医疗设备ETF,2021-03-29,20210329,SZ,159873
159875.SZ,2023-01-03,1.0,0,719,719,新能源ETF,2021-08-17,20210817,SZ,159875
159876.SZ,2023-01-03,1.0,0,719,719,有色ETF华宝,2021-03-24,20210324,SZ,159876
159880.SZ,2023-01-03,1.0,0,719,719,有色ETF基金,2021-03-25,20210325,SZ,159880
159881.SZ,2023-01-03,1.0,0,719,719,有色60ETF,2021-07-01,20210701,SZ,159881
159883.SZ,2023-01-03,1.0,0,719,719,医疗器械ETF,2021-04-30,20210430,SZ,159883
159885.SZ,2023-01-03,1.0,0,719,719,碳中和ETF基金,2021-04-14,20210414,SZ,159885
159886.SZ,2023-01-03,1.0,0,719,719,机械ETF,2021-04-28,20210428,SZ,159886
159887.SZ,2023-01-03,1.0,0,719,719,银行ETF,2021-05-20,20210520,SZ,159887
159888.SZ,2023-01-03,1.0,0,719,719,智能车ETF,2021-05-21,20210521,SZ,159888
159889.SZ,2023-01-03,1.0,0,719,719,智能汽车ETF,2021-09-09,20210909,SZ,159889
159890.SZ,2023-01-03,1.0,0,719,719,云计算ETF,2021-04-02,20210402,SZ,159890
159891.SZ,2023-01-03,1.0,0,719,719,医疗ETF基金,2021-06-15,20210615,SZ,159891
159892.SZ,2023-01-03,1.0,0,719,719,恒生医药ETF,2021-10-19,20211019,SZ,159892
159898.SZ,2023-01-03,1.0,0,719,719,医疗器械指数ETF,2021-06-04,20210604,SZ,159898
159899.SZ,2023-01-03,1.0,0,719,719,软件龙头ETF,2021-06-28,20210628,SZ,159899
159901.SZ,2023-01-03,1.0,0,719,719,深证100ETF,2006-04-24,20060424,SZ,159901
159902.SZ,2023-01-03,1.0,0,719,719,中小100ETF,2006-09-05,20060905,SZ,159902
159903.SZ,2023-01-03,1.0,0,719,719,深成ETF,2010-02-02,20100202,SZ,159903
159905.SZ,2023-01-03,1.0,0,719,719,深红利ETF,2011-01-11,20110111,SZ,159905
159906.SZ,2023-01-03,1.0,0,719,719,深成长ETF大成,2011-02-23,20110223,SZ,159906
159908.SZ,2023-01-03,1.0,0,719,719,创业板ETF博时,2011-07-13,20110713,SZ,159908
159909.SZ,2023-01-03,1.0,0,719,719,TMT50ETF,2011-09-01,20110901,SZ,159909
159910.SZ,2023-01-03,1.0,0,719,719,基本面120ETF,2011-09-27,20110927,SZ,159910
159912.SZ,2023-01-03,1.0,0,719,719,深300ETF,2011-11-24,20111124,SZ,159912
159915.SZ,2023-01-03,1.0,0,719,719,创业板ETF,2011-12-09,20111209,SZ,159915
159919.SZ,2023-01-03,1.0,0,719,719,沪深300ETF,2012-05-28,20120528,SZ,159919
159920.SZ,2023-01-03,1.0,0,719,719,恒生ETF,2012-10-22,20121022,SZ,159920
159922.SZ,2023-01-03,1.0,0,719,719,中证500ETF,2013-03-15,20130315,SZ,159922
159923.SZ,2023-01-03,1.0,0,719,719,中证A100ETF基金,2013-03-05,20130305,SZ,159923
159928.SZ,2023-01-03,1.0,0,719,719,消费ETF,2013-09-16,20130916,SZ,159928
159929.SZ,2023-01-03,1.0,0,719,719,医药ETF,2013-09-16,20130916,SZ,159929
159930.SZ,2023-01-03,1.0,0,719,719,能源ETF,2013-09-16,20130916,SZ,159930
159931.SZ,2023-01-03,1.0,0,719,719,金融ETF,2013-09-16,20130916,SZ,159931
159934.SZ,2023-01-03,1.0,0,719,719,黄金ETF,2013-12-16,20131216,SZ,159934
159935.SZ,2023-01-03,1.0,0,719,719,中证500ETF景顺,2014-01-21,20140121,SZ,159935
159936.SZ,2023-01-03,1.0,0,719,719,可选消费ETF,2014-06-25,20140625,SZ,159936
159937.SZ,2023-01-03,1.0,0,719,719,黄金ETF基金,2014-09-01,20140901,SZ,159937
159938.SZ,2023-01-03,1.0,0,719,719,医药卫生ETF,2015-01-08,20150108,SZ,159938
159939.SZ,2023-01-03,1.0,0,719,719,信息技术ETF,2015-02-05,20150205,SZ,159939
159940.SZ,2023-01-03,1.0,0,719,719,金融地产ETF,2015-04-17,20150417,SZ,159940
159941.SZ,2023-01-03,1.0,0,719,719,纳指ETF,2015-07-13,20150713,SZ,159941
159943.SZ,2023-01-03,1.0,0,719,719,深证成指ETF,2015-07-08,20150708,SZ,159943
159944.SZ,2023-01-03,1.0,0,719,719,材料ETF,2015-07-06,20150706,SZ,159944
159945.SZ,2023-01-03,1.0,0,719,719,能源ETF广发,2015-07-06,20150706,SZ,159945
159949.SZ,2023-01-03,1.0,0,719,719,创业板50ETF,2016-07-22,20160722,SZ,159949
159954.SZ,2023-01-03,1.0,0,719,719,H股ETF,2018-03-15,20180315,SZ,159954
159956.SZ,2023-01-03,1.0,0,719,719,创业板ETF建信,2018-03-07,20180307,SZ,159956
159957.SZ,2023-01-03,1.0,0,719,719,创业板ETF华夏,2018-01-04,20180104,SZ,159957
159958.SZ,2023-01-03,1.0,0,719,719,创业板ETF工银,2018-01-19,20180119,SZ,159958
159959.SZ,2023-01-03,1.0,0,719,719,央企ETF,2019-01-18,20190118,SZ,159959
159960.SZ,2023-01-03,1.0,0,719,719,恒生中国企业ETF,2018-10-22,20181022,SZ,159960
159964.SZ,2023-01-03,1.0,0,719,719,创业板ETF平安,2019-04-19,20190419,SZ,159964
159965.SZ,2023-01-03,1.0,0,719,719,央视50ETF,2019-04-24,20190424,SZ,159965
159966.SZ,2023-01-03,1.0,0,719,719,创业板价值ETF,2019-07-15,20190715,SZ,159966
159967.SZ,2023-01-03,1.0,0,719,719,创业板成长ETF,2019-07-15,20190715,SZ,159967
159968.SZ,2023-01-03,1.0,0,719,719,中证500ETF博时,2019-10-31,20191031,SZ,159968
159969.SZ,2023-01-03,1.0,0,719,719,深100ETF银华,2019-08-28,20190828,SZ,159969
159971.SZ,2023-01-03,1.0,0,719,719,创业板ETF富国,2019-07-02,20190702,SZ,159971
159972.SZ,2023-01-03,1.0,0,719,719,5年地债ETF,2019-11-08,20191108,SZ,159972
159974.SZ,2023-01-03,1.0,0,719,719,央企创新ETF,2019-12-18,20191218,SZ,159974
159975.SZ,2023-01-03,1.0,0,719,719,深100ETF招商,2020-01-02,20200102,SZ,159975
159977.SZ,2023-01-03,1.0,0,719,719,创业板ETF天弘,2019-09-27,20190927,SZ,159977
159980.SZ,2023-01-03,1.0,0,719,719,有色ETF,2019-12-24,20191224,SZ,159980
159981.SZ,2023-01-03,1.0,0,719,719,能源化工ETF,2020-01-17,20200117,SZ,159981
159982.SZ,2023-01-03,1.0,0,719,719,中证500ETF鹏华,2020-02-20,20200220,SZ,159982
159985.SZ,2023-01-03,1.0,0,719,719,豆粕ETF,2019-12-05,20191205,SZ,159985
159991.SZ,2023-01-03,1.0,0,719,719,创大盘ETF,2020-04-24,20200424,SZ,159991
159992.SZ,2023-01-03,1.0,0,719,719,创新药ETF,2020-04-10,20200410,SZ,159992
159993.SZ,2023-01-03,1.0,0,719,719,证券ETF龙头,2020-02-07,20200207,SZ,159993
159994.SZ,2023-01-03,1.0,0,719,719,5GETF,2020-02-28,20200228,SZ,159994
159995.SZ,2023-01-03,1.0,0,719,719,芯片ETF,2020-02-10,20200210,SZ,159995
159996.SZ,2023-01-03,1.0,0,719,719,家电ETF,2020-03-16,20200316,SZ,159996
159997.SZ,2023-01-03,1.0,0,719,719,电子ETF,2020-03-20,20200320,SZ,159997
159998.SZ,2023-01-03,1.0,0,719,719,计算机ETF,2020-04-13,20200413,SZ,159998
160119.SZ,2023-01-03,1.0,0,719,719,500ETF联接LOF,2009-11-11,20091111,SZ,160119
160140.SZ,2023-01-03,1.0,0,719,719,美国REIT精选LOF,2017-11-24,20171124,SZ,160140
160216.SZ,2023-01-03,1.0,0,719,719,国泰商品LOF,2015-04-07,20150407,SZ,160216
160219.SZ,2023-01-03,1.0,0,719,719,医药LOF,2021-01-20,20210120,SZ,160219
160221.SZ,2023-01-03,1.0,0,719,719,有色金属LOF,2021-01-20,20210120,SZ,160221
160222.SZ,2023-01-03,1.0,0,719,719,食品LOF,2021-01-20,20210120,SZ,160222
160223.SZ,2023-01-03,1.0,0,719,719,创业板LOF,2016-11-28,20161128,SZ,160223
160225.SZ,2023-01-03,1.0,0,719,719,新能源汽车LOF,2016-07-20,20160720,SZ,160225
160416.SZ,2023-01-03,1.0,0,719,719,石油基金LOF,2012-05-02,20120502,SZ,160416
160505.SZ,2023-01-03,1.0,0,719,719,博时主题LOF,2005-02-22,20050222,SZ,160505
160625.SZ,2023-01-03,1.0,0,719,719,证保LOF,2021-01-18,20210118,SZ,160625
160628.SZ,2023-01-03,1.0,0,719,719,地产LOF,2021-01-18,20210118,SZ,160628
160630.SZ,2023-01-03,1.0,0,719,719,国防LOF,2021-01-18,20210118,SZ,160630
160631.SZ,2023-01-03,1.0,0,719,719,银行LOF基金,2021-01-18,20210118,SZ,160631
160632.SZ,2023-01-03,1.0,0,719,719,酒LOF,2021-01-18,20210118,SZ,160632
160643.SZ,2023-01-03,1.0,0,719,719,空天军工LOF,2017-06-20,20170620,SZ,160643
160706.SZ,2023-01-03,1.0,0,719,719,沪深300LOF,2005-10-17,20051017,SZ,160706
160716.SZ,2023-01-03,1.0,0,719,719,基本面50LOF,2010-02-10,20100210,SZ,160716
160717.SZ,2023-01-03,1.0,0,719,719,H股LOF,2010-10-28,20101028,SZ,160717
160719.SZ,2023-01-03,1.0,0,719,719,嘉实黄金LOF,2012-02-10,20120210,SZ,160719
160723.SZ,2023-01-03,1.0,0,719,719,嘉实原油LOF,2017-05-05,20170505,SZ,160723
160924.SZ,2023-01-03,1.0,0,719,719,恒生指数LOF,2017-08-28,20170828,SZ,160924
161005.SZ,2023-01-03,1.0,0,719,719,富国天惠LOF,2006-02-16,20060216,SZ,161005
161017.SZ,2023-01-03,1.0,0,719,719,500增强LOF,2011-10-21,20111021,SZ,161017
161024.SZ,2023-01-03,1.0,0,719,719,军工LOF,2021-01-18,20210118,SZ,161024
161025.SZ,2023-01-03,1.0,0,719,719,互联网LOF,2021-01-18,20210118,SZ,161025
161026.SZ,2023-01-03,1.0,0,719,719,国企改革LOF,2021-01-19,20210119,SZ,161026
161027.SZ,2023-01-03,1.0,0,719,719,证券LOF,2021-01-18,20210118,SZ,161027
161028.SZ,2023-01-03,1.0,0,719,719,新能源车LOF,2021-01-18,20210118,SZ,161028
161033.SZ,2023-01-03,1.0,0,719,719,智能汽车LOF,2016-02-29,20160229,SZ,161033
161115.SZ,2023-01-03,1.0,0,719,719,易基岁丰添利LOF,2010-12-03,20101203,SZ,161115
161116.SZ,2023-01-03,1.0,0,719,719,黄金主题LOF,2011-11-08,20111108,SZ,161116
161119.SZ,2023-01-03,1.0,0,719,719,易方达新综债LOF,2013-01-09,20130109,SZ,161119
161125.SZ,2023-01-03,1.0,0,719,719,标普500LOF,2016-12-14,20161214,SZ,161125
161126.SZ,2023-01-03,1.0,0,719,719,标普医疗保健LOF,2016-12-14,20161214,SZ,161126
161127.SZ,2023-01-03,1.0,0,719,719,标普生物科技LOF,2016-12-27,20161227,SZ,161127
161128.SZ,2023-01-03,1.0,0,719,719,标普信息科技LOF,2016-12-27,20161227,SZ,161128
161129.SZ,2023-01-03,1.0,0,719,719,原油LOF易方达,2017-02-15,20170215,SZ,161129
161130.SZ,2023-01-03,1.0,0,719,719,纳斯达克100LOF,2017-07-14,20170714,SZ,161130
161226.SZ,2023-01-03,1.0,0,719,719,国投白银LOF,2015-08-17,20150817,SZ,161226
161631.SZ,2023-01-03,1.0,0,719,719,人工智能LOF,2017-04-19,20170419,SZ,161631
161715.SZ,2023-01-03,1.0,0,719,719,大宗商品LOF,2017-07-14,20170714,SZ,161715
161716.SZ,2023-01-03,1.0,0,719,719,招商双债LOF,2015-03-16,20150316,SZ,161716
161720.SZ,2023-01-03,1.0,0,719,719,证券基金LOF,2021-01-22,20210122,SZ,161720
161725.SZ,2023-01-03,1.0,0,719,719,白酒基金LOF,2021-01-15,20210115,SZ,161725
161726.SZ,2023-01-03,1.0,0,719,719,生物医药LOF,2021-01-22,20210122,SZ,161726
161810.SZ,2023-01-03,1.0,0,719,719,银华内需LOF,2009-10-16,20091016,SZ,161810
161815.SZ,2023-01-03,1.0,0,719,719,抗通胀LOF,2010-12-20,20101220,SZ,161815
161831.SZ,2023-01-03,1.0,0,719,719,恒生国企LOF,2015-04-13,20150413,SZ,161831
161903.SZ,2023-01-03,1.0,0,719,719,万家行业优选LOF,2005-08-15,20050815,SZ,161903
161912.SZ,2023-01-03,1.0,0,719,719,社会责任定开,2019-06-14,20190614,SZ,161912
162411.SZ,2023-01-03,1.0,0,719,719,华宝油气LOF,2012-06-08,20120608,SZ,162411
162412.SZ,2023-01-03,1.0,0,719,719,医疗基金LOF,2021-02-26,20210226,SZ,162412
162415.SZ,2023-01-03,1.0,0,719,719,美国消费LOF,2016-04-06,20160406,SZ,162415
162605.SZ,2023-01-03,1.0,0,719,719,景顺鼎益LOF,2005-05-25,20050525,SZ,162605
162607.SZ,2023-01-03,1.0,0,719,719,景顺资源LOF,2006-04-07,20060407,SZ,162607
162703.SZ,2023-01-03,1.0,0,719,719,广发小盘LOF,2005-04-29,20050429,SZ,162703
162719.SZ,2023-01-03,1.0,0,719,719,石油LOF,2017-03-17,20170317,SZ,162719
162720.SZ,2023-01-03,1.0,0,719,719,广发创业板定开,2021-03-25,20210325,SZ,162720
163109.SZ,2023-01-03,1.0,0,719,719,申万深成LOF,2021-01-25,20210125,SZ,163109
163113.SZ,2023-01-03,1.0,0,719,719,申万证券LOF,2021-01-25,20210125,SZ,163113
163114.SZ,2023-01-03,1.0,0,719,719,申万环保LOF,2020-11-09,20201109,SZ,163114
163208.SZ,2023-01-03,1.0,0,719,719,全球油气能源LOF,2015-02-17,20150217,SZ,163208
163402.SZ,2023-01-03,1.0,0,719,719,兴全趋势LOF,2006-01-19,20060119,SZ,163402
163406.SZ,2023-01-03,1.0,0,719,719,兴全合润LOF,2021-01-28,20210128,SZ,163406
163407.SZ,2023-01-03,1.0,0,719,719,兴全沪深300LOF,2011-01-19,20110119,SZ,163407
163412.SZ,2023-01-03,1.0,0,719,719,兴全轻资产LOF,2012-05-31,20120531,SZ,163412
163415.SZ,2023-01-03,1.0,0,719,719,兴全商业模式LOF,2013-02-01,20130201,SZ,163415
163417.SZ,2023-01-03,1.0,0,719,719,兴全合宜LOF,2018-04-23,20180423,SZ,163417
163418.SZ,2023-01-03,1.0,0,719,719,兴全合兴LOF,2021-04-15,20210415,SZ,163418
164206.SZ,2023-01-03,1.0,0,719,719,天弘添利LOF,2015-12-15,20151215,SZ,164206
164403.SZ,2023-01-03,1.0,0,719,719,农业精选LOF,2016-08-15,20160815,SZ,164403
164701.SZ,2023-01-03,1.0,0,719,719,黄金LOF,2012-03-01,20120301,SZ,164701
164824.SZ,2023-01-03,1.0,0,719,719,印度基金LOF,2018-08-01,20180801,SZ,164824
164906.SZ,2023-01-03,1.0,0,719,719,中概互联网LOF,2015-07-10,20150710,SZ,164906
165513.SZ,2023-01-03,1.0,0,719,719,中信保诚商品LOF,2012-01-13,20120113,SZ,165513
165516.SZ,2023-01-03,1.0,0,719,719,中信保诚周期LOF,2012-11-05,20121105,SZ,165516
165525.SZ,2023-01-03,1.0,0,719,719,基建工程LOF,2016-12-09,20161209,SZ,165525
166024.SZ,2023-01-03,1.0,0,719,719,中欧恒利定开,2017-12-06,20171206,SZ,166024
167301.SZ,2023-01-03,1.0,0,719,719,保险主题LOF,2021-01-20,20210120,SZ,167301
168204.SZ,2023-01-03,1.0,0,719,719,煤炭LOF,2021-06-11,20210611,SZ,168204
180102.SZ,2023-01-03,1.0,0,719,719,华夏合肥高新REIT,2022-10-10,20221010,SZ,180102
180103.SZ,2023-01-03,1.0,0,719,719,华夏和达高科REIT,2022-12-27,20221227,SZ,180103
180201.SZ,2023-01-03,1.0,0,719,719,平安广州广河REIT,2021-06-21,20210621,SZ,180201
180202.SZ,2023-01-03,1.0,0,719,719,华夏越秀高速REIT,2021-12-14,20211214,SZ,180202
180401.SZ,2023-01-03,1.0,0,719,719,鹏华深圳能源REIT,2022-07-26,20220726,SZ,180401
180501.SZ,2023-01-03,1.0,0,719,719,红土创新深圳安居REIT,2022-08-31,20220831,SZ,180501
180801.SZ,2023-01-03,1.0,0,719,719,中航首钢绿能REIT,2021-06-21,20210621,SZ,180801
501005.SH,2023-01-03,1.0,0,719,719,精准医疗LOF,2016-03-21,20160321,SH,501005
501009.SH,2023-01-03,1.0,0,719,719,生物科技LOF,2017-02-20,20170220,SH,501009
501011.SH,2023-01-03,1.0,0,719,719,中药基金LOF,2017-02-20,20170220,SH,501011
501012.SH,2023-01-03,1.0,0,719,719,中药基金LOFC,2017-02-20,20170220,SH,501012
501016.SH,2023-01-03,1.0,0,719,719,券商基金LOF,2017-05-19,20170519,SH,501016
501018.SH,2023-01-03,1.0,0,719,719,南方原油LOF,2016-06-28,20160628,SH,501018
501019.SH,2023-01-03,1.0,0,719,719,军工基金LOF,2017-04-21,20170421,SH,501019
501021.SH,2023-01-03,1.0,0,719,719,香港中小LOF,2016-07-06,20160706,SH,501021
501025.SH,2023-01-03,1.0,0,719,719,香港银行LOF,2016-11-24,20161124,SH,501025
501029.SH,2023-01-03,1.0,0,719,719,红利基金LOF,2017-02-13,20170213,SH,501029
501030.SH,2023-01-03,1.0,0,719,719,环境治理LOF,2017-02-20,20170220,SH,501030
501043.SH,2023-01-03,1.0,0,719,719,沪深300LOF,2017-10-09,20171009,SH,501043
501050.SH,2023-01-03,1.0,0,719,719,50AHLOF,2016-11-28,20161128,SH,501050
501057.SH,2023-01-03,1.0,0,719,719,新能源车LOF,2018-06-20,20180620,SH,501057
501058.SH,2023-01-03,1.0,0,719,719,新能源车LOFC,2018-06-20,20180620,SH,501058
501077.SH,2023-01-03,1.0,0,719,719,富国创新企业LOF,2019-10-28,20191028,SH,501077
501078.SH,2023-01-03,1.0,0,719,719,科创配置LOF,2019-11-18,20191118,SH,501078
501079.SH,2023-01-03,1.0,0,719,719,科创大成LOF,2020-01-20,20200120,SH,501079
501083.SH,2023-01-03,1.0,0,719,719,科创银华LOF,2020-01-07,20200107,SH,501083
501089.SH,2023-01-03,1.0,0,719,719,消费红利增强LOF,2019-12-31,20191231,SH,501089
501090.SH,2023-01-03,1.0,0,719,719,消费龙头LOF,2020-01-06,20200106,SH,501090
501095.SH,2023-01-03,1.0,0,719,719,中银证券科技创新LOF,2020-07-08,20200708,SH,501095
501203.SH,2023-01-03,1.0,0,719,719,易基创新未来LOF,2021-01-21,20210121,SH,501203
501205.SH,2023-01-03,1.0,0,719,719,鹏华创新未来LOF,2021-01-21,20210121,SH,501205
501206.SH,2023-01-03,1.0,0,719,719,添富创新未来LOF,2021-01-21,20210121,SH,501206
501207.SH,2023-01-03,1.0,0,719,719,华夏创新未来LOF,2021-01-21,20210121,SH,501207
501208.SH,2023-01-03,1.0,0,719,719,中欧创新未来LOF,2021-01-21,20210121,SH,501208
501219.SH,2023-01-03,1.0,0,719,719,智胜先锋LOF,2022-02-09,20220209,SH,501219
501300.SH,2023-01-03,1.0,0,719,719,美元债LOF,2017-02-16,20170216,SH,501300
501311.SH,2023-01-03,1.0,0,719,719,港股通新经济LOF,2019-02-14,20190214,SH,501311
502048.SH,2023-01-03,1.0,0,719,719,上证50LOF,2015-04-27,20150427,SH,502048
502056.SH,2023-01-03,1.0,0,719,719,医疗基金LOF,2015-07-31,20150731,SH,502056
506000.SH,2023-01-03,1.0,0,719,719,科创板基金,2021-01-28,20210128,SH,506000
506002.SH,2023-01-03,1.0,0,719,719,易方达科创板,2021-01-28,20210128,SH,506002
506003.SH,2023-01-03,1.0,0,719,719,富国科创板,2021-01-29,20210129,SH,506003
506005.SH,2023-01-03,1.0,0,719,719,科创板博时,2021-01-29,20210129,SH,506005
506006.SH,2023-01-03,1.0,0,719,719,汇添富科创板,2021-01-28,20210128,SH,506006
508001.SH,2023-01-03,1.0,0,719,719,浙商沪杭甬REIT,2021-06-21,20210621,SH,508001
508006.SH,2023-01-03,1.0,0,719,719,富国首创水务REIT,2021-06-21,20210621,SH,508006
508008.SH,2023-01-03,1.0,0,719,719,国金中国铁建REIT,2022-07-08,20220708,SH,508008
508009.SH,2023-01-03,1.0,0,719,719,中金安徽交控REIT,2022-11-22,20221122,SH,508009
508018.SH,2023-01-03,1.0,0,719,719,华夏中国交建REIT,2022-04-28,20220428,SH,508018
508027.SH,2023-01-03,1.0,0,719,719,东吴苏园产业REIT,2021-06-21,20210621,SH,508027
508066.SH,2023-01-03,1.0,0,719,719,华泰江苏交控REIT,2022-11-15,20221115,SH,508066
508099.SH,2023-01-03,1.0,0,719,719,建信中关村REIT,2021-12-17,20211217,SH,508099
510020.SH,2023-01-03,1.0,0,719,719,超大盘ETF,2010-03-19,20100319,SH,510020
510030.SH,2023-01-03,1.0,0,719,719,价值ETF,2010-05-28,20100528,SH,510030
510050.SH,2023-01-03,1.0,0,719,719,上证50ETF,2005-02-23,20050223,SH,510050
510060.SH,2023-01-03,1.0,0,719,719,央企ETF,2009-10-27,20091027,SH,510060
510150.SH,2023-01-03,1.0,0,719,719,消费ETF,2011-02-25,20110225,SH,510150
510160.SH,2023-01-03,1.0,0,719,719,产业升级ETF,2010-11-01,20101101,SH,510160
510170.SH,2023-01-03,1.0,0,719,719,大宗商品ETF,2011-01-25,20110125,SH,510170
510180.SH,2023-01-03,1.0,0,719,719,上证180ETF,2006-05-18,20060518,SH,510180
510200.SH,2023-01-03,1.0,0,719,719,上证券商ETF,2020-05-08,20200508,SH,510200
510210.SH,2023-01-03,1.0,0,719,719,上证指数ETF,2011-03-25,20110325,SH,510210
510230.SH,2023-01-03,1.0,0,719,719,金融ETF,2011-05-23,20110523,SH,510230
510270.SH,2023-01-03,1.0,0,719,719,国企ETF,2011-08-18,20110818,SH,510270
510290.SH,2023-01-03,1.0,0,719,719,上证380ETF,2011-11-08,20111108,SH,510290
510300.SH,2023-01-03,1.0,0,719,719,沪深300ETF,2012-05-28,20120528,SH,510300
510310.SH,2023-01-03,1.0,0,719,719,沪深300ETF易方达,2013-03-25,20130325,SH,510310
510330.SH,2023-01-03,1.0,0,719,719,沪深300ETF华夏,2013-01-16,20130116,SH,510330
510350.SH,2023-01-03,1.0,0,719,719,沪深300ETF工银,2019-08-16,20190816,SH,510350
510360.SH,2023-01-03,1.0,0,719,719,沪深300ETF基金,2015-09-09,20150909,SH,510360
510370.SH,2023-01-03,1.0,0,719,719,300指数ETF,2020-10-27,20201027,SH,510370
510390.SH,2023-01-03,1.0,0,719,719,沪深300ETF平安,2018-01-26,20180126,SH,510390
510410.SH,2023-01-03,1.0,0,719,719,资源ETF,2012-05-11,20120511,SH,510410
510500.SH,2023-01-03,1.0,0,719,719,中证500ETF,2013-03-15,20130315,SH,510500
510510.SH,2023-01-03,1.0,0,719,719,中证500ETF基金,2013-05-24,20130524,SH,510510
510530.SH,2023-01-03,1.0,0,719,719,中证500ETF工银,2020-01-03,20200103,SH,510530
510550.SH,2023-01-03,1.0,0,719,719,方正中证500ETF,2019-01-16,20190116,SH,510550
510580.SH,2023-01-03,1.0,0,719,719,中证500ETF易方达,2015-09-14,20150914,SH,510580
510590.SH,2023-01-03,1.0,0,719,719,中证500ETF平安,2018-05-04,20180504,SH,510590
510600.SH,2023-01-03,1.0,0,719,719,申万上证50ETF,2018-09-20,20180920,SH,510600
510630.SH,2023-01-03,1.0,0,719,719,消费30ETF,2013-05-08,20130508,SH,510630
510650.SH,2023-01-03,1.0,0,719,719,金融地产ETF,2013-05-08,20130508,SH,510650
510660.SH,2023-01-03,1.0,0,719,719,医药卫生ETF,2013-05-08,20130508,SH,510660
510680.SH,2023-01-03,1.0,0,719,719,上证50ETF基金,2013-12-02,20131202,SH,510680
510710.SH,2023-01-03,1.0,0,719,719,上证50ETF博时,2015-06-15,20150615,SH,510710
510760.SH,2023-01-03,1.0,0,719,719,上证综指ETF,2020-09-09,20200909,SH,510760
510770.SH,2023-01-03,1.0,0,719,719,G60创新ETF,2021-09-28,20210928,SH,510770
510800.SH,2023-01-03,1.0,0,719,719,50ETF基金,2018-01-15,20180115,SH,510800
510810.SH,2023-01-03,1.0,0,719,719,上海国企ETF,2016-08-29,20160829,SH,510810
510850.SH,2023-01-03,1.0,0,719,719,上证50ETF工银,2019-03-06,20190306,SH,510850
510880.SH,2023-01-03,1.0,0,719,719,红利ETF,2007-01-18,20070118,SH,510880
510900.SH,2023-01-03,1.0,0,719,719,恒生中国企业ETF,2012-10-22,20121022,SH,510900
510990.SH,2023-01-03,1.0,0,719,719,180ESGETF,2021-07-01,20210701,SH,510990
511010.SH,2023-01-03,1.0,0,719,719,国债ETF,2013-03-25,20130325,SH,511010
511020.SH,2023-01-03,1.0,0,719,719,国债ETF5至10年,2019-02-22,20190222,SH,511020
511030.SH,2023-01-03,1.0,0,719,719,公司债ETF,2019-03-22,20190322,SH,511030
511060.SH,2023-01-03,1.0,0,719,719,5年地方债ETF,2019-12-12,20191212,SH,511060
511180.SH,2023-01-03,1.0,0,719,719,上证可转债ETF,2020-08-26,20200826,SH,511180
511220.SH,2023-01-03,1.0,0,719,719,城投债ETF,2014-12-16,20141216,SH,511220
511260.SH,2023-01-03,1.0,0,719,719,十年国债ETF,2017-08-24,20170824,SH,511260
511270.SH,2023-01-03,1.0,0,719,719,10年地方债ETF,2018-11-22,20181122,SH,511270
511360.SH,2023-01-03,1.0,0,719,719,短融ETF,2020-09-25,20200925,SH,511360
511380.SH,2023-01-03,1.0,0,719,719,可转债ETF,2020-04-07,20200407,SH,511380
511520.SH,2023-01-03,1.0,0,719,719,政金债券ETF,2022-10-25,20221025,SH,511520
511620.SH,2023-01-03,1.0,0,719,719,货币基金ETF,2017-09-07,20170907,SH,511620
511660.SH,2023-01-03,1.0,0,719,719,货币ETF建信添益,2016-09-21,20160921,SH,511660
511690.SH,2023-01-03,1.0,0,719,719,交易货币ETF,2016-10-20,20161020,SH,511690
511700.SH,2023-01-03,1.0,0,719,719,场内货币ETF,2016-10-17,20161017,SH,511700
511800.SH,2023-01-03,1.0,0,719,719,易方达货币ETF,2014-11-24,20141124,SH,511800
511810.SH,2023-01-03,1.0,0,719,719,理财金货币ETF,2015-01-05,20150105,SH,511810
511850.SH,2023-01-03,1.0,0,719,719,财富宝ETF,2016-07-18,20160718,SH,511850
511880.SH,2023-01-03,1.0,0,719,719,银华日利ETF,2013-04-18,20130418,SH,511880
511900.SH,2023-01-03,1.0,0,719,719,富国货币ETF,2015-12-09,20151209,SH,511900
511990.SH,2023-01-03,1.0,0,719,719,华宝添益ETF,2013-01-28,20130128,SH,511990
512000.SH,2023-01-03,1.0,0,719,719,券商ETF,2016-09-14,20160914,SH,512000
512010.SH,2023-01-03,1.0,0,719,719,医药ETF,2013-10-28,20131028,SH,512010
512040.SH,2023-01-03,1.0,0,719,719,价值100ETF,2018-11-29,20181129,SH,512040
512070.SH,2023-01-03,1.0,0,719,719,证券保险ETF,2014-07-18,20140718,SH,512070
512090.SH,2023-01-03,1.0,0,719,719,MSCIA股ETF易方达,2018-06-01,20180601,SH,512090
512100.SH,2023-01-03,1.0,0,719,719,中证1000ETF,2016-11-04,20161104,SH,512100
512120.SH,2023-01-03,1.0,0,719,719,医药50ETF,2014-01-06,20140106,SH,512120
512150.SH,2023-01-03,1.0,0,719,719,A50ETF,2019-01-21,20190121,SH,512150
512160.SH,2023-01-03,1.0,0,719,719,MSCI中国A股ETF,2018-04-27,20180427,SH,512160
512170.SH,2023-01-03,1.0,0,719,719,医疗ETF,2019-06-17,20190617,SH,512170
512200.SH,2023-01-03,1.0,0,719,719,房地产ETF,2017-09-25,20170925,SH,512200
512220.SH,2023-01-03,1.0,0,719,719,TMTETF,2014-08-19,20140819,SH,512220
512260.SH,2023-01-03,1.0,0,719,719,中证500低波动ETF,2019-01-11,20190111,SH,512260
512290.SH,2023-01-03,1.0,0,719,719,生物医药ETF,2019-05-20,20190520,SH,512290
512330.SH,2023-01-03,1.0,0,719,719,信息科技ETF,2015-07-20,20150720,SH,512330
512380.SH,2023-01-03,1.0,0,719,719,MSCI中国ETF,2019-04-30,20190430,SH,512380
512400.SH,2023-01-03,1.0,0,719,719,有色金属ETF,2017-09-01,20170901,SH,512400
512480.SH,2023-01-03,1.0,0,719,719,半导体ETF,2019-06-12,20190612,SH,512480
512500.SH,2023-01-03,1.0,0,719,719,中证500ETF华夏,2015-05-29,20150529,SH,512500
512510.SH,2023-01-03,1.0,0,719,719,中证500ETF华泰柏瑞,2015-06-12,20150612,SH,512510
512520.SH,2023-01-03,1.0,0,719,719,MSCIETF,2018-05-18,20180518,SH,512520
512530.SH,2023-01-03,1.0,0,719,719,沪深300红利ETF,2019-09-23,20190923,SH,512530
512550.SH,2023-01-03,1.0,0,719,719,富时A50ETF嘉实,2017-08-07,20170807,SH,512550
512560.SH,2023-01-03,1.0,0,719,719,军工ETF易方达,2017-07-28,20170728,SH,512560
512570.SH,2023-01-03,1.0,0,719,719,证券ETF易方达,2017-08-11,20170811,SH,512570
512580.SH,2023-01-03,1.0,0,719,719,环保ETF,2017-02-28,20170228,SH,512580
512600.SH,2023-01-03,1.0,0,719,719,消费ETF嘉实,2014-07-25,20140725,SH,512600
512640.SH,2023-01-03,1.0,0,719,719,金融地产ETF嘉实,2014-07-25,20140725,SH,512640
512650.SH,2023-01-03,1.0,0,719,719,长三角ETF,2019-10-25,20191025,SH,512650
512660.SH,2023-01-03,1.0,0,719,719,军工ETF,2016-08-08,20160808,SH,512660
512670.SH,2023-01-03,1.0,0,719,719,国防ETF,2019-08-01,20190801,SH,512670
512680.SH,2023-01-03,1.0,0,719,719,军工ETF龙头,2016-10-14,20161014,SH,512680
512690.SH,2023-01-03,1.0,0,719,719,酒ETF,2019-05-06,20190506,SH,512690
512700.SH,2023-01-03,1.0,0,719,719,银行ETF南方,2017-07-26,20170726,SH,512700
512710.SH,2023-01-03,1.0,0,719,719,军工龙头ETF,2019-08-26,20190826,SH,512710
512720.SH,2023-01-03,1.0,0,719,719,计算机ETF,2019-08-16,20190816,SH,512720
512730.SH,2023-01-03,1.0,0,719,719,银行ETF指数,2020-02-07,20200207,SH,512730
512750.SH,2023-01-03,1.0,0,719,719,基本面50ETF,2019-07-05,20190705,SH,512750
512760.SH,2023-01-03,1.0,0,719,719,芯片ETF,2019-06-12,20190612,SH,512760
512770.SH,2023-01-03,1.0,0,719,719,战略新兴ETF,2018-08-16,20180816,SH,512770
512800.SH,2023-01-03,1.0,0,719,719,银行ETF,2017-08-03,20170803,SH,512800
512810.SH,2023-01-03,1.0,0,719,719,军工ETF华宝,2016-08-22,20160822,SH,512810
512880.SH,2023-01-03,1.0,0,719,719,证券ETF,2016-08-08,20160808,SH,512880
512890.SH,2023-01-03,1.0,0,719,719,红利低波ETF,2019-01-18,20190118,SH,512890
512900.SH,2023-01-03,1.0,0,719,719,证券ETF南方,2017-03-31,20170331,SH,512900
512910.SH,2023-01-03,1.0,0,719,719,中证A100ETF,2019-07-01,20190701,SH,512910
512930.SH,2023-01-03,1.0,0,719,719,AI人工智能ETF,2019-08-23,20190823,SH,512930
512950.SH,2023-01-03,1.0,0,719,719,央企改革ETF,2019-01-18,20190118,SH,512950
512960.SH,2023-01-03,1.0,0,719,719,央企结构调整ETF,2019-01-18,20190118,SH,512960
512970.SH,2023-01-03,1.0,0,719,719,大湾区ETF,2019-11-11,20191111,SH,512970
512980.SH,2023-01-03,1.0,0,719,719,传媒ETF,2018-01-19,20180119,SH,512980
512990.SH,2023-01-03,1.0,0,719,719,MSCIA股ETF,2015-03-25,20150325,SH,512990
513000.SH,2023-01-03,1.0,0,719,719,日经225ETF易方达,2019-06-25,20190625,SH,513000
513010.SH,2023-01-03,1.0,0,719,719,恒生科技ETF易方达,2021-05-25,20210525,SH,513010
513020.SH,2023-01-03,1.0,0,719,719,港股科技ETF,2022-02-08,20220208,SH,513020
513050.SH,2023-01-03,1.0,0,719,719,中概互联网ETF,2017-01-18,20170118,SH,513050
513060.SH,2023-01-03,1.0,0,719,719,恒生医疗ETF,2021-03-29,20210329,SH,513060
513070.SH,2023-01-03,1.0,0,719,719,港股消费ETF易方达,2022-03-24,20220324,SH,513070
513090.SH,2023-01-03,1.0,0,719,719,香港证券ETF,2020-03-26,20200326,SH,513090
513100.SH,2023-01-03,1.0,0,719,719,纳指ETF,2013-05-15,20130515,SH,513100
513120.SH,2023-01-03,1.0,0,719,719,港股创新药ETF,2022-07-12,20220712,SH,513120
513130.SH,2023-01-03,1.0,0,719,719,恒生科技ETF,2021-06-01,20210601,SH,513130
513150.SH,2023-01-03,1.0,0,719,719,港股通科技ETF华泰柏瑞,2022-02-11,20220211,SH,513150
513160.SH,2023-01-03,1.0,0,719,719,港股科技30ETF,2022-02-09,20220209,SH,513160
513180.SH,2023-01-03,1.0,0,719,719,恒生科技指数ETF,2021-05-25,20210525,SH,513180
513200.SH,2023-01-03,1.0,0,719,719,港股通医药ETF,2022-02-11,20220211,SH,513200
513220.SH,2023-01-03,1.0,0,719,719,中概互联ETF,2022-07-15,20220715,SH,513220
513230.SH,2023-01-03,1.0,0,719,719,港股消费ETF,2022-01-24,20220124,SH,513230
513260.SH,2023-01-03,1.0,0,719,719,恒生科技ETF基金,2022-09-13,20220913,SH,513260
513280.SH,2023-01-03,1.0,0,719,719,恒生生物科技ETF,2022-07-18,20220718,SH,513280
513290.SH,2023-01-03,1.0,0,719,719,纳指生物科技ETF,2022-08-29,20220829,SH,513290
513300.SH,2023-01-03,1.0,0,719,719,纳斯达克ETF,2020-11-05,20201105,SH,513300
513310.SH,2023-01-03,1.0,0,719,719,中韩半导体ETF,2022-12-22,20221222,SH,513310
513320.SH,2023-01-03,1.0,0,719,719,恒生新经济ETF,2022-03-21,20220321,SH,513320
513330.SH,2023-01-03,1.0,0,719,719,恒生互联网ETF,2021-02-08,20210208,SH,513330
513380.SH,2023-01-03,1.0,0,719,719,恒生科技ETF龙头,2022-05-12,20220512,SH,513380
513500.SH,2023-01-03,1.0,0,719,719,标普500ETF,2014-01-15,20140115,SH,513500
513520.SH,2023-01-03,1.0,0,719,719,日经ETF,2019-06-25,20190625,SH,513520
513530.SH,2023-01-03,1.0,0,719,719,港股通红利ETF,2022-04-25,20220425,SH,513530
513550.SH,2023-01-03,1.0,0,719,719,港股通50ETF,2021-01-13,20210113,SH,513550
513580.SH,2023-01-03,1.0,0,719,719,恒生科技ETF指数,2021-05-27,20210527,SH,513580
513590.SH,2023-01-03,1.0,0,719,719,香港消费ETF,2021-08-19,20210819,SH,513590
513600.SH,2023-01-03,1.0,0,719,719,恒生指数ETF,2015-01-26,20150126,SH,513600
513660.SH,2023-01-03,1.0,0,719,719,恒生ETF,2015-01-26,20150126,SH,513660
513690.SH,2023-01-03,1.0,0,719,719,港股红利ETF博时,2021-05-20,20210520,SH,513690
513700.SH,2023-01-03,1.0,0,719,719,香港医药ETF,2021-08-06,20210806,SH,513700
513770.SH,2023-01-03,1.0,0,719,719,港股互联网ETF,2022-02-18,20220218,SH,513770
513800.SH,2023-01-03,1.0,0,719,719,日本东证指数ETF,2019-06-25,20190625,SH,513800
513860.SH,2023-01-03,1.0,0,719,719,港股通科技ETF,2021-07-02,20210702,SH,513860
513880.SH,2023-01-03,1.0,0,719,719,日经225ETF,2019-06-25,20190625,SH,513880
513890.SH,2023-01-03,1.0,0,719,719,恒生科技HKETF,2022-01-21,20220121,SH,513890
513900.SH,2023-01-03,1.0,0,719,719,港股通100ETF,2018-05-25,20180525,SH,513900
513980.SH,2023-01-03,1.0,0,719,719,港股科技50ETF,2021-07-02,20210702,SH,513980
513990.SH,2023-01-03,1.0,0,719,719,港股通ETF,2020-08-18,20200818,SH,513990
515000.SH,2023-01-03,1.0,0,719,719,科技ETF,2019-08-16,20190816,SH,515000
515010.SH,2023-01-03,1.0,0,719,719,券商ETF基金,2019-11-07,20191107,SH,515010
515020.SH,2023-01-03,1.0,0,719,719,银行ETF基金,2019-12-03,20191203,SH,515020
515030.SH,2023-01-03,1.0,0,719,719,新能源车ETF,2020-03-04,20200304,SH,515030
515050.SH,2023-01-03,1.0,0,719,719,5G通信ETF,2019-10-16,20191016,SH,515050
515060.SH,2023-01-03,1.0,0,719,719,房地产ETF基金,2020-01-03,20200103,SH,515060
515070.SH,2023-01-03,1.0,0,719,719,人工智能AIETF,2019-12-24,20191224,SH,515070
515080.SH,2023-01-03,1.0,0,719,719,中证红利ETF,2019-12-27,20191227,SH,515080
515100.SH,2023-01-03,1.0,0,719,719,红利低波100ETF,2020-07-03,20200703,SH,515100
515110.SH,2023-01-03,1.0,0,719,719,一带一路ETF易方达,2020-01-15,20200115,SH,515110
515120.SH,2023-01-03,1.0,0,719,719,创新药ETF,2021-01-04,20210104,SH,515120
515130.SH,2023-01-03,1.0,0,719,719,沪深300ETF博时,2020-05-11,20200511,SH,515130
515150.SH,2023-01-03,1.0,0,719,719,一带一路ETF,2020-01-15,20200115,SH,515150
515160.SH,2023-01-03,1.0,0,719,719,MSCI中国ETF招商,2020-03-02,20200302,SH,515160
515170.SH,2023-01-03,1.0,0,719,719,食品饮料ETF,2021-01-13,20210113,SH,515170
515180.SH,2023-01-03,1.0,0,719,719,红利ETF易方达,2019-12-20,20191220,SH,515180
515200.SH,2023-01-03,1.0,0,719,719,创新100ETF,2019-11-15,20191115,SH,515200
515210.SH,2023-01-03,1.0,0,719,719,钢铁ETF,2020-03-02,20200302,SH,515210
515220.SH,2023-01-03,1.0,0,719,719,煤炭ETF,2020-03-02,20200302,SH,515220
515230.SH,2023-01-03,1.0,0,719,719,软件ETF,2021-03-02,20210302,SH,515230
515250.SH,2023-01-03,1.0,0,719,719,智能汽车ETF,2021-01-08,20210108,SH,515250
515260.SH,2023-01-03,1.0,0,719,719,电子ETF,2020-07-31,20200731,SH,515260
515290.SH,2023-01-03,1.0,0,719,719,银行ETF天弘,2020-12-28,20201228,SH,515290
515300.SH,2023-01-03,1.0,0,719,719,300红利低波ETF,2019-09-19,20190919,SH,515300
515310.SH,2023-01-03,1.0,0,719,719,沪深300指数ETF,2019-12-25,20191225,SH,515310
515320.SH,2023-01-03,1.0,0,719,719,电子50ETF,2021-01-08,20210108,SH,515320
515330.SH,2023-01-03,1.0,0,719,719,沪深300ETF天弘,2019-12-26,20191226,SH,515330
515350.SH,2023-01-03,1.0,0,719,719,民生加银300ETF,2020-02-07,20200207,SH,515350
515380.SH,2023-01-03,1.0,0,719,719,沪深300ETF泰康,2020-03-23,20200323,SH,515380
515390.SH,2023-01-03,1.0,0,719,719,沪深300ETF指数基金,2020-01-10,20200110,SH,515390
515400.SH,2023-01-03,1.0,0,719,719,大数据ETF,2021-01-20,20210120,SH,515400
515450.SH,2023-01-03,1.0,0,719,719,红利低波50ETF,2020-02-26,20200226,SH,515450
515530.SH,2023-01-03,1.0,0,719,719,中证500ETF泰康,2020-11-09,20201109,SH,515530
515560.SH,2023-01-03,1.0,0,719,719,证券ETF建信,2020-07-20,20200720,SH,515560
515580.SH,2023-01-03,1.0,0,719,719,科技100ETF,2019-10-28,20191028,SH,515580
515600.SH,2023-01-03,1.0,0,719,719,央企创新ETF,2019-12-18,20191218,SH,515600
515630.SH,2023-01-03,1.0,0,719,719,保险证券ETF,2020-04-03,20200403,SH,515630
515650.SH,2023-01-03,1.0,0,719,719,消费50ETF,2019-11-11,20191111,SH,515650
515660.SH,2023-01-03,1.0,0,719,719,沪深300ETF国联安,2019-12-24,20191224,SH,515660
515680.SH,2023-01-03,1.0,0,719,719,央企创新ETF嘉实,2019-12-18,20191218,SH,515680
515700.SH,2023-01-03,1.0,0,719,719,新能车ETF,2020-02-10,20200210,SH,515700
515710.SH,2023-01-03,1.0,0,719,719,食品饮料ETF华宝,2021-01-07,20210107,SH,515710
515750.SH,2023-01-03,1.0,0,719,719,科技50ETF,2019-12-06,20191206,SH,515750
515760.SH,2023-01-03,1.0,0,719,719,浙江国资ETF,2020-10-12,20201012,SH,515760
515770.SH,2023-01-03,1.0,0,719,719,摩根MSCIAETF,2020-06-19,20200619,SH,515770
515790.SH,2023-01-03,1.0,0,719,719,光伏ETF,2020-12-18,20201218,SH,515790
515800.SH,2023-01-03,1.0,0,719,719,800ETF,2019-12-16,20191216,SH,515800
515810.SH,2023-01-03,1.0,0,719,719,中证800ETF,2019-10-25,20191025,SH,515810
515850.SH,2023-01-03,1.0,0,719,719,证券ETF富国,2020-02-21,20200221,SH,515850
515860.SH,2023-01-03,1.0,0,719,719,科技ETF嘉实,2019-10-22,20191022,SH,515860
515880.SH,2023-01-03,1.0,0,719,719,通信ETF,2019-09-06,20190906,SH,515880
515890.SH,2023-01-03,1.0,0,719,719,红利ETF博时,2020-04-20,20200420,SH,515890
515900.SH,2023-01-03,1.0,0,719,719,央企创新驱动ETF,2019-12-18,20191218,SH,515900
515910.SH,2023-01-03,1.0,0,719,719,质量ETF,2021-02-26,20210226,SH,515910
515920.SH,2023-01-03,1.0,0,719,719,智能消费ETF,2021-01-20,20210120,SH,515920
515950.SH,2023-01-03,1.0,0,719,719,医药龙头ETF,2020-04-01,20200401,SH,515950
515960.SH,2023-01-03,1.0,0,719,719,医药ETF嘉实,2020-06-10,20200610,SH,515960
515980.SH,2023-01-03,1.0,0,719,719,人工智能ETF,2020-02-10,20200210,SH,515980
515990.SH,2023-01-03,1.0,0,719,719,国企一带一路ETF,2020-01-15,20200115,SH,515990
516000.SH,2023-01-03,1.0,0,719,719,数据ETF,2021-03-01,20210301,SH,516000
516010.SH,2023-01-03,1.0,0,719,719,游戏ETF,2021-03-05,20210305,SH,516010
516020.SH,2023-01-03,1.0,0,719,719,化工ETF,2021-03-08,20210308,SH,516020
516050.SH,2023-01-03,1.0,0,719,719,科技龙头ETF,2021-02-05,20210205,SH,516050
516060.SH,2023-01-03,1.0,0,719,719,创新药产业ETF,2021-03-01,20210301,SH,516060
516070.SH,2023-01-03,1.0,0,719,719,低碳ETF易方达,2021-04-23,20210423,SH,516070
516080.SH,2023-01-03,1.0,0,719,719,创新药ETF易方达,2021-02-23,20210223,SH,516080
516090.SH,2023-01-03,1.0,0,719,719,新能源ETF易方达,2021-03-19,20210319,SH,516090
516100.SH,2023-01-03,1.0,0,719,719,金融科技ETF华夏,2021-07-23,20210723,SH,516100
516110.SH,2023-01-03,1.0,0,719,719,汽车ETF,2021-05-07,20210507,SH,516110
516120.SH,2023-01-03,1.0,0,719,719,化工50ETF,2021-03-09,20210309,SH,516120
516130.SH,2023-01-03,1.0,0,719,719,消费龙头ETF,2021-10-13,20211013,SH,516130
516150.SH,2023-01-03,1.0,0,719,719,稀土ETF嘉实,2021-03-17,20210317,SH,516150
516160.SH,2023-01-03,1.0,0,719,719,新能源ETF,2021-02-04,20210204,SH,516160
516180.SH,2023-01-03,1.0,0,719,719,光伏ETF基金,2021-03-03,20210303,SH,516180
516190.SH,2023-01-03,1.0,0,719,719,文娱传媒ETF,2021-09-17,20210917,SH,516190
516200.SH,2023-01-03,1.0,0,719,719,证券ETF指数基金,2021-03-22,20210322,SH,516200
516210.SH,2023-01-03,1.0,0,719,719,银行ETF指数基金,2021-09-24,20210924,SH,516210
516220.SH,2023-01-03,1.0,0,719,719,化工龙头ETF,2021-03-10,20210310,SH,516220
516260.SH,2023-01-03,1.0,0,719,719,物联网50ETF,2021-08-02,20210802,SH,516260
516270.SH,2023-01-03,1.0,0,719,719,新能源50ETF,2021-07-23,20210723,SH,516270
516290.SH,2023-01-03,1.0,0,719,719,光伏龙头ETF,2021-08-23,20210823,SH,516290
516300.SH,2023-01-03,1.0,0,719,719,中证1000ETF华泰柏瑞,2021-03-24,20210324,SH,516300
516310.SH,2023-01-03,1.0,0,719,719,银行ETF易方达,2021-05-28,20210528,SH,516310
516320.SH,2023-01-03,1.0,0,719,719,高端装备ETF,2021-06-08,20210608,SH,516320
516330.SH,2023-01-03,1.0,0,719,719,物联网ETF,2021-04-09,20210409,SH,516330
516350.SH,2023-01-03,1.0,0,719,719,芯片ETF易方达,2021-12-23,20211223,SH,516350
516360.SH,2023-01-03,1.0,0,719,719,新材料ETF,2021-05-13,20210513,SH,516360
516380.SH,2023-01-03,1.0,0,719,719,智能电动车ETF,2021-06-18,20210618,SH,516380
516390.SH,2023-01-03,1.0,0,719,719,新能源汽车ETF,2021-06-18,20210618,SH,516390
516500.SH,2023-01-03,1.0,0,719,719,生物科技ETF,2021-03-17,20210317,SH,516500
516510.SH,2023-01-03,1.0,0,719,719,云计算ETF,2021-04-07,20210407,SH,516510
516520.SH,2023-01-03,1.0,0,719,719,智能驾驶ETF,2021-03-01,20210301,SH,516520
516530.SH,2023-01-03,1.0,0,719,719,物流快递ETF,2022-01-17,20220117,SH,516530
516550.SH,2023-01-03,1.0,0,719,719,农业ETF,2021-04-08,20210408,SH,516550
516560.SH,2023-01-03,1.0,0,719,719,养老ETF,2021-09-16,20210916,SH,516560
516570.SH,2023-01-03,1.0,0,719,719,化工行业ETF,2021-06-18,20210618,SH,516570
516580.SH,2023-01-03,1.0,0,719,719,新能源主题ETF,2021-07-26,20210726,SH,516580
516590.SH,2023-01-03,1.0,0,719,719,智能汽车ETF易方达,2021-05-12,20210512,SH,516590
516600.SH,2023-01-03,1.0,0,719,719,消费服务ETF,2021-02-26,20210226,SH,516600
516610.SH,2023-01-03,1.0,0,719,719,医疗服务ETF,2021-05-13,20210513,SH,516610
516620.SH,2023-01-03,1.0,0,719,719,影视ETF,2021-11-05,20211105,SH,516620
516630.SH,2023-01-03,1.0,0,719,719,云计算50ETF,2021-09-03,20210903,SH,516630
516640.SH,2023-01-03,1.0,0,719,719,芯片龙头ETF,2021-08-27,20210827,SH,516640
516650.SH,2023-01-03,1.0,0,719,719,有色金属ETF基金,2021-06-21,20210621,SH,516650
516660.SH,2023-01-03,1.0,0,719,719,新能源车ETF基金,2021-02-26,20210226,SH,516660
516670.SH,2023-01-03,1.0,0,719,719,畜牧养殖ETF,2021-03-26,20210326,SH,516670
516700.SH,2023-01-03,1.0,0,719,719,大数据ETF华宝,2021-05-19,20210519,SH,516700
516710.SH,2023-01-03,1.0,0,719,719,新材料50ETF,2021-08-17,20210817,SH,516710
516730.SH,2023-01-03,1.0,0,719,719,证券公司ETF,2021-11-12,20211112,SH,516730
516750.SH,2023-01-03,1.0,0,719,719,建材ETF,2021-11-05,20211105,SH,516750
516760.SH,2023-01-03,1.0,0,719,719,养殖ETF,2021-03-12,20210312,SH,516760
516770.SH,2023-01-03,1.0,0,719,719,游戏ETF华泰柏瑞,2021-03-05,20210305,SH,516770
516780.SH,2023-01-03,1.0,0,719,719,稀土ETF,2021-03-08,20210308,SH,516780
516790.SH,2023-01-03,1.0,0,719,719,医疗ETF华泰柏瑞,2021-08-23,20210823,SH,516790
516800.SH,2023-01-03,1.0,0,719,719,智能制造ETF,2021-02-19,20210219,SH,516800
516810.SH,2023-01-03,1.0,0,719,719,农业50ETF,2022-01-11,20220111,SH,516810
516820.SH,2023-01-03,1.0,0,719,719,医疗创新ETF,2021-07-01,20210701,SH,516820
516830.SH,2023-01-03,1.0,0,719,719,300ESGETF,2021-07-05,20210705,SH,516830
516850.SH,2023-01-03,1.0,0,719,719,新能源ETF基金,2021-03-19,20210319,SH,516850
516860.SH,2023-01-03,1.0,0,719,719,金融科技ETF,2021-10-11,20211011,SH,516860
516880.SH,2023-01-03,1.0,0,719,719,光伏50ETF,2021-01-18,20210118,SH,516880
516890.SH,2023-01-03,1.0,0,719,719,新材料ETF指数基金,2021-07-28,20210728,SH,516890
516910.SH,2023-01-03,1.0,0,719,719,物流ETF,2021-06-11,20210611,SH,516910
516920.SH,2023-01-03,1.0,0,719,719,芯片50ETF,2021-08-16,20210816,SH,516920
516930.SH,2023-01-03,1.0,0,719,719,生物科技ETF基金,2021-08-18,20210818,SH,516930
516950.SH,2023-01-03,1.0,0,719,719,基建ETF,2021-05-14,20210514,SH,516950
516960.SH,2023-01-03,1.0,0,719,719,机械ETF,2021-05-07,20210507,SH,516960
516970.SH,2023-01-03,1.0,0,719,719,基建50ETF,2021-07-05,20210705,SH,516970
517000.SH,2023-01-03,1.0,0,719,719,沪港深500ETF,2021-03-05,20210305,SH,517000
517030.SH,2023-01-03,1.0,0,719,719,沪港深300ETF易方达,2021-09-27,20210927,SH,517030
517050.SH,2023-01-03,1.0,0,719,719,互联网ETF华泰柏瑞,2021-02-08,20210208,SH,517050
517080.SH,2023-01-03,1.0,0,719,719,沪港深500ETF基金,2021-02-22,20210222,SH,517080
517090.SH,2023-01-03,1.0,0,719,719,央企共赢ETF,2021-12-28,20211228,SH,517090
517100.SH,2023-01-03,1.0,0,719,719,AH500ETF,2021-03-02,20210302,SH,517100
517110.SH,2023-01-03,1.0,0,719,719,创新药ETF国泰,2021-09-30,20210930,SH,517110
517120.SH,2023-01-03,1.0,0,719,719,创新药ETF华泰柏瑞,2021-07-19,20210719,SH,517120
517180.SH,2023-01-03,1.0,0,719,719,中国国企ETF,2021-12-28,20211228,SH,517180
517200.SH,2023-01-03,1.0,0,719,719,互联网ETF,2021-02-08,20210208,SH,517200
517300.SH,2023-01-03,1.0,0,719,719,沪港深300ETF,2021-02-24,20210224,SH,517300
517350.SH,2023-01-03,1.0,0,719,719,沪港深科技ETF广发,2021-06-03,20210603,SH,517350
517360.SH,2023-01-03,1.0,0,719,719,科技ETF沪港深,2021-07-05,20210705,SH,517360
517380.SH,2023-01-03,1.0,0,719,719,创新药ETF天弘,2021-08-09,20210809,SH,517380
517390.SH,2023-01-03,1.0,0,719,719,云计算ETF天弘,2021-12-23,20211223,SH,517390
517550.SH,2023-01-03,1.0,0,719,719,消费ETF沪港深,2022-02-08,20220208,SH,517550
517660.SH,2023-01-03,1.0,0,719,719,物联网ETF天弘,2021-10-25,20211025,SH,517660
517770.SH,2023-01-03,1.0,0,719,719,游戏传媒ETF,2021-12-03,20211203,SH,517770
517800.SH,2023-01-03,1.0,0,719,719,人工智能50ETF,2021-08-26,20210826,SH,517800
517850.SH,2023-01-03,1.0,0,719,719,张江ETF,2022-05-16,20220516,SH,517850
517900.SH,2023-01-03,1.0,0,719,719,银行AH优选ETF,2022-03-25,20220325,SH,517900
517990.SH,2023-01-03,1.0,0,719,719,医药ETF沪港深,2022-05-19,20220519,SH,517990
518600.SH,2023-01-03,1.0,0,719,719,上海金ETF,2020-08-05,20200805,SH,518600
518660.SH,2023-01-03,1.0,0,719,719,黄金ETF基金,2020-05-29,20200529,SH,518660
518680.SH,2023-01-03,1.0,0,719,719,金ETF,2020-07-28,20200728,SH,518680
518800.SH,2023-01-03,1.0,0,719,719,黄金基金ETF,2013-07-29,20130729,SH,518800
518850.SH,2023-01-03,1.0,0,719,719,黄金ETF华夏,2020-06-05,20200605,SH,518850
518860.SH,2023-01-03,1.0,0,719,719,黄金ETFAU,2020-09-07,20200907,SH,518860
518880.SH,2023-01-03,1.0,0,719,719,黄金ETF,2013-07-29,20130729,SH,518880
518890.SH,2023-01-03,1.0,0,719,719,中银上海金ETF,2020-09-28,20200928,SH,518890
560000.SH,2023-01-03,1.0,0,719,719,智慧电车ETF,2021-09-30,20210930,SH,560000
560010.SH,2023-01-03,1.0,0,719,719,中证1000ETF指数,2022-08-04,20220804,SH,560010
560050.SH,2023-01-03,1.0,0,719,719,MSCI中国A50ETF,2021-11-08,20211108,SH,560050
560060.SH,2023-01-03,1.0,0,719,719,碳中和ETF,2022-07-21,20220721,SH,560060
560080.SH,2023-01-03,1.0,0,719,719,中药ETF,2022-10-17,20221017,SH,560080
560100.SH,2023-01-03,1.0,0,719,719,中证500增强ETF,2022-02-16,20220216,SH,560100
560110.SH,2023-01-03,1.0,0,719,719,中证1000ETF基金,2022-08-08,20220808,SH,560110
560500.SH,2023-01-03,1.0,0,719,719,500质量成长ETF,2021-09-01,20210901,SH,560500
560550.SH,2023-01-03,1.0,0,719,719,碳中和ETF龙头,2022-07-19,20220719,SH,560550
560560.SH,2023-01-03,1.0,0,719,719,碳中和ETF泰康,2021-09-13,20210913,SH,560560
560660.SH,2023-01-03,1.0,0,719,719,云50ETF,2021-08-25,20210825,SH,560660
560680.SH,2023-01-03,1.0,0,719,719,消费ETF龙头,2022-10-31,20221031,SH,560680
560800.SH,2023-01-03,1.0,0,719,719,数字经济ETF,2022-01-07,20220107,SH,560800
560880.SH,2023-01-03,1.0,0,719,719,家电ETF龙头,2022-04-12,20220412,SH,560880
560900.SH,2023-01-03,1.0,0,719,719,创新药企ETF,2022-06-02,20220602,SH,560900
560980.SH,2023-01-03,1.0,0,719,719,光伏ETF龙头,2022-11-29,20221129,SH,560980
560990.SH,2023-01-03,1.0,0,719,719,中金科技先锋ETF,2022-06-27,20220627,SH,560990
561100.SH,2023-01-03,1.0,0,719,719,消费电子ETF富国,2022-02-08,20220208,SH,561100
561120.SH,2023-01-03,1.0,0,719,719,家电ETF,2022-02-15,20220215,SH,561120
561130.SH,2023-01-03,1.0,0,719,719,国货ETF,2021-10-18,20211018,SH,561130
561160.SH,2023-01-03,1.0,0,719,719,锂电池ETF,2022-07-08,20220708,SH,561160
561190.SH,2023-01-03,1.0,0,719,719,双碳ETF,2022-07-19,20220719,SH,561190
561300.SH,2023-01-03,1.0,0,719,719,300增强ETF,2021-12-10,20211210,SH,561300
561310.SH,2023-01-03,1.0,0,719,719,消电ETF,2021-11-25,20211125,SH,561310
561320.SH,2023-01-03,1.0,0,719,719,交运ETF,2022-12-08,20221208,SH,561320
561330.SH,2023-01-03,1.0,0,719,719,矿业ETF,2022-11-01,20221101,SH,561330
561350.SH,2023-01-03,1.0,0,719,719,国泰中证500ETF,2021-09-01,20210901,SH,561350
561500.SH,2023-01-03,1.0,0,719,719,漂亮50ETF,2021-06-28,20210628,SH,561500
561510.SH,2023-01-03,1.0,0,719,719,中药ETF华泰柏瑞,2022-08-04,20220804,SH,561510
561550.SH,2023-01-03,1.0,0,719,719,500增强ETF,2021-12-10,20211210,SH,561550
561560.SH,2023-01-03,1.0,0,719,719,电力ETF,2022-05-16,20220516,SH,561560
561590.SH,2023-01-03,1.0,0,719,719,中证1000增强ETF,2022-12-12,20221212,SH,561590
561600.SH,2023-01-03,1.0,0,719,719,消费电子ETF,2021-09-09,20210909,SH,561600
561700.SH,2023-01-03,1.0,0,719,719,电力ETF基金,2022-07-15,20220715,SH,561700
561800.SH,2023-01-03,1.0,0,719,719,稀有金属ETF基金,2021-08-24,20210824,SH,561800
561900.SH,2023-01-03,1.0,0,719,719,沪深300ESGETF,2021-07-15,20210715,SH,561900
561910.SH,2023-01-03,1.0,0,719,719,电池ETF,2021-08-12,20210812,SH,561910
561990.SH,2023-01-03,1.0,0,719,719,沪深300增强ETF,2021-12-10,20211210,SH,561990
562000.SH,2023-01-03,1.0,0,719,719,中证A100ETF基金,2022-08-01,20220801,SH,562000
562010.SH,2023-01-03,1.0,0,719,719,绿色能源ETF,2023-01-03,20230103,SH,562010
562300.SH,2023-01-03,1.0,0,719,719,碳中和ETF基金,2022-01-05,20220105,SH,562300
562310.SH,2023-01-03,1.0,0,719,719,沪深300成长ETF,2022-09-09,20220909,SH,562310
562350.SH,2023-01-03,1.0,0,719,719,电力指数ETF,2022-07-12,20220712,SH,562350
562360.SH,2023-01-03,1.0,0,719,719,机器人ETF基金,2021-10-15,20211015,SH,562360
562390.SH,2023-01-03,1.0,0,719,719,中药50ETF,2022-07-28,20220728,SH,562390
562500.SH,2023-01-03,1.0,0,719,719,机器人ETF,2021-12-29,20211229,SH,562500
562510.SH,2023-01-03,1.0,0,719,719,旅游ETF,2021-12-30,20211230,SH,562510
562520.SH,2023-01-03,1.0,0,719,719,中证1000成长ETF,2022-03-22,20220322,SH,562520
562530.SH,2023-01-03,1.0,0,719,719,中证1000价值ETF,2022-08-12,20220812,SH,562530
562800.SH,2023-01-03,1.0,0,719,719,稀有金属ETF,2021-09-27,20210927,SH,562800
562880.SH,2023-01-03,1.0,0,719,719,电池ETF嘉实,2021-07-20,20210720,SH,562880
562900.SH,2023-01-03,1.0,0,719,719,农业ETF易方达,2021-12-13,20211213,SH,562900
562910.SH,2023-01-03,1.0,0,719,719,高端制造ETF,2022-01-10,20220110,SH,562910
562950.SH,2023-01-03,1.0,0,719,719,消费电子ETF易方达,2022-01-20,20220120,SH,562950
562990.SH,2023-01-03,1.0,0,719,719,碳中和ETF易方达,2022-07-19,20220719,SH,562990
563000.SH,2023-01-03,1.0,0,719,719,中国A50ETF,2021-11-08,20211108,SH,563000
588000.SH,2023-01-03,1.0,0,719,719,科创50ETF,2020-11-16,20201116,SH,588000
588010.SH,2023-01-03,1.0,0,719,719,科创新材料ETF,2022-10-26,20221026,SH,588010
588050.SH,2023-01-03,1.0,0,719,719,科创ETF,2020-11-16,20201116,SH,588050
588060.SH,2023-01-03,1.0,0,719,719,科创50ETF龙头,2021-07-29,20210729,SH,588060
588080.SH,2023-01-03,1.0,0,719,719,科创板50ETF,2020-11-16,20201116,SH,588080
588090.SH,2023-01-03,1.0,0,719,719,科创板ETF,2020-11-16,20201116,SH,588090
588100.SH,2023-01-03,1.0,0,719,719,科创信息技术ETF,2022-05-27,20220527,SH,588100
588150.SH,2023-01-03,1.0,0,719,719,科创50ETF南方,2021-12-20,20211220,SH,588150
588160.SH,2023-01-03,1.0,0,719,719,科创材料ETF,2022-10-26,20221026,SH,588160
588180.SH,2023-01-03,1.0,0,719,719,科创50ETF基金,2021-07-01,20210701,SH,588180
588200.SH,2023-01-03,1.0,0,719,719,科创芯片ETF,2022-10-26,20221026,SH,588200
588260.SH,2023-01-03,1.0,0,719,719,科创信息ETF,2022-05-27,20220527,SH,588260
588280.SH,2023-01-03,1.0,0,719,719,科创50ETF指数基金,2021-10-29,20211029,SH,588280
588290.SH,2023-01-03,1.0,0,719,719,科创芯片ETF基金,2022-10-26,20221026,SH,588290
588300.SH,2023-01-03,1.0,0,719,719,双创ETF,2021-07-05,20210705,SH,588300
588310.SH,2023-01-03,1.0,0,719,719,双创ETF基金,2021-12-02,20211202,SH,588310
588330.SH,2023-01-03,1.0,0,719,719,双创龙头ETF,2021-07-06,20210706,SH,588330
588350.SH,2023-01-03,1.0,0,719,719,双创50ETF基金,2022-11-10,20221110,SH,588350
588360.SH,2023-01-03,1.0,0,719,719,科创创业ETF,2021-07-06,20210706,SH,588360
588370.SH,2023-01-03,1.0,0,719,719,科创50增强ETF南方,2022-12-13,20221213,SH,588370
588380.SH,2023-01-03,1.0,0,719,719,双创50ETF,2021-07-06,20210706,SH,588380
588390.SH,2023-01-03,1.0,0,719,719,科创创业50ETF,2021-08-30,20210830,SH,588390
588400.SH,2023-01-03,1.0,0,719,719,科创创业ETF嘉实,2021-07-05,20210705,SH,588400
159617.SZ,2023-01-03,0.9986091794158554,1,719,718,500价值ETF,2022-06-30,20220630,SZ,159617
159620.SZ,2023-01-03,0.9986091794158554,1,719,718,500成长ETF,2022-08-05,20220805,SZ,159620
159627.SZ,2023-01-03,0.9986091794158554,1,719,718,A100ETF,2022-11-30,20221130,SZ,159627
159630.SZ,2023-01-03,0.9986091794158554,1,719,718,A100ETF基金,2022-11-01,20221101,SZ,159630
159662.SZ,2023-01-03,0.9986091794158554,1,719,718,交运ETF,2022-12-01,20221201,SZ,159662
159677.SZ,2023-01-03,0.9986091794158554,1,719,718,1000增强ETF,2022-12-05,20221205,SZ,159677
159701.SZ,2023-01-03,0.9986091794158554,1,719,718,物联网ETF招商,2021-12-23,20211223,SZ,159701
159711.SZ,2023-01-03,0.9986091794158554,1,719,718,港股通ETF,2021-12-28,20211228,SZ,159711
159719.SZ,2023-01-03,0.9986091794158554,1,719,718,国企共赢ETF,2021-12-28,20211228,SZ,159719
159723.SZ,2023-01-03,0.9986091794158554,1,719,718,科技龙头ETF,2021-10-15,20211015,SZ,159723
159731.SZ,2023-01-03,0.9986091794158554,1,719,718,石化ETF,2021-12-10,20211210,SZ,159731
159750.SZ,2023-01-03,0.9986091794158554,1,719,718,港股科技50ETF,2022-02-14,20220214,SZ,159750
159793.SZ,2023-01-03,0.9986091794158554,1,719,718,线上消费ETF基金,2021-11-24,20211124,SZ,159793
159816.SZ,2023-01-03,0.9986091794158554,1,719,718,0-4地债ETF,2020-09-04,20200904,SZ,159816
159862.SZ,2023-01-03,0.9986091794158554,1,719,718,食品ETF,2021-11-08,20211108,SZ,159862
159877.SZ,2023-01-03,0.9986091794158554,1,719,718,医疗ETF南方,2021-11-03,20211103,SZ,159877
160218.SZ,2023-01-03,0.9986091794158554,1,719,718,房地产LOF,2021-01-20,20210120,SZ,160218
160311.SZ,2023-01-03,0.9986091794158554,1,719,718,华夏蓝筹LOF,2007-05-28,20070528,SZ,160311
160633.SZ,2023-01-03,0.9986091794158554,1,719,718,券商LOF,2021-01-18,20210118,SZ,160633
160637.SZ,2023-01-03,0.9986091794158554,1,719,718,创业板LOF基金,2021-01-18,20210118,SZ,160637
161030.SZ,2023-01-03,0.9986091794158554,1,719,718,体育LOF,2021-01-19,20210119,SZ,161030
161032.SZ,2023-01-03,0.9986091794158554,1,719,718,煤炭龙头LOF,2021-01-18,20210118,SZ,161032
161039.SZ,2023-01-03,0.9986091794158554,1,719,718,1000增强LOF,2018-06-20,20180620,SZ,161039
161724.SZ,2023-01-03,0.9986091794158554,1,719,718,煤炭等权LOF,2021-01-22,20210122,SZ,161724
161812.SZ,2023-01-03,0.9986091794158554,1,719,718,深证100LOF,2021-01-20,20210120,SZ,161812
161914.SZ,2023-01-03,0.9986091794158554,1,719,718,创业板2年定开,2021-03-01,20210301,SZ,161914
163118.SZ,2023-01-03,0.9986091794158554,1,719,718,医药生物LOF,2021-01-25,20210125,SZ,163118
163503.SZ,2023-01-03,0.9986091794158554,1,719,718,天治核心LOF,2007-07-30,20070730,SZ,163503
166001.SZ,2023-01-03,0.9986091794158554,1,719,718,中欧趋势LOF,2007-04-23,20070423,SZ,166001
180301.SZ,2023-01-03,0.9986091794158554,1,719,718,红土创新盐田港REIT,2021-06-21,20210621,SZ,180301
501215.SH,2023-01-03,0.9986091794158554,1,719,718,积极配置FOF,2021-11-19,20211119,SH,501215
501302.SH,2023-01-03,0.9986091794158554,1,719,718,恒生指数基金LOF,2017-08-15,20170815,SH,501302
502000.SH,2023-01-03,0.9986091794158554,1,719,718,500增强LOF,2015-04-27,20150427,SH,502000
502003.SH,2023-01-03,0.9986091794158554,1,719,718,军工LOF,2015-07-15,20150715,SH,502003
506001.SH,2023-01-03,0.9986091794158554,1,719,718,万家科创板,2021-02-03,20210203,SH,506001
506008.SH,2023-01-03,0.9986091794158554,1,719,718,科创板长城,2022-03-28,20220328,SH,506008
508000.SH,2023-01-03,0.9986091794158554,1,719,718,华安张江产业园REIT,2021-06-21,20210621,SH,508000
508021.SH,2023-01-03,0.9986091794158554,1,719,718,国泰海通临港创新产业园REIT,2022-10-13,20221013,SH,508021
508056.SH,2023-01-03,0.9986091794158554,1,719,718,中金普洛斯REIT,2021-06-21,20210621,SH,508056
508058.SH,2023-01-03,0.9986091794158554,1,719,718,中金厦门安居REIT,2022-08-31,20220831,SH,508058
508088.SH,2023-01-03,0.9986091794158554,1,719,718,国泰海通东久新经济REIT,2022-10-14,20221014,SH,508088
510100.SH,2023-01-03,0.9986091794158554,1,719,718,上证50ETF易方达,2019-10-09,20191009,SH,510100
512820.SH,2023-01-03,0.9986091794158554,1,719,718,银行ETF龙头,2018-11-23,20181123,SH,512820
513030.SH,2023-01-03,0.9986091794158554,1,719,718,德国ETF,2014-09-05,20140905,SH,513030
513080.SH,2023-01-03,0.9986091794158554,1,719,718,法国CAC40ETF,2020-06-12,20200612,SH,513080
513360.SH,2023-01-03,0.9986091794158554,1,719,718,教育ETF,2021-06-17,20210617,SH,513360
515090.SH,2023-01-03,0.9986091794158554,1,719,718,可持续发展ETF,2020-02-20,20200220,SH,515090
516900.SH,2023-01-03,0.9986091794158554,1,719,718,食品饮料ETF基金,2021-04-28,20210428,SH,516900
517010.SH,2023-01-03,0.9986091794158554,1,719,718,沪港深500ETF易方达,2021-08-12,20210812,SH,517010
517880.SH,2023-01-03,0.9986091794158554,1,719,718,品牌消费ETF,2021-12-01,20211201,SH,517880
561180.SH,2023-01-03,0.9986091794158554,1,719,718,A100ETF,2022-11-21,20221121,SH,561180
159612.SZ,2023-01-03,0.9972183588317107,1,719,717,标普500ETF,2022-05-20,20220520,SZ,159612
159645.SZ,2023-01-03,0.9972183588317107,1,719,717,疫苗ETF富国,2022-09-26,20220926,SZ,159645
159717.SZ,2023-01-03,0.9972183588317107,1,719,717,ESGETF,2021-09-29,20210929,SZ,159717
159777.SZ,2023-01-03,0.9972183588317107,1,719,717,创科技ETF,2021-10-18,20211018,SZ,159777
159896.SZ,2023-01-03,0.9972183588317107,1,719,717,物联网ETF南方,2021-11-24,20211124,SZ,159896
159916.SZ,2023-01-03,0.9972183588317107,1,719,717,深F60ETF,2011-10-24,20111024,SZ,159916
159925.SZ,2023-01-03,0.9972183588317107,1,719,717,沪深300ETF南方,2013-04-11,20130411,SZ,159925
159948.SZ,2023-01-03,0.9972183588317107,1,719,717,创业板ETF南方,2016-05-31,20160531,SZ,159948
159952.SZ,2023-01-03,0.9972183588317107,1,719,717,创业板ETF广发,2017-05-19,20170519,SZ,159952
160133.SZ,2023-01-03,0.9972183588317107,1,719,717,南方天元LOF,2014-08-25,20140825,SZ,160133
160322.SZ,2023-01-03,0.9972183588317107,1,719,717,港股精选LOF,2017-07-24,20170724,SZ,160322
160607.SZ,2023-01-03,0.9972183588317107,2,719,717,鹏华价值优势LOF,2006-09-18,20060918,SZ,160607
161122.SZ,2023-01-03,0.9972183588317107,1,719,717,生物科技LOF,2020-12-15,20201215,SZ,161122
161227.SZ,2023-01-03,0.9972183588317107,1,719,717,国投深证100LOF,2015-08-28,20150828,SZ,161227
163409.SZ,2023-01-03,0.9972183588317107,1,719,717,兴全绿色LOF,2011-07-07,20110707,SZ,163409
163801.SZ,2023-01-03,0.9972183588317107,1,719,717,中银中国LOF,2005-02-23,20050223,SZ,163801
164705.SZ,2023-01-03,0.9972183588317107,1,719,717,恒生LOF,2015-04-13,20150413,SZ,164705
169101.SZ,2023-01-03,0.9972183588317107,1,719,717,东方红睿丰LOF,2015-03-06,20150306,SZ,169101
501046.SH,2023-01-03,0.9972183588317107,1,719,717,财通福鑫定开混合,2017-12-01,20171201,SH,501046
501080.SH,2023-01-03,0.9972183588317107,1,719,717,科创主题投资基金LOF,2019-12-25,20191225,SH,501080
501202.SH,2023-01-03,0.9972183588317107,1,719,717,华泰创新先锋LOF,2020-11-16,20201116,SH,501202
502013.SH,2023-01-03,0.9972183588317107,1,719,717,一带一路LOF,2015-06-09,20150609,SH,502013
502053.SH,2023-01-03,0.9972183588317107,1,719,717,券商LOF,2015-08-24,20150824,SH,502053
508068.SH,2023-01-03,0.9972183588317107,1,719,717,华夏北京保障房REIT,2022-08-31,20220831,SH,508068
515590.SH,2023-01-03,0.9972183588317107,1,719,717,500等权ETF,2020-01-20,20200120,SH,515590
516980.SH,2023-01-03,0.9972183588317107,2,719,717,证券ETF先锋,2021-06-24,20210624,SH,516980
560650.SH,2023-01-03,0.9972183588317107,1,719,717,核心50ETF,2022-06-27,20220627,SH,560650
588460.SH,2023-01-05,0.9972183588317107,2,719,717,科创50增强ETF,2023-01-05,20230105,SH,588460
159621.SZ,2023-01-03,0.9958275382475661,1,719,716,MSCIESGETF,2022-09-09,20220909,SZ,159621
159687.SZ,2023-01-03,0.9958275382475661,1,719,716,亚太精选ETF,2022-12-30,20221230,SZ,159687
159728.SZ,2023-01-03,0.9958275382475661,1,719,716,在线消费ETF,2022-01-11,20220111,SZ,159728
159791.SZ,2023-01-03,0.9958275382475661,1,719,716,300ESGETF,2022-03-08,20220308,SZ,159791
163115.SZ,2023-01-03,0.9958275382475661,1,719,716,申万军工LOF,2021-01-25,20210125,SZ,163115
180101.SZ,2023-01-03,0.9958275382475661,1,719,716,博时蛇口产园REIT,2021-06-21,20210621,SZ,180101
501059.SH,2023-01-03,0.9958275382475661,1,719,716,国企红利LOF,2018-07-26,20180726,SH,501059
511600.SH,2023-01-03,0.9958275382475661,1,719,716,货币ETF,2016-09-09,20160909,SH,511600
517160.SH,2023-01-03,0.9958275382475661,1,719,716,长江保护主题ETF,2022-01-05,20220105,SH,517160
159665.SZ,2023-01-06,0.9958275382475661,3,719,716,半导体龙头ETF,2023-01-06,20230106,SZ,159665
159721.SZ,2023-01-03,0.9944367176634215,3,719,715,深证100ETF永赢,2021-06-25,20210625,SZ,159721
159821.SZ,2023-01-03,0.9944367176634215,1,719,715,BOCI创业板ETF,2020-10-29,20201029,SZ,159821
159907.SZ,2023-01-03,0.9944367176634215,3,719,715,2000ETF,2011-08-10,20110810,SZ,159907
159970.SZ,2023-01-03,0.9944367176634215,1,719,715,深100ETF工银,2020-01-10,20200110,SZ,159970
159976.SZ,2023-01-03,0.9944367176634215,2,719,715,湾创ETF,2020-01-17,20200117,SZ,159976
161037.SZ,2023-01-03,0.9944367176634215,1,719,715,高端制造LOF,2017-05-11,20170511,SZ,161037
161121.SZ,2023-01-03,0.9944367176634215,1,719,715,银行LOF易方达,2020-08-18,20200818,SZ,161121
501062.SH,2023-01-03,0.9944367176634215,3,719,715,南方瑞合LOF,2018-12-05,20181205,SH,501062
501082.SH,2023-01-03,0.9944367176634215,2,719,715,科创投资LOF,2019-12-26,20191226,SH,501082
502010.SH,2023-01-03,0.9944367176634215,1,719,715,证券LOF,2015-07-15,20150715,SH,502010
510130.SH,2023-01-03,0.9944367176634215,1,719,715,上证中盘ETF易方达,2010-06-23,20100623,SH,510130
515360.SH,2023-01-03,0.9944367176634215,1,719,715,方正沪深300ETF,2019-11-01,20191101,SH,515360
517330.SH,2023-01-03,0.9944367176634215,1,719,715,长江保护ETF,2022-01-05,20220105,SH,517330
588320.SH,2023-01-06,0.9944367176634215,3,719,715,双创50ETF增强,2023-01-06,20230106,SH,588320
159716.SZ,2023-01-03,0.9930458970792768,3,719,714,深证100ETF华宝,2021-06-28,20210628,SZ,159716
159895.SZ,2023-01-03,0.9930458970792768,2,719,714,物联网ETF易方达,2021-10-21,20211021,SZ,159895
160135.SZ,2023-01-03,0.9930458970792768,1,719,714,高铁基金LOF,2020-12-15,20201215,SZ,160135
160629.SZ,2023-01-03,0.9930458970792768,2,719,714,传媒LOF,2021-01-18,20210118,SZ,160629
160635.SZ,2023-01-03,0.9930458970792768,1,719,714,医药LOF基金,2016-08-01,20160801,SZ,160635
160644.SZ,2023-01-03,0.9930458970792768,2,719,714,港美互联网LOF,2017-12-29,20171229,SZ,160644
160919.SZ,2023-01-03,0.9930458970792768,2,719,714,产业升级LOF,2015-01-09,20150109,SZ,160919
501081.SH,2023-01-03,0.9930458970792768,1,719,714,科创中欧LOF,2019-09-06,20190906,SH,501081
511860.SH,2023-01-03,0.9930458970792768,2,719,714,保证金货币ETF,2014-12-09,20141209,SH,511860
517170.SH,2023-01-03,0.9930458970792768,2,719,714,沪港深ETF,2021-04-20,20210420,SH,517170
159973.SZ,2023-01-03,0.9916550764951322,2,719,713,民企ETF,2019-08-09,20190809,SZ,159973
161031.SZ,2023-01-03,0.9916550764951322,3,719,713,工业40LOF,2021-01-19,20210119,SZ,161031
165520.SZ,2023-01-03,0.9916550764951322,1,719,713,有色LOF,2021-02-03,20210203,SZ,165520
166006.SZ,2023-01-03,0.9916550764951322,1,719,713,中欧成长LOF,2010-03-26,20100326,SZ,166006
501036.SH,2023-01-03,0.9916550764951322,1,719,713,中证500LOF,2017-10-09,20171009,SH,501036
501085.SH,2023-01-03,0.9916550764951322,1,719,713,财通科创LOF,2020-02-07,20200207,SH,501085
501301.SH,2023-01-03,0.9916550764951322,1,719,713,香港大盘LOF,2017-05-08,20170508,SH,501301
510190.SH,2023-01-03,0.9916550764951322,6,719,713,上证50ETF华安,2011-01-10,20110110,SH,510190
511580.SH,2023-01-03,0.9916550764951322,6,719,713,国债政金债ETF,2022-12-14,20221214,SH,511580
160127.SZ,2023-01-03,0.9902642559109874,1,719,712,南方消费LOF,2020-11-30,20201130,SZ,160127
501075.SH,2023-01-03,0.9902642559109874,2,719,712,科创主题LOF,2019-09-12,20190912,SH,501075
508077.SH,2023-01-03,0.9902642559109874,6,719,712,华夏基金华润有巢REIT,2022-12-09,20221209,SH,508077
516720.SH,2023-01-03,0.9902642559109874,2,719,712,ESGETF,2021-08-13,20210813,SH,516720
159918.SZ,2023-01-03,0.9888734353268428,1,719,711,中创400ETF,2012-05-11,20120511,SZ,159918
160128.SZ,2023-01-03,0.9888734353268428,1,719,711,南方金利定开,2012-07-16,20120716,SZ,160128
160641.SZ,2023-01-03,0.9888734353268428,2,719,711,鹏华丰锐LOF,2015-09-30,20150930,SZ,160641
160916.SZ,2023-01-03,0.9888734353268428,1,719,711,优选LOF,2012-12-28,20121228,SZ,160916
161010.SZ,2023-01-03,0.9888734353268428,3,719,711,富国天丰LOF,2008-12-08,20081208,SZ,161010
501031.SH,2023-01-03,0.9888734353268428,2,719,711,环境治理LOFC,2017-02-20,20170220,SH,501031
160926.SZ,2023-01-03,0.9874826147426982,1,719,710,创业板定开,2021-01-18,20210118,SZ,160926
501010.SH,2023-01-03,0.9874826147426982,1,719,710,生物科技LOFC,2017-02-20,20170220,SH,501010
512180.SH,2023-01-03,0.9874826147426982,1,719,710,MSCIA股ETF基金,2018-05-21,20180521,SH,512180
161035.SZ,2023-01-03,0.9860917941585535,2,719,709,医药增强LOF,2016-11-25,20161125,SZ,161035
165521.SZ,2023-01-03,0.9860917941585535,2,719,709,金融LOF,2021-02-03,20210203,SZ,165521
169104.SZ,2023-01-03,0.9860917941585535,2,719,709,东方红睿满LOF,2017-02-21,20170221,SZ,169104
501201.SH,2023-01-03,0.9860917941585535,1,719,709,科创红土LOF,2021-03-05,20210305,SH,501201
515550.SH,2023-01-03,0.9860917941585535,2,719,709,国联中证500ETF,2019-12-25,20191225,SH,515550
159961.SZ,2023-01-04,0.9847009735744089,2,719,708,深100ETF方正富邦,2018-12-19,20181219,SZ,159961
159933.SZ,2023-01-03,0.9833101529902643,2,719,707,国投金融地产ETF,2013-10-16,20131016,SZ,159933
160125.SZ,2023-01-03,0.9833101529902643,2,719,707,南方香港LOF,2011-11-01,20111101,SZ,160125
515190.SH,2023-01-03,0.9833101529902643,1,719,707,中银证券500ETF,2020-05-27,20200527,SH,515190
160918.SZ,2023-01-03,0.9819193324061196,3,719,706,中小盘LOF,2014-04-30,20140430,SZ,160918
161706.SZ,2023-01-03,0.9819193324061196,4,719,706,招商成长LOF,2005-12-09,20051209,SZ,161706
510010.SH,2023-01-03,0.9819193324061196,2,719,706,180治理ETF,2009-12-15,20091215,SH,510010
160106.SZ,2023-01-03,0.980528511821975,2,719,705,南方高增LOF,2005-09-21,20050921,SZ,160106
160314.SZ,2023-01-03,0.980528511821975,2,719,705,华夏行业LOF,2008-01-14,20080114,SZ,160314
167001.SZ,2023-01-03,0.980528511821975,2,719,705,鼎泰LOF,2016-10-18,20161018,SZ,167001
